,,,,,,,,,,,,,,,,,,,フォーム,,,,,,,,,,,,,,フォーム,,,,,,,,,,,,,,フォーム,,,,,,,,,,,,,,フォーム,,,,,,,,,,,,,,フォーム,,,,,,,,,,,,
日付,曜日,表示回数,クリック数,クリック率,クリック単価,CV,CPA,CVR,消化金額,備考,実獲得数,実CPA,,,,,,,https://franchise.ritzpro.website/page/JekP2xPof3dE,,,,,,,,,,,,,,https://franchise.ritzpro.website/page/KKj1xsiRIY4V,,,,,,,,,,,,,,https://franchise.ritzpro.website/page/LHVbX6bkoHvB,,https://c1.ritzpro.website/,,,,,,,,,,,,,,,,,,,,,,,,,,https://franchise.ritzpro.website/page/CBhr21nKE0fa,,,,,,,,,,,,
全期間合計,,"693,543","7,122",1.03%,¥948,391,"¥17,267",5.49%,"¥6,751,381",,314,"¥21,501",,,,,,,"＜LP1＞
成功するFC多店舗展開 ノウハウセミナー",,,,,,,,,,,,,,"＜LP2＞
成功するFC完全構築ノウハウセミナー",,,,,,,,,,,,,,"＜LP3＞
FC多店舗展開×M＆A戦略セミナー",,,,,,,,,,,,,,"＜LP4＞
美容系サロン多店舗展開セミナー",,https://d1.ritzpro.website/,,,,,,,,,,,,"＜LP5＞
FC　最短ルートセミナー",,https://e1.ritzpro.website/,,,,,,,,,,
,,,,,,,,,,,,,,,,,,,,,,,,,,,,,,,,,,,,,,,,,,,,,,,,,,,,,,,,,,,,,,,,,,,,,,,,,,,,,,,,,,,,,,,
日付,曜日,表示回数,クリック数,クリック率,クリック単価,CV,CPA,CVR,請求金額,,実獲得数,実CPA,,,,,,,日付,曜日,表示回数,クリック数,クリック率,クリック単価,CV,CPA,CVR,請求金額,,実獲得数,実CPA,,日付,曜日,表示回数,クリック数,クリック率,クリック単価,CV,CPA,CVR,請求金額,,実獲得数,実CPA,,日付,曜日,表示回数,クリック数,クリック率,クリック単価,CV,CPA,CVR,請求金額,,実獲得数,実CPA,,,,,,クリック率,クリック単価,,CPA,CVR,,,実獲得数,実CPA,,,,,,クリック率,クリック単価,,CPA,CVR,,,実獲得数,実CPA
2024年8月,,"26,843",222,0.83%,¥754,7,"¥23,898",3.15%,"¥167,287",,8,"¥20,911",,URL,,,,,2024年8月,,"8,587",83,0.97%,¥771,2,"¥31,982",2.41%,"¥63,963",,2,"¥31,982",,2024年8月,,"8,743",66,0.75%,¥779,3,"¥17,147",4.55%,"¥51,440",,4,"¥12,860",,2024年8月,,"9,513",73,0.77%,¥711,2,"¥25,942",2.74%,"¥51,883",,2,"¥25,942",,,,,,-,-,,-,-,,,¥0,-,,,,,,-,-,,-,-,,,¥0,-
2024/08/01,木,0,0,-,-,0,-,-,¥0,,0,-,,"◾️LP1
https://a1.ritzpro.website

◾️LP2
https://b1.ritzpro.website

◾️LP3
https://c1.ritzpro.website

◾️サンクスページ
https://thxa1.ritzpro.website
",,,,,2024/08/01,木,,,-,-,,-,-,¥0,,,-,,2024/08/01,木,,,-,-,,-,-,¥0,,,-,,2024/08/01,木,,,-,-,,-,-,¥0,,,-,,,,,,-,-,,-,-,,,,-,,,,,,-,-,,-,-,,,,-
2024/08/02,金,0,0,-,-,0,-,-,¥0,,0,-,,,,,,,2024/08/02,金,,,-,-,,-,-,¥0,,,-,,2024/08/02,金,,,-,-,,-,-,¥0,,,-,,2024/08/02,金,,,-,-,,-,-,¥0,,,-,,,,,,-,-,,-,-,,,,-,,,,,,-,-,,-,-,,,,-
2024/08/03,土,0,0,-,-,0,-,-,¥0,,0,-,,,,,,,2024/08/03,土,,,-,-,,-,-,¥0,,,-,,2024/08/03,土,,,-,-,,-,-,¥0,,,-,,2024/08/03,土,,,-,-,,-,-,¥0,,,-,,,,,,-,-,,-,-,,,,-,,,,,,-,-,,-,-,,,,-
2024/08/04,日,0,0,-,-,0,-,-,¥0,,0,-,,,,,,,2024/08/04,日,,,-,-,,-,-,¥0,,,-,,2024/08/04,日,,,-,-,,-,-,¥0,,,-,,2024/08/04,日,,,-,-,,-,-,¥0,,,-,,,,,,-,-,,-,-,,,,-,,,,,,-,-,,-,-,,,,-
2024/08/05,月,0,0,-,-,0,-,-,¥0,,0,-,,,,,,,2024/08/05,月,,,-,-,,-,-,¥0,,,-,,2024/08/05,月,,,-,-,,-,-,¥0,,,-,,2024/08/05,月,,,-,-,,-,-,¥0,,,-,,,,,,-,-,,-,-,,,,-,,,,,,-,-,,-,-,,,,-
2024/08/06,火,0,0,-,-,0,-,-,¥0,,0,-,,,,,,,2024/08/06,火,,,-,-,,-,-,¥0,,,-,,2024/08/06,火,,,-,-,,-,-,¥0,,,-,,2024/08/06,火,,,-,-,,-,-,¥0,,,-,,,,,,-,-,,-,-,,,,-,,,,,,-,-,,-,-,,,,-
2024/08/07,水,0,0,-,-,0,-,-,¥0,,0,-,,,,,,,2024/08/07,水,,,-,-,,-,-,¥0,,,-,,2024/08/07,水,,,-,-,,-,-,¥0,,,-,,2024/08/07,水,,,-,-,,-,-,¥0,,,-,,,,,,-,-,,-,-,,,,-,,,,,,-,-,,-,-,,,,-
2024/08/08,木,0,0,-,-,0,-,-,¥0,,0,-,,,,,,,2024/08/08,木,,,-,-,,-,-,¥0,,,-,,2024/08/08,木,,,-,-,,-,-,¥0,,,-,,2024/08/08,木,,,-,-,,-,-,¥0,,,-,,,,,,-,-,,-,-,,,,-,,,,,,-,-,,-,-,,,,-
2024/08/09,金,0,0,-,-,0,-,-,¥0,,0,-,,,,,,,2024/08/09,金,,,-,-,,-,-,¥0,,,-,,2024/08/09,金,,,-,-,,-,-,¥0,,,-,,2024/08/09,金,,,-,-,,-,-,¥0,,,-,,,,,,-,-,,-,-,,,,-,,,,,,-,-,,-,-,,,,-
2024/08/10,土,0,0,-,-,0,-,-,¥0,,0,-,,,,,,,2024/08/10,土,,,-,-,,-,-,¥0,,,-,,2024/08/10,土,,,-,-,,-,-,¥0,,,-,,2024/08/10,土,,,-,-,,-,-,¥0,,,-,,,,,,-,-,,-,-,,,,-,,,,,,-,-,,-,-,,,,-
2024/08/11,日,0,0,-,-,0,-,-,¥0,,0,-,,,,,,,2024/08/11,日,,,-,-,,-,-,¥0,,,-,,2024/08/11,日,,,-,-,,-,-,¥0,,,-,,2024/08/11,日,,,-,-,,-,-,¥0,,,-,,,,,,-,-,,-,-,,,,-,,,,,,-,-,,-,-,,,,-
2024/08/12,月,0,0,-,-,0,-,-,¥0,,0,-,,,,,,,2024/08/12,月,,,-,-,,-,-,¥0,,,-,,2024/08/12,月,,,-,-,,-,-,¥0,,,-,,2024/08/12,月,,,-,-,,-,-,¥0,,,-,,,,,,-,-,,-,-,,,,-,,,,,,-,-,,-,-,,,,-
2024/08/13,火,0,0,-,-,0,-,-,¥0,,0,-,,,,,,,2024/08/13,火,,,-,-,,-,-,¥0,,,-,,2024/08/13,火,,,-,-,,-,-,¥0,,,-,,2024/08/13,火,,,-,-,,-,-,¥0,,,-,,,,,,-,-,,-,-,,,,-,,,,,,-,-,,-,-,,,,-
2024/08/14,水,0,0,-,-,0,-,-,¥0,,0,-,,,,,,,2024/08/14,水,,,-,-,,-,-,¥0,,,-,,2024/08/14,水,,,-,-,,-,-,¥0,,,-,,2024/08/14,水,,,-,-,,-,-,¥0,,,-,,,,,,-,-,,-,-,,,,-,,,,,,-,-,,-,-,,,,-
2024/08/15,木,0,0,-,-,0,-,-,¥0,,0,-,,,,,,,2024/08/15,木,,,-,-,,-,-,¥0,,,-,,2024/08/15,木,,,-,-,,-,-,¥0,,,-,,2024/08/15,木,,,-,-,,-,-,¥0,,,-,,,,,,-,-,,-,-,,,,-,,,,,,-,-,,-,-,,,,-
2024/08/16,金,0,0,-,-,0,-,-,¥0,,0,-,,,,,,,2024/08/16,金,,,-,-,,-,-,¥0,,,-,,2024/08/16,金,,,-,-,,-,-,¥0,,,-,,2024/08/16,金,,,-,-,,-,-,¥0,,,-,,,,,,-,-,,-,-,,,,-,,,,,,-,-,,-,-,,,,-
2024/08/17,土,0,0,-,-,0,-,-,¥0,,0,-,,,,,,,2024/08/17,土,,,-,-,,-,-,¥0,,,-,,2024/08/17,土,,,-,-,,-,-,¥0,,,-,,2024/08/17,土,,,-,-,,-,-,¥0,,,-,,,,,,-,-,,-,-,,,,-,,,,,,-,-,,-,-,,,,-
2024/08/18,日,0,0,-,-,0,-,-,¥0,,0,-,,,,,,,2024/08/18,日,,,-,-,,-,-,¥0,,,-,,2024/08/18,日,,,-,-,,-,-,¥0,,,-,,2024/08/18,日,,,-,-,,-,-,¥0,,,-,,,,,,-,-,,-,-,,,,-,,,,,,-,-,,-,-,,,,-
2024/08/19,月,"5,651",34,0.60%,¥184,0,-,0.00%,"¥6,246",,0,-,,,,,,,2024/08/19,月,"1,217",13,1.07%,¥176,0,-,0.00%,"¥2,284",,,-,,2024/08/19,月,"2,040",13,0.64%,¥148,0,-,0.00%,"¥1,920",,,-,,2024/08/19,月,"2,394",8,0.33%,¥255,0,-,0.00%,"¥2,043",,,-,,,,,,-,-,,-,-,,,,-,,,,,,-,-,,-,-,,,,-
2024/08/20,火,"4,787",41,0.86%,¥385,0,-,0.00%,"¥15,783",,0,-,,,,,,,2024/08/20,火,"1,192",11,0.92%,¥494,0,-,0.00%,"¥5,434",,,-,,2024/08/20,火,"1,852",14,0.76%,¥375,0,-,0.00%,"¥5,244",,,-,,2024/08/20,火,"1,743",16,0.92%,¥319,0,-,0.00%,"¥5,105",,,-,,,,,,-,-,,-,-,,,,-,,,,,,-,-,,-,-,,,,-
2024/08/21,水,"1,871",18,0.96%,"¥1,067",1,"¥19,210",5.56%,"¥19,210",,1,"¥19,210",,,,,,,2024/08/21,水,456,8,1.75%,¥881,1,"¥7,050",12.50%,"¥7,050",,1,"¥7,050",,2024/08/21,水,667,4,0.60%,"¥1,541",0,-,0.00%,"¥6,165",,,-,,2024/08/21,水,748,6,0.80%,¥999,0,-,0.00%,"¥5,995",,,-,,,,,,-,-,,-,-,,,,-,,,,,,-,-,,-,-,,,,-
2024/08/22,木,"1,391",12,0.86%,"¥1,450",0,-,0.00%,"¥17,395",,0,-,,,,,,,2024/08/22,木,419,5,1.19%,"¥1,405",0,-,0.00%,"¥7,023",,,-,,2024/08/22,木,417,3,0.72%,"¥1,529",0,-,0.00%,"¥4,588",,,-,,2024/08/22,木,555,4,0.72%,"¥1,446",0,-,0.00%,"¥5,785",,,-,,,,,,-,-,,-,-,,,,-,,,,,,-,-,,-,-,,,,-
2024/08/23,金,"2,856",12,0.42%,"¥1,010",0,-,0.00%,"¥12,124",,0,-,,8月結果,,,,,2024/08/23,金,648,6,0.93%,¥854,0,-,0.00%,"¥5,126",,,-,,2024/08/23,金,936,2,0.21%,"¥1,694",0,-,0.00%,"¥3,389",,,-,,2024/08/23,金,"1,272",4,0.31%,¥902,0,-,0.00%,"¥3,609",,,-,,,,,,-,-,,-,-,,,,-,,,,,,-,-,,-,-,,,,-
2024/08/24,土,0,0,-,-,0,-,-,¥0,,0,-,,表示回数,"26,843",,,,2024/08/24,土,,,-,-,,-,-,¥0,,,-,,2024/08/24,土,,,-,-,,-,-,¥0,,,-,,2024/08/24,土,,,-,-,,-,-,¥0,,,-,,,,,,-,-,,-,-,,,,-,,,,,,-,-,,-,-,,,,-
2024/08/25,日,0,0,-,-,0,-,-,¥0,,0,-,,クリック数,222,,,,2024/08/25,日,,,-,-,,-,-,¥0,,,-,,2024/08/25,日,,,-,-,,-,-,¥0,,,-,,2024/08/25,日,,,-,-,,-,-,¥0,,,-,,,,,,-,-,,-,-,,,,-,,,,,,-,-,,-,-,,,,-
2024/08/26,月,"3,446",24,0.70%,¥780,1,"¥18,728",4.17%,"¥18,728",,2,"¥9,364",,クリック率,0.83%,,,,2024/08/26,月,"2,032",9,0.44%,"¥1,087",0,-,0.00%,"¥9,780",,1,"¥9,780",,2024/08/26,月,578,8,1.38%,¥552,1,"¥4,419",12.50%,"¥4,419",,1,"¥4,419",,2024/08/26,月,836,7,0.84%,¥647,0,-,0.00%,"¥4,529",,,-,,,,,,-,-,,-,-,,,,-,,,,,,-,-,,-,-,,,,-
2024/08/27,火,"1,560",19,1.22%,¥953,3,"¥6,035",15.79%,"¥18,104",,2,"¥9,052",,クリック単価,¥754,,,,2024/08/27,火,776,9,1.16%,¥954,1,"¥8,584",11.11%,"¥8,584",,0,-,,2024/08/27,火,411,4,0.97%,"¥1,286",1,"¥5,144",25.00%,"¥5,144",,2,"¥2,572",,2024/08/27,火,373,6,1.61%,¥729,1,"¥4,376",16.67%,"¥4,376",,0,-,,,,,,-,-,,-,-,,,,-,,,,,,-,-,,-,-,,,,-
2024/08/28,水,"1,198",14,1.17%,"¥1,071",1,"¥14,994",7.14%,"¥14,994",,1,"¥14,994",,実獲得数,8,,,,2024/08/28,水,410,5,1.22%,"¥1,196",0,-,0.00%,"¥5,980",,0,-,,2024/08/28,水,494,4,0.81%,"¥1,245",0,-,0.00%,"¥4,979",,0,-,,2024/08/28,水,294,5,1.70%,¥807,1,"¥4,035",20.00%,"¥4,035",,1,"¥4,035",,,,,,-,-,,-,-,,,,-,,,,,,-,-,,-,-,,,,-
2024/08/29,木,957,14,1.46%,"¥1,124",0,-,0.00%,"¥15,743",,1,"¥15,743",,CPA,"¥20,911",,,,2024/08/29,木,322,4,1.24%,"¥1,212",0,-,0.00%,"¥4,848",,0,-,,2024/08/29,木,326,5,1.53%,"¥1,079",0,-,0.00%,"¥5,395",,1,"¥5,395",,2024/08/29,木,309,5,1.62%,"¥1,100",0,-,0.00%,"¥5,500",,0,-,,,,,,-,-,,-,-,,,,-,,,,,,-,-,,-,-,,,,-
2024/08/30,金,"1,808",22,1.22%,¥700,1,"¥15,405",4.55%,"¥15,405",,1,"¥15,405",,CVR,3.60%,,,,2024/08/30,金,622,7,1.13%,¥638,0,-,0.00%,"¥4,468",,0,-,,2024/08/30,金,506,7,1.38%,¥696,1,"¥4,875",14.29%,"¥4,875",,0,-,,2024/08/30,金,680,8,1.18%,¥758,0,-,0.00%,"¥6,063",,1,"¥6,063",,,,,,-,-,,-,-,,,,-,,,,,,-,-,,-,-,,,,-
2024/08/31,土,"1,318",12,0.91%,"¥1,130",0,-,0.00%,"¥13,558",,0,-,,消化金額,"¥167,288",,,,2024/08/31,土,493,6,1.22%,¥565,0,-,0.00%,"¥3,389",,0,-,,2024/08/31,土,516,2,0.39%,"¥2,662",0,-,0.00%,"¥5,324",,0,-,,2024/08/31,土,309,4,1.29%,"¥1,211",0,-,0.00%,"¥4,845",,0,-,,,,,,-,-,,-,-,,,,-,,,,,,-,-,,-,-,,,,-
,,,,,,,,,,,,,,,,,,,,,,,,,,,,,,,,,,,,,,,,,,,,,,,,,,,,,,,,,,,,,,,,,,,,,,,,,,,,,,,,,,,,,,,
日付,曜日,表示回数,クリック数,クリック率,クリック単価,CV,CPA,CVR,請求金額,,実獲得数,実CPA,,,,,,,日付,曜日,表示回数,クリック数,クリック率,クリック単価,CV,CPA,CVR,請求金額,,実獲得数,実CPA,,日付,曜日,表示回数,クリック数,クリック率,クリック単価,CV,CPA,CVR,請求金額,,実獲得数,実CPA,,日付,曜日,表示回数,クリック数,クリック率,クリック単価,CV,CPA,CVR,請求金額,,実獲得数,実CPA,,,,,,クリック率,クリック単価,,CPA,CVR,,,実獲得数,実CPA,,,,,,クリック率,クリック単価,,CPA,CVR,,,実獲得数,実CPA
2024年9月,,"31,155",306,0.98%,"¥1,246",17,"¥22,427",5.56%,"¥381,251",,22,"¥17,330",,URL,,,,,2024年9月,,"7,868",71,0.90%,"¥1,419",6,"¥16,788",8.45%,"¥100,726",,7,"¥14,389",,2024年9月,,"10,530",110,1.04%,"¥1,132",4,"¥31,142",3.64%,"¥124,568",,5,"¥24,914",,2024年9月,,"12,757",125,0.98%,"¥1,248",7,"¥22,279",5.60%,"¥155,956",,10,"¥15,596",,,,,,-,-,,-,-,,,,-,,,,,,-,-,,-,-,,,,-
2024/09/01,日,"1,043",13,1.25%,"¥1,283",2,"¥8,342",15.38%,"¥16,684",,2,"¥8,342",,"◾️LP1
https://a1.ritzpro.website

◾️LP2
https://b1.ritzpro.website

◾️LP3
https://c1.ritzpro.website

◾️サンクスページ
https://thxa1.ritzpro.website
",,,,,2024/09/01,日,329,3,0.91%,"¥1,490",0,-,0.00%,"¥4,469",,0,-,,2024/09/01,日,327,4,1.22%,"¥1,539",0,-,0.00%,"¥6,155",,0,-,,2024/09/01,日,387,6,1.55%,"¥1,010",2,"¥3,030",33.33%,"¥6,060",,2,"¥3,030",,,,,,-,-,,-,-,,,,-,,,,,,-,-,,-,-,,,,-
2024/09/02,月,970,10,1.03%,"¥1,668",1,"¥16,679",10.00%,"¥16,679",,2,"¥8,339",,,,,,,2024/09/02,月,142,2,1.41%,"¥2,019",0,-,0.00%,"¥4,039",,1,"¥4,039",,2024/09/02,月,407,5,1.23%,"¥1,087",0,-,0.00%,"¥5,435",,0,-,,2024/09/02,月,421,3,0.71%,"¥2,402",1,"¥7,205",33.33%,"¥7,205",,1,"¥7,205",,,,,,-,-,,-,-,,,,-,,,,,,-,-,,-,-,,,,-
2024/09/03,火,"1,133",13,1.15%,"¥1,186",0,-,0.00%,"¥15,415",,0,-,,,,,,,2024/09/03,火,278,3,1.08%,"¥1,270",0,-,0.00%,"¥3,810",,0,-,,2024/09/03,火,353,7,1.98%,¥593,0,-,0.00%,"¥4,150",,0,-,,2024/09/03,火,502,3,0.60%,"¥2,485",0,-,0.00%,"¥7,455",,0,-,,,,,,-,-,,-,-,,,,-,,,,,,-,-,,-,-,,,,-
2024/09/04,水,"1,075",16,1.49%,¥998,2,"¥7,986",12.50%,"¥15,971",,2,"¥7,986",,,,,,,2024/09/04,水,182,2,1.10%,"¥1,624",0,-,0.00%,"¥3,249",,0,-,,2024/09/04,水,434,10,2.30%,¥513,1,"¥5,125",10.00%,"¥5,125",,1,"¥5,125",,2024/09/04,水,459,4,0.87%,"¥1,899",1,"¥7,598",25.00%,"¥7,598",,1,"¥7,598",,,,,,-,-,,-,-,,,,-,,,,,,-,-,,-,-,,,,-
2024/09/05,木,"1,003",10,1.00%,"¥1,467",0,-,0.00%,"¥14,668",,0,-,,,,,,,2024/09/05,木,136,2,1.47%,"¥1,218",0,-,0.00%,"¥2,435",,0,-,,2024/09/05,木,405,5,1.23%,¥977,0,-,0.00%,"¥4,885",,0,-,,2024/09/05,木,462,3,0.65%,"¥2,449",0,-,0.00%,"¥7,348",,0,-,,,,,,-,-,,-,-,,,,-,,,,,,-,-,,-,-,,,,-
2024/09/06,金,915,8,0.87%,"¥1,764",0,-,0.00%,"¥14,114",,0,-,,,,,,,2024/09/06,金,102,1,0.98%,"¥1,890",0,-,0.00%,"¥1,890",,0,-,,2024/09/06,金,368,1,0.27%,"¥4,820",0,-,0.00%,"¥4,820",,0,-,,2024/09/06,金,445,6,1.35%,"¥1,234",0,-,0.00%,"¥7,404",,0,-,,,,,,-,-,,-,-,,,,-,,,,,,-,-,,-,-,,,,-
2024/09/07,土,578,4,0.69%,"¥2,349",1,"¥9,395",25.00%,"¥9,395",,1,"¥9,395",,,,,,,2024/09/07,土,,,-,-,,-,-,¥0,,,-,,2024/09/07,土,320,2,0.63%,"¥2,401",1,"¥4,801",50.00%,"¥4,801",,1,"¥4,801",,2024/09/07,土,258,2,0.78%,"¥2,297",0,-,0.00%,"¥4,594",,0,-,,,,,,-,-,,-,-,,,,-,,,,,,-,-,,-,-,,,,-
2024/09/08,日,966,10,1.04%,"¥1,135",0,-,0.00%,"¥11,354",,0,-,,,,,,,2024/09/08,日,,,-,-,,-,-,¥0,,,-,,2024/09/08,日,585,8,1.37%,¥693,0,-,0.00%,"¥5,548",,0,-,,2024/09/08,日,381,2,0.52%,"¥2,903",0,-,0.00%,"¥5,806",,0,-,,,,,,-,-,,-,-,,,,-,,,,,,-,-,,-,-,,,,-
2024/09/09,月,"1,195",13,1.09%,¥815,1,"¥10,593",7.69%,"¥10,593",,1,"¥10,593",,,,,,,2024/09/09,月,,,-,-,,-,-,¥0,,,-,,2024/09/09,月,651,3,0.46%,"¥1,589",0,-,0.00%,"¥4,768",,0,-,,2024/09/09,月,544,10,1.84%,¥583,1,"¥5,825",10.00%,"¥5,825",,1,"¥5,825",,,,,,-,-,,-,-,,,,-,,,,,,-,-,,-,-,,,,-
2024/09/10,火,"1,012",7,0.69%,"¥1,752",0,-,0.00%,"¥12,263",,0,-,,,,,,,2024/09/10,火,96,1,1.04%,"¥1,995",0,-,0.00%,"¥1,995",,0,-,,2024/09/10,火,327,4,1.22%,¥991,0,-,0.00%,"¥3,963",,0,-,,2024/09/10,火,589,2,0.34%,"¥3,153",0,-,0.00%,"¥6,305",,0,-,,,,,,-,-,,-,-,,,,-,,,,,,-,-,,-,-,,,,-
2024/09/11,水,"1,430",9,0.63%,"¥1,538",0,-,0.00%,"¥13,846",,1,"¥13,846",,,,,,,2024/09/11,水,377,3,0.80%,"¥1,212",0,-,0.00%,"¥3,636",,0,-,,2024/09/11,水,488,3,0.61%,"¥1,261",0,-,0.00%,"¥3,783",,0,-,,2024/09/11,水,565,3,0.53%,"¥2,143",0,-,0.00%,"¥6,428",,1,"¥6,428",,,,,,-,-,,-,-,,,,-,,,,,,-,-,,-,-,,,,-
2024/09/12,木,"1,230",15,1.22%,¥922,1,"¥13,825",6.67%,"¥13,825",,1,"¥13,825",,,,,,,2024/09/12,木,255,3,1.18%,"¥1,132",1,"¥3,396",33.33%,"¥3,396",,1,"¥3,396",,2024/09/12,木,429,6,1.40%,¥779,0,-,0.00%,"¥4,676",,0,-,,2024/09/12,木,546,6,1.10%,¥959,0,-,0.00%,"¥5,753",,0,-,,,,,,-,-,,-,-,,,,-,,,,,,-,-,,-,-,,,,-
2024/09/13,金,"1,107",13,1.17%,"¥1,031",0,-,0.00%,"¥13,406",,2,"¥6,703",,,,,,,2024/09/13,金,224,2,0.89%,"¥1,664",0,-,0.00%,"¥3,329",,0,-,,2024/09/13,金,385,4,1.04%,"¥1,213",0,-,0.00%,"¥4,851",,1,"¥4,851",,2024/09/13,金,498,7,1.41%,¥747,0,-,0.00%,"¥5,226",,1,"¥5,226",,,,,,-,-,,-,-,,,,-,,,,,,-,-,,-,-,,,,-
2024/09/14,土,"1,048",11,1.05%,"¥1,002",0,-,0.00%,"¥11,020",,0,-,,,,,,,2024/09/14,土,282,3,1.06%,¥815,0,-,0.00%,"¥2,446",,0,-,,2024/09/14,土,464,5,1.08%,¥865,0,-,0.00%,"¥4,323",,0,-,,2024/09/14,土,302,3,0.99%,"¥1,417",0,-,0.00%,"¥4,251",,0,-,,,,,,-,-,,-,-,,,,-,,,,,,-,-,,-,-,,,,-
2024/09/15,日,"1,362",17,1.25%,¥860,1,"¥14,624",5.88%,"¥14,624",,1,"¥14,624",,,,,,,2024/09/15,日,301,7,2.33%,¥501,1,"¥3,504",14.29%,"¥3,504",,1,"¥3,504",,2024/09/15,日,516,4,0.78%,"¥1,405",0,-,0.00%,"¥5,620",,0,-,,2024/09/15,日,545,6,1.10%,¥917,0,-,0.00%,"¥5,500",,0,-,,,,,,-,-,,-,-,,,,-,,,,,,-,-,,-,-,,,,-
2024/09/16,月,"1,303",9,0.69%,"¥1,576",2,"¥7,090",22.22%,"¥14,180",,2,"¥7,090",,,,,,,2024/09/16,月,352,2,0.57%,"¥1,654",0,-,0.00%,"¥3,309",,0,-,,2024/09/16,月,423,2,0.47%,"¥2,735",1,"¥5,470",50.00%,"¥5,470",,1,"¥5,470",,2024/09/16,月,528,5,0.95%,"¥1,080",1,"¥5,401",20.00%,"¥5,401",,1,"¥5,401",,,,,,-,-,,-,-,,,,-,,,,,,-,-,,-,-,,,,-
2024/09/17,火,"1,162",10,0.86%,"¥1,356",1,"¥13,556",10.00%,"¥13,556",,1,"¥13,556",,,,,,,2024/09/17,火,371,2,0.54%,"¥1,762",1,"¥3,524",50.00%,"¥3,524",,1,"¥3,524",,2024/09/17,火,322,4,1.24%,"¥1,206",0,-,0.00%,"¥4,824",,0,-,,2024/09/17,火,469,4,0.85%,"¥1,302",0,-,0.00%,"¥5,209",,0,-,,,,,,-,-,,-,-,,,,-,,,,,,-,-,,-,-,,,,-
2024/09/18,水,816,9,1.10%,"¥1,167",0,-,0.00%,"¥10,501",,0,-,,,,,,,2024/09/18,水,317,2,0.63%,"¥1,815",0,-,0.00%,"¥3,630",,0,-,,2024/09/18,水,230,3,1.30%,"¥1,033",0,-,0.00%,"¥3,100",,0,-,,2024/09/18,水,269,4,1.49%,¥943,0,-,0.00%,"¥3,771",,0,-,,,,,,-,-,,-,-,,,,-,,,,,,-,-,,-,-,,,,-
2024/09/19,木,332,3,0.90%,"¥1,678",0,-,0.00%,"¥5,034",,0,-,,,,,,,2024/09/19,木,115,1,0.87%,"¥1,791",0,-,0.00%,"¥1,791",,0,-,,2024/09/19,木,74,1,1.35%,"¥1,746",0,-,0.00%,"¥1,746",,0,-,,2024/09/19,木,143,1,0.70%,"¥1,496",0,-,0.00%,"¥1,496",,0,-,,,,,,-,-,,-,-,,,,-,,,,,,-,-,,-,-,,,,-
2024/09/20,金,"1,008",18,1.79%,¥725,0,-,0.00%,"¥13,041",,0,-,,,,,,,2024/09/20,金,360,4,1.11%,"¥1,214",0,-,0.00%,"¥4,858",,0,-,,2024/09/20,金,242,5,2.07%,¥739,0,-,0.00%,"¥3,696",,0,-,,2024/09/20,金,406,9,2.22%,¥499,0,-,0.00%,"¥4,488",,0,-,,,,,,-,-,,-,-,,,,-,,,,,,-,-,,-,-,,,,-
2024/09/21,土,"1,068",8,0.75%,"¥1,560",1,"¥12,480",12.50%,"¥12,480",,1,"¥12,480",,,,,,,2024/09/21,土,278,3,1.08%,"¥1,464",0,-,0.00%,"¥4,393",,0,-,,2024/09/21,土,338,4,1.18%,¥935,1,"¥3,739",25.00%,"¥3,739",,1,"¥3,739",,2024/09/21,土,452,1,0.22%,"¥4,349",0,-,0.00%,"¥4,349",,0,-,,,,,,-,-,,-,-,,,,-,,,,,,-,-,,-,-,,,,-
2024/09/22,日,927,3,0.32%,"¥3,940",0,-,0.00%,"¥11,821",,0,-,,,,,,,2024/09/22,日,273,0,0.00%,-,0,-,-,"¥4,250",,0,-,,2024/09/22,日,253,0,0.00%,-,0,-,-,"¥3,279",,0,-,,2024/09/22,日,401,3,0.75%,"¥1,431",0,-,0.00%,"¥4,293",,0,-,,,,,,-,-,,-,-,,,,-,,,,,,-,-,,-,-,,,,-
2024/09/23,月,715,9,1.26%,"¥1,330",0,-,0.00%,"¥11,970",,0,-,,9月結果,,,,,2024/09/23,月,253,2,0.79%,"¥1,901",0,-,0.00%,"¥3,803",,0,-,,2024/09/23,月,180,2,1.11%,"¥1,621",0,-,0.00%,"¥3,241",,0,-,,2024/09/23,月,282,5,1.77%,¥985,0,-,0.00%,"¥4,926",,0,-,,,,,,-,-,,-,-,,,,-,,,,,,-,-,,-,-,,,,-
2024/09/24,火,"1,038",11,1.06%,"¥1,053",0,-,0.00%,"¥11,581",,1,"¥11,581",,表示回数,"31,155",,,,2024/09/24,火,315,2,0.63%,"¥1,902",0,-,0.00%,"¥3,804",,0,-,,2024/09/24,火,229,2,0.87%,"¥1,646",0,-,0.00%,"¥3,293",,0,-,,2024/09/24,火,494,7,1.42%,¥641,0,-,0.00%,"¥4,485",,1,"¥4,485",,,,,,-,-,,-,-,,,,-,,,,,,-,-,,-,-,,,,-
2024/09/25,水,997,5,0.50%,"¥2,439",0,-,0.00%,"¥12,196",,0,-,,クリック数,306,,,,2024/09/25,水,284,3,1.06%,"¥1,295",0,-,0.00%,"¥3,885",,0,-,,2024/09/25,水,262,1,0.38%,"¥3,264",0,-,0.00%,"¥3,264",,0,-,,2024/09/25,水,451,1,0.22%,"¥5,048",0,-,0.00%,"¥5,048",,0,-,,,,,,-,-,,-,-,,,,-,,,,,,-,-,,-,-,,,,-
2024/09/26,木,"1,087",13,1.20%,¥938,2,"¥6,094",15.38%,"¥12,188",,2,"¥6,094",,クリック率,0.98%,,,,2024/09/26,木,416,5,1.20%,¥933,2,"¥2,332",40.00%,"¥4,664",,2,"¥2,332",,2024/09/26,木,285,2,0.70%,"¥1,541",0,-,0.00%,"¥3,081",,0,-,,2024/09/26,木,386,6,1.55%,¥740,0,-,0.00%,"¥4,443",,0,-,,,,,,-,-,,-,-,,,,-,,,,,,-,-,,-,-,,,,-
2024/09/27,金,"1,059",13,1.23%,¥891,1,"¥11,579",7.69%,"¥11,579",,1,"¥11,579",,クリック単価,"¥1,246",,,,2024/09/27,金,440,6,1.36%,¥835,1,"¥5,009",16.67%,"¥5,009",,1,"¥5,009",,2024/09/27,金,241,3,1.24%,¥950,0,-,0.00%,"¥2,849",,0,-,,2024/09/27,金,378,4,1.06%,¥930,0,-,0.00%,"¥3,721",,0,-,,,,,,-,-,,-,-,,,,-,,,,,,-,-,,-,-,,,,-
2024/09/28,土,"1,125",8,0.71%,"¥1,359",1,"¥10,874",12.50%,"¥10,874",,1,"¥10,874",,実獲得数,22,,,,2024/09/28,土,470,3,0.64%,"¥1,589",0,-,0.00%,"¥4,766",,0,-,,2024/09/28,土,277,2,0.72%,"¥1,432",0,-,0.00%,"¥2,864",,0,-,,2024/09/28,土,378,3,0.79%,"¥1,081",1,"¥3,244",33.33%,"¥3,244",,1,"¥3,244",,,,,,-,-,,-,-,,,,-,,,,,,-,-,,-,-,,,,-
2024/09/29,日,"1,479",9,0.61%,"¥1,525",0,-,0.00%,"¥13,721",,0,-,,CPA,"¥17,330",,,,2024/09/29,日,556,2,0.36%,"¥2,844",0,-,0.00%,"¥5,688",,0,-,,2024/09/29,日,433,4,0.92%,¥895,0,-,0.00%,"¥3,580",,0,-,,2024/09/29,日,490,3,0.61%,"¥1,485",0,-,0.00%,"¥4,454",,0,-,,,,,,-,-,,-,-,,,,-,,,,,,-,-,,-,-,,,,-
2024/09/30,月,972,9,0.93%,"¥1,408",0,-,0.00%,"¥12,674",,0,-,,CVR,7.19%,,,,2024/09/30,月,364,2,0.55%,"¥2,579",0,-,0.00%,"¥5,158",,0,-,,2024/09/30,月,282,4,1.42%,¥911,0,-,0.00%,"¥3,643",,0,-,,2024/09/30,月,326,3,0.92%,"¥1,291",0,-,0.00%,"¥3,874",,0,-,,,,,,-,-,,-,-,,,,-,,,,,,-,-,,-,-,,,,-
,,0,0,-,-,0,-,-,¥0,,0,-,,消化金額,"¥381,251",,,,,,,,-,-,,-,-,¥0,,,-,,,,,,-,-,,-,-,¥0,,,-,,,,,,-,-,,-,-,¥0,,,-,,,,,,-,-,,-,-,,,,-,,,,,,-,-,,-,-,,,,-
,,,,,,,,,,,,,,,,,,,,,,,,,,,,,,,,,,,,,,,,,,,,,,,,,,,,,,,,,,,,,,,,,,,,,,,,,,,,,,,,,,,,,,,
日付,曜日,表示回数,クリック数,クリック率,クリック単価,CV,CPA,CVR,請求金額,,実獲得数,実CPA,,,,,,,日付,曜日,表示回数,クリック数,クリック率,クリック単価,CV,CPA,CVR,請求金額,,実獲得数,実CPA,,日付,曜日,表示回数,クリック数,クリック率,クリック単価,CV,CPA,CVR,請求金額,,実獲得数,実CPA,,日付,曜日,表示回数,クリック数,クリック率,クリック単価,CV,CPA,CVR,請求金額,,実獲得数,実CPA,,,,,,クリック率,クリック単価,,CPA,CVR,,,実獲得数,実CPA,,,,,,クリック率,クリック単価,,CPA,CVR,,,実獲得数,実CPA
2024年10月,,"51,997",402,0.77%,"¥1,132",22,"¥20,685",5.47%,"¥455,076",,22,"¥20,685",,URL,,,,,2024年10月,,"19,209",148,0.77%,"¥1,252",8,"¥23,161",5.41%,"¥185,288",,7,"¥26,470",,2024年10月,,"14,677",110,0.75%,¥931,2,"¥51,223",1.82%,"¥102,445",,5,"¥20,489",,2024年10月,,"18,111",144,0.80%,"¥1,162",12,"¥13,945",8.33%,"¥167,342",,10,"¥16,734",,,,,,-,-,,-,-,,,,-,,,,,,-,-,,-,-,,,,-
2024/10/01,火,"1,804",17,0.94%,¥925,1,"¥15,729",5.88%,"¥15,729",,0,-,,"◾️LP1
https://a1.ritzpro.website

◾️LP2
https://b1.ritzpro.website

◾️LP3
https://c1.ritzpro.website

◾️サンクスページ
https://thxa1.ritzpro.website
",,,,,2024/10/01,火,703,7,1.00%,¥899,0,-,0.00%,"¥6,291",,0,-,,2024/10/01,火,519,6,1.16%,¥776,1,"¥4,659",16.67%,"¥4,659",,0,-,,2024/10/01,火,582,4,0.69%,"¥1,195",0,-,0.00%,"¥4,779",,0,-,,,,,,-,-,,-,-,,,,-,,,,,,-,-,,-,-,,,,-
2024/10/02,水,"1,286",5,0.39%,"¥2,479",0,-,0.00%,"¥12,394",,2,"¥6,197",,,,,,,2024/10/02,水,490,2,0.41%,"¥2,443",0,-,0.00%,"¥4,885",,0,-,,2024/10/02,水,393,2,0.51%,"¥1,911",0,-,0.00%,"¥3,821",,2,"¥1,911",,2024/10/02,水,403,1,0.25%,"¥3,688",0,-,0.00%,"¥3,688",,0,-,,,,,,-,-,,-,-,,,,-,,,,,,-,-,,-,-,,,,-
2024/10/03,木,"1,327",21,1.58%,¥617,0,-,0.00%,"¥12,954",,2,"¥6,477",,,,,,,2024/10/03,木,500,6,1.20%,"¥1,001",0,-,0.00%,"¥6,004",,0,-,,2024/10/03,木,418,6,1.44%,¥574,0,-,0.00%,"¥3,444",,2,"¥1,722",,2024/10/03,木,409,9,2.20%,¥390,0,-,0.00%,"¥3,506",,0,-,,,,,,-,-,,-,-,,,,-,,,,,,-,-,,-,-,,,,-
2024/10/04,金,"4,094",37,0.90%,¥339,3,"¥4,179",8.11%,"¥12,536",,0,-,,,,,,,2024/10/04,金,722,16,2.22%,¥259,2,"¥2,074",12.50%,"¥4,148",,0,-,,2024/10/04,金,"3,001",14,0.47%,¥339,1,"¥4,751",7.14%,"¥4,751",,0,-,,2024/10/04,金,371,7,1.89%,¥520,0,-,0.00%,"¥3,638",,0,-,,,,,,-,-,,-,-,,,,-,,,,,,-,-,,-,-,,,,-
2024/10/05,土,"1,784",14,0.78%,¥808,0,-,0.00%,"¥11,306",,0,-,,,,,,,2024/10/05,土,553,3,0.54%,"¥1,336",0,-,0.00%,"¥4,009",,0,-,,2024/10/05,土,744,6,0.81%,¥670,0,-,0.00%,"¥4,023",,0,-,,2024/10/05,土,487,5,1.03%,¥655,0,-,0.00%,"¥3,275",,0,-,,,,,,-,-,,-,-,,,,-,,,,,,-,-,,-,-,,,,-
2024/10/06,日,"1,603",12,0.75%,"¥1,208",3,"¥4,830",25.00%,"¥14,490",,3,"¥4,830",,,,,,,2024/10/06,日,552,7,1.27%,¥791,2,"¥2,767",28.57%,"¥5,534",,2,"¥2,767",,2024/10/06,日,594,2,0.34%,"¥2,348",0,-,0.00%,"¥4,696",,0,-,,2024/10/06,日,457,3,0.66%,"¥1,420",1,"¥4,260",33.33%,"¥4,260",,1,"¥4,260",,,,,,-,-,,-,-,,,,-,,,,,,-,-,,-,-,,,,-
2024/10/07,月,"1,409",15,1.06%,¥921,1,"¥13,811",6.67%,"¥13,811",,1,"¥13,811",,,,,,,2024/10/07,月,522,4,0.77%,"¥1,344",0,-,0.00%,"¥5,376",,1,"¥5,376",,2024/10/07,月,523,6,1.15%,¥720,0,-,0.00%,"¥4,319",,0,-,,2024/10/07,月,364,5,1.37%,¥823,1,"¥4,116",20.00%,"¥4,116",,0,-,,,,,,-,-,,-,-,,,,-,,,,,,-,-,,-,-,,,,-
2024/10/08,火,"1,594",14,0.88%,"¥1,039",2,"¥7,270",14.29%,"¥14,540",,1,"¥14,540",,,,,,,2024/10/08,火,599,6,1.00%,¥972,2,"¥2,917",33.33%,"¥5,834",,1,"¥5,834",,2024/10/08,火,495,5,1.01%,¥729,0,-,0.00%,"¥3,645",,0,-,,2024/10/08,火,500,3,0.60%,"¥1,687",0,-,0.00%,"¥5,061",,0,-,,,,,,-,-,,-,-,,,,-,,,,,,-,-,,-,-,,,,-
2024/10/09,水,"2,051",12,0.59%,"¥1,326",0,-,0.00%,"¥15,916",,0,-,,,,,,,2024/10/09,水,973,5,0.51%,"¥1,434",0,-,0.00%,"¥7,168",,0,-,,2024/10/09,水,489,2,0.41%,"¥1,973",0,-,0.00%,"¥3,945",,0,-,,2024/10/09,水,589,5,0.85%,¥961,0,-,0.00%,"¥4,804",,0,-,,,,,,-,-,,-,-,,,,-,,,,,,-,-,,-,-,,,,-
2024/10/10,木,"1,678",14,0.83%,"¥1,092",0,-,0.00%,"¥15,291",,2,"¥7,646",,,,,,,2024/10/10,木,745,8,1.07%,¥916,0,-,0.00%,"¥7,331",,2,"¥3,666",,2024/10/10,木,465,4,0.86%,¥852,0,-,0.00%,"¥3,406",,0,-,,2024/10/10,木,468,2,0.43%,"¥2,277",0,-,0.00%,"¥4,554",,0,-,,,,,,-,-,,-,-,,,,-,,,,,,-,-,,-,-,,,,-
2024/10/11,金,"1,535",8,0.52%,"¥1,798",0,-,0.00%,"¥14,385",,0,-,,,,,,,2024/10/11,金,723,5,0.69%,"¥1,296",0,-,0.00%,"¥6,478",,0,-,,2024/10/11,金,433,2,0.46%,"¥1,850",0,-,0.00%,"¥3,700",,0,-,,2024/10/11,金,379,1,0.26%,"¥4,208",0,-,0.00%,"¥4,208",,0,-,,,,,,-,-,,-,-,,,,-,,,,,,-,-,,-,-,,,,-
2024/10/12,土,"1,323",7,0.53%,"¥1,797",0,-,0.00%,"¥12,579",,0,-,,,,,,,2024/10/12,土,604,4,0.66%,"¥1,499",0,-,0.00%,"¥5,996",,0,-,,2024/10/12,土,398,3,0.75%,"¥1,118",0,-,0.00%,"¥3,355",,0,-,,2024/10/12,土,321,0,0.00%,-,0,-,-,"¥3,228",,0,-,,,,,,-,-,,-,-,,,,-,,,,,,-,-,,-,-,,,,-
2024/10/13,日,"1,368",17,1.24%,¥935,0,-,0.00%,"¥15,898",,0,-,,,,,,,2024/10/13,日,642,9,1.40%,¥808,0,-,0.00%,"¥7,275",,0,-,,2024/10/13,日,472,5,1.06%,¥831,0,-,0.00%,"¥4,154",,0,-,,2024/10/13,日,254,3,1.18%,"¥1,490",0,-,0.00%,"¥4,469",,0,-,,,,,,-,-,,-,-,,,,-,,,,,,-,-,,-,-,,,,-
2024/10/14,月,"1,365",11,0.81%,"¥1,330",2,"¥7,316",18.18%,"¥14,631",,1,"¥14,631",,,,,,,2024/10/14,月,525,6,1.14%,"¥1,135",0,-,0.00%,"¥6,811",,0,-,,2024/10/14,月,454,0,0.00%,-,0,-,-,"¥3,914",,0,-,,2024/10/14,月,386,5,1.30%,¥781,2,"¥1,953",40.00%,"¥3,906",,1,"¥3,906",,,,,,-,-,,-,-,,,,-,,,,,,-,-,,-,-,,,,-
2024/10/15,火,"1,441",13,0.90%,"¥1,035",0,-,0.00%,"¥13,454",,0,-,,,,,,,2024/10/15,火,462,4,0.87%,"¥1,542",0,-,0.00%,"¥6,166",,0,-,,2024/10/15,火,411,5,1.22%,¥732,0,-,0.00%,"¥3,661",,0,-,,2024/10/15,火,568,4,0.70%,¥907,0,-,0.00%,"¥3,626",,0,-,,,,,,-,-,,-,-,,,,-,,,,,,-,-,,-,-,,,,-
2024/10/16,水,"1,731",15,0.87%,"¥1,033",0,-,0.00%,"¥15,491",,0,-,,,,,,,2024/10/16,水,514,3,0.58%,"¥1,955",0,-,0.00%,"¥5,864",,0,-,,2024/10/16,水,505,5,0.99%,¥843,0,-,0.00%,"¥4,216",,0,-,,2024/10/16,水,712,7,0.98%,¥773,0,-,0.00%,"¥5,411",,0,-,,,,,,-,-,,-,-,,,,-,,,,,,-,-,,-,-,,,,-
2024/10/17,木,"1,693",12,0.71%,"¥1,334",1,"¥16,006",8.33%,"¥16,006",,1,"¥16,006",,,,,,,2024/10/17,木,489,3,0.61%,"¥2,123",1,"¥6,370",33.33%,"¥6,370",,1,"¥6,370",,2024/10/17,木,462,3,0.65%,"¥1,212",0,-,0.00%,"¥3,635",,0,-,,2024/10/17,木,742,6,0.81%,"¥1,000",0,-,0.00%,"¥6,001",,0,-,,,,,,-,-,,-,-,,,,-,,,,,,-,-,,-,-,,,,-
2024/10/18,金,"1,754",10,0.57%,"¥1,733",0,-,0.00%,"¥17,331",,0,-,,,,,,,2024/10/18,金,594,2,0.34%,"¥3,361",0,-,0.00%,"¥6,721",,0,-,,2024/10/18,金,575,6,1.04%,¥725,0,-,0.00%,"¥4,353",,0,-,,2024/10/18,金,585,2,0.34%,"¥3,129",0,-,0.00%,"¥6,258",,0,-,,,,,,-,-,,-,-,,,,-,,,,,,-,-,,-,-,,,,-
2024/10/19,土,"1,710",9,0.53%,"¥1,892",0,-,0.00%,"¥17,024",,0,-,,,,,,,2024/10/19,土,570,4,0.70%,"¥1,552",0,-,0.00%,"¥6,209",,0,-,,2024/10/19,土,570,1,0.18%,"¥4,606",0,-,0.00%,"¥4,606",,0,-,,2024/10/19,土,570,4,0.70%,"¥1,552",0,-,0.00%,"¥6,209",,0,-,,,,,,-,-,,-,-,,,,-,,,,,,-,-,,-,-,,,,-
2024/10/20,日,"2,006",7,0.35%,"¥2,836",0,-,0.00%,"¥19,853",,0,-,,,,,,,2024/10/20,日,776,3,0.39%,"¥2,809",0,-,0.00%,"¥8,426",,0,-,,2024/10/20,日,435,1,0.23%,"¥4,356",0,-,0.00%,"¥4,356",,0,-,,2024/10/20,日,795,3,0.38%,"¥2,357",0,-,0.00%,"¥7,070",,0,-,,,,,,-,-,,-,-,,,,-,,,,,,-,-,,-,-,,,,-
2024/10/21,月,"1,582",11,0.70%,"¥1,394",0,-,0.00%,"¥15,330",,0,-,,,,,,,2024/10/21,月,642,2,0.31%,"¥3,021",0,-,0.00%,"¥6,041",,0,-,,2024/10/21,月,454,6,1.32%,¥749,0,-,0.00%,"¥4,494",,0,-,,2024/10/21,月,486,3,0.62%,"¥1,598",0,-,0.00%,"¥4,795",,0,-,,,,,,-,-,,-,-,,,,-,,,,,,-,-,,-,-,,,,-
2024/10/22,火,"1,541",10,0.65%,"¥1,479",1,"¥14,788",10.00%,"¥14,788",,1,"¥14,788",,,,,,,2024/10/22,火,589,6,1.02%,¥871,1,"¥5,226",16.67%,"¥5,226",,0,-,,2024/10/22,火,537,1,0.19%,"¥4,640",0,-,0.00%,"¥4,640",,0,-,,2024/10/22,火,415,3,0.72%,"¥1,640",0,-,0.00%,"¥4,921",,1,"¥4,921",,,,,,-,-,,-,-,,,,-,,,,,,-,-,,-,-,,,,-
2024/10/23,水,"1,347",12,0.89%,"¥1,235",1,"¥14,819",8.33%,"¥14,819",,1,"¥14,819",,10月結果,,,,,2024/10/23,水,429,2,0.47%,"¥2,458",0,-,0.00%,"¥4,915",,0,-,,2024/10/23,水,530,5,0.94%,¥952,0,-,0.00%,"¥4,758",,0,-,,2024/10/23,水,388,5,1.29%,"¥1,029",1,"¥5,146",20.00%,"¥5,146",,1,"¥5,146",,,,,,-,-,,-,-,,,,-,,,,,,-,-,,-,-,,,,-
2024/10/24,木,"1,515",11,0.73%,"¥1,351",1,"¥14,859",9.09%,"¥14,859",,1,"¥14,859",,表示回数,"51,997",,,,2024/10/24,木,565,1,0.18%,"¥6,381",0,-,0.00%,"¥6,381",,0,-,,2024/10/24,木,317,5,1.58%,¥578,0,-,0.00%,"¥2,889",,0,-,,2024/10/24,木,633,5,0.79%,"¥1,118",1,"¥5,589",20.00%,"¥5,589",,1,"¥5,589",,,,,,-,-,,-,-,,,,-,,,,,,-,-,,-,-,,,,-
2024/10/25,金,"1,422",4,0.28%,"¥2,867",0,-,0.00%,"¥11,469",,0,-,,クリック数,402,,,,2024/10/25,金,688,3,0.44%,"¥1,876",0,-,0.00%,"¥5,629",,0,-,,2024/10/25,金,,,-,-,,-,-,¥0,,,-,,2024/10/25,金,734,1,0.14%,"¥5,840",0,-,0.00%,"¥5,840",,0,-,,,,,,-,-,,-,-,,,,-,,,,,,-,-,,-,-,,,,-
2024/10/26,土,"1,475",11,0.75%,"¥1,064",0,-,0.00%,"¥11,701",,0,-,,クリック率,0.77%,,,,2024/10/26,土,655,6,0.92%,¥867,0,-,0.00%,"¥5,201",,0,-,,2024/10/26,土,,,-,-,,-,-,¥0,,,-,,2024/10/26,土,820,5,0.61%,"¥1,300",0,-,0.00%,"¥6,500",,0,-,,,,,,-,-,,-,-,,,,-,,,,,,-,-,,-,-,,,,-
2024/10/27,日,"1,814",11,0.61%,"¥1,335",1,"¥14,681",9.09%,"¥14,681",,1,"¥14,681",,クリック単価,"¥1,132",,,,2024/10/27,日,981,4,0.41%,"¥1,639",0,-,0.00%,"¥6,555",,0,-,,2024/10/27,日,,,-,-,,-,-,¥0,,,-,,2024/10/27,日,833,7,0.84%,"¥1,161",1,"¥8,126",14.29%,"¥8,126",,1,"¥8,126",,,,,,-,-,,-,-,,,,-,,,,,,-,-,,-,-,,,,-
2024/10/28,月,"1,252",9,0.72%,"¥1,455",0,-,0.00%,"¥13,095",,0,-,,実獲得数,22,,,,2024/10/28,月,602,2,0.33%,"¥2,974",0,-,0.00%,"¥5,949",,0,-,,2024/10/28,月,,,-,-,,-,-,¥0,,,-,,2024/10/28,月,650,7,1.08%,"¥1,021",0,-,0.00%,"¥7,146",,0,-,,,,,,-,-,,-,-,,,,-,,,,,,-,-,,-,-,,,,-
2024/10/29,火,"1,563",14,0.90%,"¥1,007",1,"¥14,096",7.14%,"¥14,096",,1,"¥14,096",,CPA,"¥20,685",,,,2024/10/29,火,688,7,1.02%,¥834,0,-,0.00%,"¥5,836",,0,-,,2024/10/29,火,,,-,-,,-,-,¥0,,,-,,2024/10/29,火,875,7,0.80%,"¥1,180",1,"¥8,260",14.29%,"¥8,260",,1,"¥8,260",,,,,,-,-,,-,-,,,,-,,,,,,-,-,,-,-,,,,-
2024/10/30,水,"1,911",15,0.78%,"¥1,097",3,"¥5,483",20.00%,"¥16,448",,3,"¥5,483",,CVR,5.47%,,,,2024/10/30,水,579,3,0.52%,"¥1,648",0,-,0.00%,"¥4,944",,0,-,,2024/10/30,水,116,2,1.72%,¥970,0,-,0.00%,"¥1,940",,1,"¥1,940",,2024/10/30,水,"1,216",10,0.82%,¥956,3,"¥3,188",30.00%,"¥9,564",,2,"¥4,782",,,,,,-,-,,-,-,,,,-,,,,,,-,-,,-,-,,,,-
2024/10/31,木,"2,019",24,1.19%,¥757,1,"¥18,173",4.17%,"¥18,173",,1,"¥18,173",,消化金額,"¥455,076",,,,2024/10/31,木,533,5,0.94%,"¥1,143",0,-,0.00%,"¥5,716",,0,-,,2024/10/31,木,367,7,1.91%,¥438,0,-,0.00%,"¥3,066",,0,-,,2024/10/31,木,"1,119",12,1.07%,¥783,1,"¥9,390",8.33%,"¥9,390",,1,"¥9,390",,,,,,-,-,,-,-,,,,-,,,,,,-,-,,-,-,,,,-
,,,,,,,,,,,,,,,,,,,,,,,,,,,,,,,,,,,,,,,,,,,,,,,,,,,,,,,,,,,,,,,,,,,,,,,,,,,,,,,,,,,,,,,
日付,曜日,表示回数,クリック数,クリック率,クリック単価,CV,CPA,CVR,請求金額,,実獲得数,実CPA,,,,,,,日付,曜日,表示回数,クリック数,クリック率,クリック単価,CV,CPA,CVR,請求金額,,実獲得数,実CPA,,日付,曜日,表示回数,クリック数,クリック率,クリック単価,CV,CPA,CVR,請求金額,,実獲得数,実CPA,,日付,曜日,表示回数,クリック数,クリック率,クリック単価,CV,CPA,CVR,請求金額,,実獲得数,実CPA,,,,,,クリック率,クリック単価,,CPA,CVR,,,実獲得数,実CPA,,,,,,クリック率,クリック単価,,CPA,CVR,,,実獲得数,実CPA
2024年11月,,"40,588",348,0.86%,"¥1,067",14,"¥26,516",4.02%,"¥371,221",,17,"¥21,837",,URL,,,,,2024年11月,,"9,109",69,0.76%,"¥1,156",3,"¥26,592",4.35%,"¥79,775",,3,"¥26,592",,2024年11月,,"10,504",125,1.19%,¥962,5,"¥24,060",4.00%,"¥120,298",,5,"¥24,060",,2024年11月,,"20,975",154,0.73%,"¥1,111",6,"¥28,525",3.90%,"¥171,147",,9,"¥19,016",,,,,,-,-,,-,-,,,0,-,,,,,,-,-,,-,-,,,¥0,-
2024/11/01,金,"1,893",16,0.85%,¥837,0,-,0.00%,"¥13,385",,2,"¥6,693",,"◾️LP1
https://a1.ritzpro.website

◾️LP2
https://b1.ritzpro.website

◾️LP3
https://c1.ritzpro.website

◾️サンクスページ
https://thxa1.ritzpro.website
",,,,,2024/11/01,金,422,4,0.95%,¥953,0,-,0.00%,"¥3,811",,0,-,,2024/11/01,金,403,4,0.99%,¥995,0,-,0.00%,"¥3,979",,0,-,,2024/11/01,金,"1,068",8,0.75%,¥699,0,-,0.00%,"¥5,595",,2,"¥2,798",,,,,,-,-,,-,-,,,,-,,,,,,-,-,,-,-,,,,-
2024/11/02,土,"1,581",12,0.76%,¥987,0,-,0.00%,"¥11,841",,0,-,,,,,,,2024/11/02,土,347,2,0.58%,"¥1,343",0,-,0.00%,"¥2,686",,0,-,,2024/11/02,土,346,3,0.87%,"¥1,016",0,-,0.00%,"¥3,049",,0,-,,2024/11/02,土,888,7,0.79%,¥872,0,-,0.00%,"¥6,106",,0,-,,,,,,-,-,,-,-,,,,-,,,,,,-,-,,-,-,,,,-
2024/11/03,日,"1,470",11,0.75%,"¥1,650",1,"¥18,154",9.09%,"¥18,154",,1,"¥18,154",,,,,,,2024/11/03,日,375,5,1.33%,¥823,0,-,0.00%,"¥4,115",,0,-,,2024/11/03,日,296,4,1.35%,"¥1,367",0,-,0.00%,"¥5,466",,0,-,,2024/11/03,日,799,2,0.25%,"¥4,286",1,"¥8,573",50.00%,"¥8,573",,1,"¥8,573",,,,,,-,-,,-,-,,,,-,,,,,,-,-,,-,-,,,,-
2024/11/04,月,"1,293",14,1.08%,"¥1,212",1,"¥16,966",7.14%,"¥16,966",,1,"¥16,966",,,,,,,2024/11/04,月,463,2,0.43%,"¥2,053",0,-,0.00%,"¥4,105",,0,-,,2024/11/04,月,243,8,3.29%,¥558,1,"¥4,468",12.50%,"¥4,468",,1,"¥4,468",,2024/11/04,月,587,4,0.68%,"¥2,098",0,-,0.00%,"¥8,394",,0,-,,,,,,-,-,,-,-,,,,-,,,,,,-,-,,-,-,,,,-
2024/11/05,火,"1,764",6,0.34%,"¥2,248",1,"¥13,489",16.67%,"¥13,489",,1,"¥13,489",,,,,,,2024/11/05,火,628,2,0.32%,"¥2,069",0,-,0.00%,"¥4,138",,0,-,,2024/11/05,火,287,1,0.35%,"¥2,586",0,-,0.00%,"¥2,586",,0,-,,2024/11/05,火,849,3,0.35%,"¥2,255",1,"¥6,765",33.33%,"¥6,765",,1,"¥6,765",,,,,,-,-,,-,-,,,,-,,,,,,-,-,,-,-,,,,-
2024/11/06,水,"1,726",11,0.64%,"¥1,092",0,-,0.00%,"¥12,014",,0,-,,,,,,,2024/11/06,水,339,1,0.29%,"¥2,855",0,-,0.00%,"¥2,855",,0,-,,2024/11/06,水,348,3,0.86%,¥961,0,-,0.00%,"¥2,884",,0,-,,2024/11/06,水,"1,039",7,0.67%,¥896,0,-,0.00%,"¥6,275",,0,-,,,,,,-,-,,-,-,,,,-,,,,,,-,-,,-,-,,,,-
2024/11/07,木,"1,348",18,1.34%,¥812,1,"¥14,616",5.56%,"¥14,616",,1,"¥14,616",,,,,,,2024/11/07,木,291,1,0.34%,"¥3,435",0,-,0.00%,"¥3,435",,0,-,,2024/11/07,木,282,5,1.77%,¥740,1,"¥3,699",20.00%,"¥3,699",,1,"¥3,699",,2024/11/07,木,775,12,1.55%,¥624,0,-,0.00%,"¥7,483",,0,-,,,,,,-,-,,-,-,,,,-,,,,,,-,-,,-,-,,,,-
2024/11/08,金,"1,645",10,0.61%,"¥1,512",0,-,0.00%,"¥15,115",,0,-,,,,,,,2024/11/08,金,509,2,0.39%,"¥2,219",0,-,0.00%,"¥4,439",,0,-,,2024/11/08,金,244,3,1.23%,"¥1,316",0,-,0.00%,"¥3,949",,0,-,,2024/11/08,金,892,5,0.56%,"¥1,346",0,-,0.00%,"¥6,728",,0,-,,,,,,-,-,,-,-,,,,-,,,,,,-,-,,-,-,,,,-
2024/11/09,土,"1,840",17,0.92%,¥825,1,"¥14,025",5.88%,"¥14,025",,1,"¥14,025",,,,,,,2024/11/09,土,453,4,0.88%,¥789,1,"¥3,158",25.00%,"¥3,158",,1,"¥3,158",,2024/11/09,土,225,4,1.78%,¥764,0,-,0.00%,"¥3,058",,0,-,,2024/11/09,土,"1,162",9,0.77%,¥868,0,-,0.00%,"¥7,810",,0,-,,,,,,-,-,,-,-,,,,-,,,,,,-,-,,-,-,,,,-
2024/11/10,日,"1,961",20,1.02%,¥805,1,"¥16,096",5.00%,"¥16,096",,1,"¥16,096",,,,,,,2024/11/10,日,419,4,0.95%,"¥1,189",0,-,0.00%,"¥4,758",,0,-,,2024/11/10,日,520,8,1.54%,¥600,0,-,0.00%,"¥4,800",,0,-,,2024/11/10,日,"1,022",8,0.78%,¥817,1,"¥6,539",12.50%,"¥6,539",,1,"¥6,539",,,,,,-,-,,-,-,,,,-,,,,,,-,-,,-,-,,,,-
2024/11/11,月,"1,781",10,0.56%,"¥1,400",0,-,0.00%,"¥14,000",,0,-,,,,,,,2024/11/11,月,261,1,0.38%,"¥2,000",0,-,0.00%,"¥2,000",,0,-,,2024/11/11,月,368,4,1.09%,"¥1,096",0,-,0.00%,"¥4,385",,0,-,,2024/11/11,月,"1,152",5,0.43%,"¥1,523",0,-,0.00%,"¥7,615",,0,-,,,,,,-,-,,-,-,,,,-,,,,,,-,-,,-,-,,,,-
2024/11/12,火,"1,385",14,1.01%,¥815,1,"¥11,408",7.14%,"¥11,408",,1,"¥11,408",,,,,,,2024/11/12,火,,,-,-,,-,-,¥0,,,-,,2024/11/12,火,478,4,0.84%,"¥1,304",1,"¥5,216",25.00%,"¥5,216",,1,"¥5,216",,2024/11/12,火,907,10,1.10%,¥619,0,-,0.00%,"¥6,191",,0,-,,,,,,-,-,,-,-,,,,-,,,,,,-,-,,-,-,,,,-
2024/11/13,水,"1,198",11,0.92%,"¥1,150",0,-,0.00%,"¥12,650",,0,-,,,,,,,2024/11/13,水,,,-,-,,-,-,¥0,,,-,,2024/11/13,水,417,7,1.68%,¥911,0,-,0.00%,"¥6,378",,0,-,,2024/11/13,水,781,4,0.51%,"¥1,568",0,-,0.00%,"¥6,273",,0,-,,,,,,-,-,,-,-,,,,-,,,,,,-,-,,-,-,,,,-
2024/11/14,木,966,9,0.93%,"¥1,006",0,-,0.00%,"¥9,055",,0,-,,,,,,,2024/11/14,木,,,-,-,,-,-,¥0,,,-,,2024/11/14,木,508,4,0.79%,"¥1,380",0,-,0.00%,"¥5,521",,0,-,,2024/11/14,木,458,5,1.09%,¥707,0,-,0.00%,"¥3,534",,0,-,,,,,,-,-,,-,-,,,,-,,,,,,-,-,,-,-,,,,-
2024/11/15,金,774,10,1.29%,¥644,0,-,0.00%,"¥6,443",,0,-,,,,,,,2024/11/15,金,,,-,-,,-,-,¥0,,,-,,2024/11/15,金,378,5,1.32%,¥816,0,-,0.00%,"¥4,079",,0,-,,2024/11/15,金,396,5,1.26%,¥473,0,-,0.00%,"¥2,364",,0,-,,,,,,-,-,,-,-,,,,-,,,,,,-,-,,-,-,,,,-
2024/11/16,土,745,7,0.94%,¥949,1,"¥6,641",14.29%,"¥6,641",,1,"¥6,641",,,,,,,2024/11/16,土,,,-,-,,-,-,¥0,,,-,,2024/11/16,土,375,4,1.07%,¥982,1,"¥3,926",25.00%,"¥3,926",,1,"¥3,926",,2024/11/16,土,370,3,0.81%,¥905,0,-,0.00%,"¥2,715",,0,-,,,,,,-,-,,-,-,,,,-,,,,,,-,-,,-,-,,,,-
2024/11/17,日,869,19,2.19%,¥446,0,-,0.00%,"¥8,481",,0,-,,,,,,,2024/11/17,日,,,-,-,,-,-,¥0,,,-,,2024/11/17,日,507,13,2.56%,¥413,0,-,0.00%,"¥5,368",,0,-,,2024/11/17,日,362,6,1.66%,¥519,0,-,0.00%,"¥3,114",,0,-,,,,,,-,-,,-,-,,,,-,,,,,,-,-,,-,-,,,,-
2024/11/18,月,"1,063",11,1.03%,¥852,1,"¥9,368",9.09%,"¥9,368",,1,"¥9,368",,,,,,,2024/11/18,月,,,-,-,,-,-,¥0,,,-,,2024/11/18,月,575,7,1.22%,¥815,0,-,0.00%,"¥5,703",,0,-,,2024/11/18,月,488,4,0.82%,¥916,1,"¥3,665",25.00%,"¥3,665",,1,"¥3,665",,,,,,-,-,,-,-,,,,-,,,,,,-,-,,-,-,,,,-
2024/11/19,火,"1,323",12,0.91%,"¥1,101",1,"¥13,210",8.33%,"¥13,210",,1,"¥13,210",,,,,,,2024/11/19,火,215,2,0.93%,"¥1,344",0,-,0.00%,"¥2,689",,0,-,,2024/11/19,火,493,6,1.22%,"¥1,116",0,-,0.00%,"¥6,695",,0,-,,2024/11/19,火,615,4,0.65%,¥957,1,"¥3,826",25.00%,"¥3,826",,1,"¥3,826",,,,,,-,-,,-,-,,,,-,,,,,,-,-,,-,-,,,,-
2024/11/20,水,"1,630",12,0.74%,"¥1,127",0,-,0.00%,"¥13,520",,0,-,,,,,,,2024/11/20,水,399,4,1.00%,¥916,0,-,0.00%,"¥3,664",,0,-,,2024/11/20,水,486,3,0.62%,"¥1,441",0,-,0.00%,"¥4,323",,0,-,,2024/11/20,水,745,5,0.67%,"¥1,107",0,-,0.00%,"¥5,534",,0,-,,,,,,-,-,,-,-,,,,-,,,,,,-,-,,-,-,,,,-
2024/11/21,木,"1,563",13,0.83%,"¥1,218",0,-,0.00%,"¥15,836",,0,-,,,,,,,2024/11/21,木,429,5,1.17%,¥816,0,-,0.00%,"¥4,080",,0,-,,2024/11/21,木,318,4,1.26%,"¥1,215",0,-,0.00%,"¥4,860",,0,-,,2024/11/21,木,816,4,0.49%,"¥1,724",0,-,0.00%,"¥6,896",,0,-,,,,,,-,-,,-,-,,,,-,,,,,,-,-,,-,-,,,,-
2024/11/22,金,"1,335",11,0.82%,"¥1,125",1,"¥12,373",9.09%,"¥12,373",,2,"¥6,186",,,,,,,2024/11/22,金,268,1,0.37%,"¥2,763",0,-,0.00%,"¥2,763",,0,-,,2024/11/22,金,302,0,0.00%,-,0,-,-,"¥3,190",,0,-,,2024/11/22,金,765,10,1.31%,¥642,1,"¥6,420",10.00%,"¥6,420",,2,"¥3,210",,,,,,-,-,,-,-,,,,-,,,,,,-,-,,-,-,,,,-
2024/11/23,土,"1,216",6,0.49%,"¥1,700",0,-,0.00%,"¥10,198",,0,-,,11月結果,,,,,2024/11/23,土,280,1,0.36%,"¥2,308",0,-,0.00%,"¥2,308",,0,-,,2024/11/23,土,301,3,1.00%,¥954,0,-,0.00%,"¥2,861",,0,-,,2024/11/23,土,635,2,0.31%,"¥2,514",0,-,0.00%,"¥5,029",,0,-,,,,,,-,-,,-,-,,,,-,,,,,,-,-,,-,-,,,,-
2024/11/24,日,"1,372",12,0.87%,"¥1,045",2,"¥6,272",16.67%,"¥12,544",,2,"¥6,272",,表示回数,"40,588",,,,2024/11/24,日,345,6,1.74%,¥466,2,"¥1,397",33.33%,"¥2,794",,2,"¥1,397",,2024/11/24,日,359,2,0.56%,"¥1,806",0,-,0.00%,"¥3,611",,0,-,,2024/11/24,日,668,4,0.60%,"¥1,535",0,-,0.00%,"¥6,139",,0,-,,,,,,-,-,,-,-,,,,-,,,,,,-,-,,-,-,,,,-
2024/11/25,月,"1,250",10,0.80%,"¥1,338",0,-,0.00%,"¥13,378",,0,-,,クリック数,348,,,,2024/11/25,月,452,3,0.66%,"¥1,250",0,-,0.00%,"¥3,751",,0,-,,2024/11/25,月,335,4,1.19%,"¥1,057",0,-,0.00%,"¥4,228",,0,-,,2024/11/25,月,463,3,0.65%,"¥1,800",0,-,0.00%,"¥5,399",,0,-,,,,,,-,-,,-,-,,,,-,,,,,,-,-,,-,-,,,,-
2024/11/26,火,"1,328",20,1.51%,¥621,0,-,0.00%,"¥12,423",,0,-,,クリック率,0.86%,,,,2024/11/26,火,558,11,1.97%,¥451,0,-,0.00%,"¥4,958",,0,-,,2024/11/26,火,213,2,0.94%,"¥1,251",0,-,0.00%,"¥2,501",,0,-,,2024/11/26,火,557,7,1.26%,¥709,0,-,0.00%,"¥4,964",,0,-,,,,,,-,-,,-,-,,,,-,,,,,,-,-,,-,-,,,,-
2024/11/27,水,"1,081",6,0.56%,"¥1,898",0,-,0.00%,"¥11,389",,0,-,,クリック単価,"¥1,067",,,,2024/11/27,水,503,1,0.20%,"¥4,108",0,-,0.00%,"¥4,108",,0,-,,2024/11/27,水,179,3,1.68%,¥803,0,-,0.00%,"¥2,409",,0,-,,2024/11/27,水,399,2,0.50%,"¥2,436",0,-,0.00%,"¥4,873",,0,-,,,,,,-,-,,-,-,,,,-,,,,,,-,-,,-,-,,,,-
2024/11/28,木,"1,110",7,0.63%,"¥1,524",1,"¥10,671",14.29%,"¥10,671",,1,"¥10,671",,実獲得数,17,,,,2024/11/28,木,447,4,0.89%,¥802,0,-,0.00%,"¥3,206",,0,-,,2024/11/28,木,213,2,0.94%,"¥1,318",1,"¥2,636",50.00%,"¥2,636",,1,"¥2,636",,2024/11/28,木,450,1,0.22%,"¥4,829",0,-,0.00%,"¥4,829",,0,-,,,,,,-,-,,-,-,,,,-,,,,,,-,-,,-,-,,,,-
2024/11/29,金,"1,096",8,0.73%,"¥1,782",0,-,0.00%,"¥14,254",,0,-,,CPA,"¥21,837",,,,2024/11/29,金,367,2,0.54%,"¥1,535",0,-,0.00%,"¥3,070",,0,-,,2024/11/29,金,282,4,1.42%,¥574,0,-,0.00%,"¥2,295",,0,-,,2024/11/29,金,447,2,0.45%,"¥4,444",0,-,0.00%,"¥8,889",,0,-,,,,,,-,-,,-,-,,,,-,,,,,,-,-,,-,-,,,,-
2024/11/30,土,982,5,0.51%,"¥1,536",0,-,0.00%,"¥7,681",,0,-,,CVR,4.89%,,,,2024/11/30,土,339,1,0.29%,"¥2,888",0,-,0.00%,"¥2,888",,0,-,,2024/11/30,土,223,1,0.45%,"¥2,179",0,-,0.00%,"¥2,179",,0,-,,2024/11/30,土,420,3,0.71%,¥872,0,-,0.00%,"¥2,615",,0,-,,,,,,-,-,,-,-,,,,-,,,,,,-,-,,-,-,,,,-
,,0,0,-,-,0,-,-,¥0,,0,-,,消化金額,"¥371,221",,,,,,,,-,-,,-,-,¥0,,,-,,,,,,-,-,,-,-,¥0,,,-,,,,,,-,-,,-,-,¥0,,,-,,,,,,-,-,,-,-,,,,-,,,,,,-,-,,-,-,,,,-
,,,,,,,,,,,,,,,,,,,,,,,,,,,,,,,,,,,,,,,,,,,,,,,,,,,,,,,,,,,,,,,,,,,,,,,,,,,,,,,,,,,,,,,
日付,曜日,表示回数,クリック数,クリック率,クリック単価,CV,CPA,CVR,請求金額,,実獲得数,実CPA,,,,,,,日付,曜日,表示回数,クリック数,クリック率,クリック単価,CV,CPA,CVR,請求金額,,実獲得数,実CPA,,日付,曜日,表示回数,クリック数,クリック率,クリック単価,CV,CPA,CVR,請求金額,,実獲得数,実CPA,,日付,曜日,表示回数,クリック数,クリック率,クリック単価,CV,CPA,CVR,請求金額,,実獲得数,実CPA,,日付,曜日,表示回数,クリック数,クリック率,クリック単価,CV,CPA,CVR,請求金額,,実獲得数,実CPA,,日付,曜日,表示回数,クリック数,クリック率,クリック単価,CV,CPA,CVR,請求金額,,実獲得数,実CPA
2024年12月,,"14,720",113,0.77%,"¥1,166",6,"¥21,961",5.31%,"¥131,765",,7,"¥18,824",,URL,,,,,2024年12月,,"4,498",44,0.98%,"¥1,008",2,"¥22,178",4.55%,"¥44,356",,3,"¥14,785",,2024年12月,,"3,355",22,0.66%,"¥1,646",1,"¥36,212",4.55%,"¥36,212",,1,"¥36,212",,2024年12月,,"6,867",47,0.68%,"¥1,089",3,"¥17,065",6.38%,"¥51,196",,3,"¥17,065",,2024年12月,,0,¥0,-,-,0,-,-,¥0,,0,-,,2024年12月,,0,0,-,-,0,-,-,¥0,,0,-
2024/12/01,日,"1,235",11,0.89%,"¥1,051",1,"¥11,559",9.09%,"¥11,559",,1,"¥11,559",,,,,,,2024/12/01,日,390,5,1.28%,¥877,0,-,0.00%,"¥4,386",,0,-,,2024/12/01,日,245,2,0.82%,"¥1,481",0,-,0.00%,"¥2,961",,0,-,,2024/12/01,日,600,4,0.67%,"¥1,053",1,"¥4,211",25.00%,"¥4,211",,1,"¥4,211",,2024/12/01,日,,,-,-,,-,-,¥0,,,-,,2024/12/01,日,,,-,-,,-,-,¥0,,,-
2024/12/02,月,836,4,0.48%,"¥2,259",0,-,0.00%,"¥9,036",,0,-,,,,,,,2024/12/02,月,204,1,0.49%,"¥2,595",0,-,0.00%,"¥2,595",,0,-,,2024/12/02,月,228,2,0.88%,"¥1,344",0,-,0.00%,"¥2,688",,0,-,,2024/12/02,月,404,1,0.25%,"¥3,754",0,-,0.00%,"¥3,754",,0,-,,2024/12/02,月,,,-,-,,-,-,¥0,,,-,,2024/12/02,月,,,-,-,,-,-,¥0,,,-
2024/12/03,火,736,4,0.54%,"¥1,693",0,-,0.00%,"¥6,773",,0,-,,,,,,,2024/12/03,火,,,-,-,,-,-,¥0,,,-,,2024/12/03,火,303,1,0.33%,"¥2,720",0,-,0.00%,"¥2,720",,0,-,,2024/12/03,火,433,3,0.69%,"¥1,351",0,-,0.00%,"¥4,053",,0,-,,2024/12/03,火,,,-,-,,-,-,¥0,,,-,,2024/12/03,火,,,-,-,,-,-,¥0,,,-
2024/12/04,水,897,12,1.34%,¥624,0,-,0.00%,"¥7,490",,0,-,,,,,,,2024/12/04,水,,,-,-,,-,-,¥0,,,-,,2024/12/04,水,250,3,1.20%,¥761,0,-,0.00%,"¥2,284",,0,-,,2024/12/04,水,647,9,1.39%,¥578,0,-,0.00%,"¥5,206",,0,-,,2024/12/04,水,,,-,-,,-,-,¥0,,,-,,2024/12/04,水,,,-,-,,-,-,¥0,,,-
2024/12/05,木,700,3,0.43%,"¥2,002",0,-,0.00%,"¥6,006",,0,-,,,,,,,2024/12/05,木,,,-,-,,-,-,¥0,,,-,,2024/12/05,木,310,2,0.65%,"¥1,218",0,-,0.00%,"¥2,435",,0,-,,2024/12/05,木,390,1,0.26%,"¥3,571",0,-,0.00%,"¥3,571",,0,-,,2024/12/05,木,,,-,-,,-,-,¥0,,,-,,2024/12/05,木,,,-,-,,-,-,¥0,,,-
2024/12/06,金,"1,671",14,0.84%,"¥1,014",1,"¥14,199",7.14%,"¥14,199",,1,"¥14,199",,,,,,,2024/12/06,金,732,4,0.55%,"¥1,589",0,-,0.00%,"¥6,358",,0,-,,2024/12/06,金,303,3,0.99%,"¥1,029",0,-,0.00%,"¥3,088",,0,-,,2024/12/06,金,636,7,1.10%,¥679,1,"¥4,754",14.29%,"¥4,754",,1,"¥4,754",,2024/12/06,金,,,-,-,,-,-,¥0,,,-,,2024/12/06,金,,,-,-,,-,-,¥0,,,-
2024/12/07,土,"1,900",19,1.00%,¥763,3,"¥4,835",15.79%,"¥14,504",,4,"¥3,626",,,,,,,2024/12/07,土,503,8,1.59%,¥813,2,"¥3,251",25.00%,"¥6,503",,3,"¥2,168",,2024/12/07,土,352,1,0.28%,"¥3,229",1,"¥3,229",100.00%,"¥3,229",,1,"¥3,229",,2024/12/07,土,"1,045",10,0.96%,¥477,0,-,0.00%,"¥4,773",,0,-,,2024/12/07,土,,,-,-,,-,-,¥0,,,-,,2024/12/07,土,,,-,-,,-,-,¥0,,,-
2024/12/08,日,"1,716",6,0.35%,"¥2,322",0,-,0.00%,"¥13,931",,0,-,,,,,,,2024/12/08,日,510,1,0.20%,"¥4,390",0,-,0.00%,"¥4,390",,0,-,,2024/12/08,日,352,2,0.57%,"¥2,239",0,-,0.00%,"¥4,478",,0,-,,2024/12/08,日,854,3,0.35%,"¥1,688",0,-,0.00%,"¥5,064",,0,-,,2024/12/08,日,,,-,-,,-,-,¥0,,,-,,2024/12/08,日,,,-,-,,-,-,¥0,,,-
2024/12/09,月,"1,396",10,0.72%,"¥1,424",0,-,0.00%,"¥14,243",,0,-,,,,,,,2024/12/09,月,676,7,1.04%,¥775,0,-,0.00%,"¥5,424",,0,-,,2024/12/09,月,289,2,0.69%,"¥2,138",0,-,0.00%,"¥4,275",,0,-,,2024/12/09,月,431,1,0.23%,"¥4,544",0,-,0.00%,"¥4,544",,0,-,,2024/12/09,月,,,-,-,,-,-,¥0,,,-,,2024/12/09,月,,,-,-,,-,-,¥0,,,-
2024/12/10,火,"1,547",11,0.71%,"¥1,370",1,"¥15,065",9.09%,"¥15,065",,1,"¥15,065",,,,,,,2024/12/10,火,589,5,0.85%,"¥1,240",0,-,0.00%,"¥6,200",,0,-,,2024/12/10,火,302,1,0.33%,"¥3,653",0,-,0.00%,"¥3,653",,0,-,,2024/12/10,火,656,5,0.76%,"¥1,043",1,"¥5,213",20.00%,"¥5,213",,1,"¥5,213",,2024/12/10,火,,,-,-,,-,-,¥0,,,-,,2024/12/10,火,,,-,-,,-,-,¥0,,,-
2024/12/11,水,"1,421",14,0.99%,¥975,0,-,0.00%,"¥13,656",,0,-,,,,,,,2024/12/11,水,604,10,1.66%,¥588,0,-,0.00%,"¥5,884",,0,-,,2024/12/11,水,289,2,0.69%,"¥1,639",0,-,0.00%,"¥3,278",,0,-,,2024/12/11,水,528,2,0.38%,"¥2,248",0,-,0.00%,"¥4,495",,0,-,,2024/12/11,水,,,-,-,,-,-,¥0,,,-,,2024/12/11,水,,,-,-,,-,-,¥0,,,-
2024/12/12,木,665,5,0.75%,"¥1,061",0,-,0.00%,"¥5,304",,0,-,,,,,,,2024/12/12,木,290,3,1.03%,¥873,0,-,0.00%,"¥2,618",,0,-,,2024/12/12,木,132,1,0.76%,"¥1,126",0,-,0.00%,"¥1,126",,0,-,,2024/12/12,木,243,1,0.41%,"¥1,560",0,-,0.00%,"¥1,560",,0,-,,2024/12/12,木,,,-,-,,-,-,¥0,,,-,,2024/12/12,木,,,-,-,,-,-,¥0,,,-
2024/12/13,金,0,0,-,-,0,-,-,¥0,,0,-,,,,,,,2024/12/13,金,,,-,-,,-,-,¥0,,,-,,2024/12/13,金,,,-,-,,-,-,¥0,,,-,,2024/12/13,金,,,-,-,,-,-,¥0,,,-,,2024/12/13,金,,,-,-,,-,-,¥0,,,-,,2024/12/13,金,,,-,-,,-,-,¥0,,,-
2024/12/14,土,0,0,-,-,0,-,-,¥0,,0,-,,,,,,,2024/12/14,土,,,-,-,,-,-,¥0,,,-,,2024/12/14,土,,,-,-,,-,-,¥0,,,-,,2024/12/14,土,,,-,-,,-,-,¥0,,,-,,2024/12/14,土,,,-,-,,-,-,¥0,,,-,,2024/12/14,土,,,-,-,,-,-,¥0,,,-
2024/12/15,日,0,0,-,-,0,-,-,¥0,,0,-,,,,,,,2024/12/15,日,,,-,-,,-,-,¥0,,,-,,2024/12/15,日,,,-,-,,-,-,¥0,,,-,,2024/12/15,日,,,-,-,,-,-,¥0,,,-,,2024/12/15,日,,,-,-,,-,-,¥0,,,-,,2024/12/15,日,,,-,-,,-,-,¥0,,,-
2024/12/16,月,0,0,-,-,0,-,-,¥0,,0,-,,,,,,,2024/12/16,月,,,-,-,,-,-,¥0,,,-,,2024/12/16,月,,,-,-,,-,-,¥0,,,-,,2024/12/16,月,,,-,-,,-,-,¥0,,,-,,2024/12/16,月,,,-,-,,-,-,¥0,,,-,,2024/12/16,月,,,-,-,,-,-,¥0,,,-
2024/12/17,火,0,0,-,-,0,-,-,¥0,,0,-,,,,,,,2024/12/17,火,,,-,-,,-,-,¥0,,,-,,2024/12/17,火,,,-,-,,-,-,¥0,,,-,,2024/12/17,火,,,-,-,,-,-,¥0,,,-,,2024/12/17,火,,,-,-,,-,-,¥0,,,-,,2024/12/17,火,,,-,-,,-,-,¥0,,,-
2024/12/18,水,0,0,-,-,0,-,-,¥0,,0,-,,,,,,,2024/12/18,水,,,-,-,,-,-,¥0,,,-,,2024/12/18,水,,,-,-,,-,-,¥0,,,-,,2024/12/18,水,,,-,-,,-,-,¥0,,,-,,2024/12/18,水,,,-,-,,-,-,¥0,,,-,,2024/12/18,水,,,-,-,,-,-,¥0,,,-
2024/12/19,木,0,0,-,-,0,-,-,¥0,,0,-,,,,,,,2024/12/19,木,,,-,-,,-,-,¥0,,,-,,2024/12/19,木,,,-,-,,-,-,¥0,,,-,,2024/12/19,木,,,-,-,,-,-,¥0,,,-,,2024/12/19,木,,,-,-,,-,-,¥0,,,-,,2024/12/19,木,,,-,-,,-,-,¥0,,,-
2024/12/20,金,0,0,-,-,0,-,-,¥0,,0,-,,,,,,,2024/12/20,金,,,-,-,,-,-,¥0,,,-,,2024/12/20,金,,,-,-,,-,-,¥0,,,-,,2024/12/20,金,,,-,-,,-,-,¥0,,,-,,2024/12/20,金,,,-,-,,-,-,¥0,,,-,,2024/12/20,金,,,-,-,,-,-,¥0,,,-
2024/12/21,土,0,0,-,-,0,-,-,¥0,,0,-,,,,,,,2024/12/21,土,,,-,-,,-,-,¥0,,,-,,2024/12/21,土,,,-,-,,-,-,¥0,,,-,,2024/12/21,土,,,-,-,,-,-,¥0,,,-,,2024/12/21,土,,,-,-,,-,-,¥0,,,-,,2024/12/21,土,,,-,-,,-,-,¥0,,,-
2024/12/22,日,0,0,-,-,0,-,-,¥0,,0,-,,,,,,,2024/12/22,日,,,-,-,,-,-,¥0,,,-,,2024/12/22,日,,,-,-,,-,-,¥0,,,-,,2024/12/22,日,,,-,-,,-,-,¥0,,,-,,2024/12/22,日,,,-,-,,-,-,¥0,,,-,,2024/12/22,日,,,-,-,,-,-,¥0,,,-
2024/12/23,月,0,0,-,-,0,-,-,¥0,,0,-,,12月結果,,,,,2024/12/23,月,,,-,-,,-,-,¥0,,,-,,2024/12/23,月,,,-,-,,-,-,¥0,,,-,,2024/12/23,月,,,-,-,,-,-,¥0,,,-,,2024/12/23,月,,,-,-,,-,-,¥0,,,-,,2024/12/23,月,,,-,-,,-,-,¥0,,,-
2024/12/24,火,0,0,-,-,0,-,-,¥0,,0,-,,表示回数,"14,720",,,,2024/12/24,火,,,-,-,,-,-,¥0,,,-,,2024/12/24,火,,,-,-,,-,-,¥0,,,-,,2024/12/24,火,,,-,-,,-,-,¥0,,,-,,2024/12/24,火,,,-,-,,-,-,¥0,,,-,,2024/12/24,火,,,-,-,,-,-,¥0,,,-
2024/12/25,水,0,0,-,-,0,-,-,¥0,,0,-,,クリック数,113,,,,2024/12/25,水,,,-,-,,-,-,¥0,,,-,,2024/12/25,水,,,-,-,,-,-,¥0,,,-,,2024/12/25,水,,,-,-,,-,-,¥0,,,-,,2024/12/25,水,,,-,-,,-,-,¥0,,,-,,2024/12/25,水,,,-,-,,-,-,¥0,,,-
2024/12/26,木,0,0,-,-,0,-,-,¥0,,0,-,,クリック率,0.77%,,,,2024/12/26,木,,,-,-,,-,-,¥0,,,-,,2024/12/26,木,,,-,-,,-,-,¥0,,,-,,2024/12/26,木,,,-,-,,-,-,¥0,,,-,,2024/12/26,木,,,-,-,,-,-,¥0,,,-,,2024/12/26,木,,,-,-,,-,-,¥0,,,-
2024/12/27,金,0,0,-,-,0,-,-,¥0,,0,-,,クリック単価,"¥1,166",,,,2024/12/27,金,,,-,-,,-,-,¥0,,,-,,2024/12/27,金,,,-,-,,-,-,¥0,,,-,,2024/12/27,金,,,-,-,,-,-,¥0,,,-,,2024/12/27,金,,,-,-,,-,-,¥0,,,-,,2024/12/27,金,,,-,-,,-,-,¥0,,,-
2024/12/28,土,0,0,-,-,0,-,-,¥0,,0,-,,実獲得数,7,,,,2024/12/28,土,,,-,-,,-,-,¥0,,,-,,2024/12/28,土,,,-,-,,-,-,¥0,,,-,,2024/12/28,土,,,-,-,,-,-,¥0,,,-,,2024/12/28,土,,,-,-,,-,-,¥0,,,-,,2024/12/28,土,,,-,-,,-,-,¥0,,,-
2024/12/29,日,0,0,-,-,0,-,-,¥0,,0,-,,CPA,"¥18,824",,,,2024/12/29,日,,,-,-,,-,-,¥0,,,-,,2024/12/29,日,,,-,-,,-,-,¥0,,,-,,2024/12/29,日,,,-,-,,-,-,¥0,,,-,,2024/12/29,日,,,-,-,,-,-,¥0,,,-,,2024/12/29,日,,,-,-,,-,-,¥0,,,-
2024/12/30,月,0,0,-,-,0,-,-,¥0,,0,-,,CVR,6.19%,,,,2024/12/30,月,,,-,-,,-,-,¥0,,,-,,2024/12/30,月,,,-,-,,-,-,¥0,,,-,,2024/12/30,月,,,-,-,,-,-,¥0,,,-,,2024/12/30,月,,,-,-,,-,-,¥0,,,-,,2024/12/30,月,,,-,-,,-,-,¥0,,,-
2024/12/31,火,0,0,-,-,0,-,-,¥0,,0,-,,消化金額,"¥131,765",,,,2024/12/31,火,,,-,-,,-,-,¥0,,,-,,2024/12/31,火,,,-,-,,-,-,¥0,,,-,,2024/12/31,火,,,-,-,,-,-,¥0,,,-,,2024/12/31,火,,,-,-,,-,-,¥0,,,-,,2024/12/31,火,,,-,-,,-,-,¥0,,,-
,,,,,,,,,,,,,,,,,,,,,,,,,,,,,,,,,,,,,,,,,,,,,,,,,,,,,,,,,,,,,,,,,,,,,,,,,,,,,,,,,,,,,,,
日付,曜日,表示回数,クリック数,クリック率,クリック単価,CV,CPA,CVR,請求金額,,実獲得数,実CPA,,,,,,,日付,曜日,表示回数,クリック数,クリック率,クリック単価,CV,CPA,CVR,請求金額,,実獲得数,実CPA,,日付,曜日,表示回数,クリック数,クリック率,クリック単価,CV,CPA,CVR,請求金額,,実獲得数,実CPA,,日付,曜日,表示回数,クリック数,クリック率,クリック単価,CV,CPA,CVR,請求金額,,実獲得数,実CPA,,日付,曜日,表示回数,クリック数,クリック率,クリック単価,CV,CPA,CVR,請求金額,,実獲得数,実CPA,,日付,曜日,表示回数,クリック数,クリック率,クリック単価,CV,CPA,CVR,請求金額,,実獲得数,実CPA
2025年1月,,0,0,-,-,0,-,-,¥0,,0,-,,URL,,,,,2025年1月,,0,0,-,-,0,-,-,¥0,,0,-,,2025年1月,,0,0,-,-,0,-,-,¥0,,0,-,,2025年1月,,0,0,-,-,0,-,-,¥0,,0,-,,2025年1月,,0,¥0,-,-,0,-,-,¥0,,0,-,,2025年1月,,0,0,-,-,0,-,-,¥0,,0,-
2025/01/01,水,0,0,-,-,0,-,-,¥0,,,-,,,,,,,2025/01/01,水,,,-,-,,-,-,¥0,,,-,,2025/01/01,水,,,-,-,,-,-,¥0,,,-,,2025/01/01,水,,,-,-,,-,-,¥0,,,-,,2025/01/01,水,,,-,-,,-,-,¥0,,,-,,2025/01/01,水,,,-,-,,-,-,¥0,,,-
2025/01/02,木,0,0,-,-,0,-,-,¥0,,,-,,,,,,,2025/01/02,木,,,-,-,,-,-,¥0,,,-,,2025/01/02,木,,,-,-,,-,-,¥0,,,-,,2025/01/02,木,,,-,-,,-,-,¥0,,,-,,2025/01/02,木,,,-,-,,-,-,¥0,,,-,,2025/01/02,木,,,-,-,,-,-,¥0,,,-
2025/01/03,金,0,0,-,-,0,-,-,¥0,,,-,,,,,,,2025/01/03,金,,,-,-,,-,-,¥0,,,-,,2025/01/03,金,,,-,-,,-,-,¥0,,,-,,2025/01/03,金,,,-,-,,-,-,¥0,,,-,,2025/01/03,金,,,-,-,,-,-,¥0,,,-,,2025/01/03,金,,,-,-,,-,-,¥0,,,-
2025/01/04,土,0,0,-,-,0,-,-,¥0,,,-,,,,,,,2025/01/04,土,,,-,-,,-,-,¥0,,,-,,2025/01/04,土,,,-,-,,-,-,¥0,,,-,,2025/01/04,土,,,-,-,,-,-,¥0,,,-,,2025/01/04,土,,,-,-,,-,-,¥0,,,-,,2025/01/04,土,,,-,-,,-,-,¥0,,,-
2025/01/05,日,0,0,-,-,0,-,-,¥0,,,-,,,,,,,2025/01/05,日,,,-,-,,-,-,¥0,,,-,,2025/01/05,日,,,-,-,,-,-,¥0,,,-,,2025/01/05,日,,,-,-,,-,-,¥0,,,-,,2025/01/05,日,,,-,-,,-,-,¥0,,,-,,2025/01/05,日,,,-,-,,-,-,¥0,,,-
2025/01/06,月,0,0,-,-,0,-,-,¥0,,,-,,,,,,,2025/01/06,月,,,-,-,,-,-,¥0,,,-,,2025/01/06,月,,,-,-,,-,-,¥0,,,-,,2025/01/06,月,,,-,-,,-,-,¥0,,,-,,2025/01/06,月,,,-,-,,-,-,¥0,,,-,,2025/01/06,月,,,-,-,,-,-,¥0,,,-
2025/01/07,火,0,0,-,-,0,-,-,¥0,,,-,,,,,,,2025/01/07,火,,,-,-,,-,-,¥0,,,-,,2025/01/07,火,,,-,-,,-,-,¥0,,,-,,2025/01/07,火,,,-,-,,-,-,¥0,,,-,,2025/01/07,火,,,-,-,,-,-,¥0,,,-,,2025/01/07,火,,,-,-,,-,-,¥0,,,-
2025/01/08,水,0,0,-,-,0,-,-,¥0,,,-,,,,,,,2025/01/08,水,,,-,-,,-,-,¥0,,,-,,2025/01/08,水,,,-,-,,-,-,¥0,,,-,,2025/01/08,水,,,-,-,,-,-,¥0,,,-,,2025/01/08,水,,,-,-,,-,-,¥0,,,-,,2025/01/08,水,,,-,-,,-,-,¥0,,,-
2025/01/09,木,0,0,-,-,0,-,-,¥0,,,-,,,,,,,2025/01/09,木,,,-,-,,-,-,¥0,,,-,,2025/01/09,木,,,-,-,,-,-,¥0,,,-,,2025/01/09,木,,,-,-,,-,-,¥0,,,-,,2025/01/09,木,,,-,-,,-,-,¥0,,,-,,2025/01/09,木,,,-,-,,-,-,¥0,,,-
2025/01/10,金,0,0,-,-,0,-,-,¥0,,,-,,,,,,,2025/01/10,金,,,-,-,,-,-,¥0,,,-,,2025/01/10,金,,,-,-,,-,-,¥0,,,-,,2025/01/10,金,,,-,-,,-,-,¥0,,,-,,2025/01/10,金,,,-,-,,-,-,¥0,,,-,,2025/01/10,金,,,-,-,,-,-,¥0,,,-
2025/01/11,土,0,0,-,-,0,-,-,¥0,,,-,,,,,,,2025/01/11,土,,,-,-,,-,-,¥0,,,-,,2025/01/11,土,,,-,-,,-,-,¥0,,,-,,2025/01/11,土,,,-,-,,-,-,¥0,,,-,,2025/01/11,土,,,-,-,,-,-,¥0,,,-,,2025/01/11,土,,,-,-,,-,-,¥0,,,-
2025/01/12,日,0,0,-,-,0,-,-,¥0,,,-,,,,,,,2025/01/12,日,,,-,-,,-,-,¥0,,,-,,2025/01/12,日,,,-,-,,-,-,¥0,,,-,,2025/01/12,日,,,-,-,,-,-,¥0,,,-,,2025/01/12,日,,,-,-,,-,-,¥0,,,-,,2025/01/12,日,,,-,-,,-,-,¥0,,,-
2025/01/13,月,0,0,-,-,0,-,-,¥0,,,-,,,,,,,2025/01/13,月,,,-,-,,-,-,¥0,,,-,,2025/01/13,月,,,-,-,,-,-,¥0,,,-,,2025/01/13,月,,,-,-,,-,-,¥0,,,-,,2025/01/13,月,,,-,-,,-,-,¥0,,,-,,2025/01/13,月,,,-,-,,-,-,¥0,,,-
2025/01/14,火,0,0,-,-,0,-,-,¥0,,,-,,,,,,,2025/01/14,火,,,-,-,,-,-,¥0,,,-,,2025/01/14,火,,,-,-,,-,-,¥0,,,-,,2025/01/14,火,,,-,-,,-,-,¥0,,,-,,2025/01/14,火,,,-,-,,-,-,¥0,,,-,,2025/01/14,火,,,-,-,,-,-,¥0,,,-
2025/01/15,水,0,0,-,-,0,-,-,¥0,,,-,,,,,,,2025/01/15,水,,,-,-,,-,-,¥0,,,-,,2025/01/15,水,,,-,-,,-,-,¥0,,,-,,2025/01/15,水,,,-,-,,-,-,¥0,,,-,,2025/01/15,水,,,-,-,,-,-,¥0,,,-,,2025/01/15,水,,,-,-,,-,-,¥0,,,-
2025/01/16,木,0,0,-,-,0,-,-,¥0,,,-,,,,,,,2025/01/16,木,,,-,-,,-,-,¥0,,,-,,2025/01/16,木,,,-,-,,-,-,¥0,,,-,,2025/01/16,木,,,-,-,,-,-,¥0,,,-,,2025/01/16,木,,,-,-,,-,-,¥0,,,-,,2025/01/16,木,,,-,-,,-,-,¥0,,,-
2025/01/17,金,0,0,-,-,0,-,-,¥0,,,-,,,,,,,2025/01/17,金,,,-,-,,-,-,¥0,,,-,,2025/01/17,金,,,-,-,,-,-,¥0,,,-,,2025/01/17,金,,,-,-,,-,-,¥0,,,-,,2025/01/17,金,,,-,-,,-,-,¥0,,,-,,2025/01/17,金,,,-,-,,-,-,¥0,,,-
2025/01/18,土,0,0,-,-,0,-,-,¥0,,,-,,,,,,,2025/01/18,土,,,-,-,,-,-,¥0,,,-,,2025/01/18,土,,,-,-,,-,-,¥0,,,-,,2025/01/18,土,,,-,-,,-,-,¥0,,,-,,2025/01/18,土,,,-,-,,-,-,¥0,,,-,,2025/01/18,土,,,-,-,,-,-,¥0,,,-
2025/01/19,日,0,0,-,-,0,-,-,¥0,,,-,,,,,,,2025/01/19,日,,,-,-,,-,-,¥0,,,-,,2025/01/19,日,,,-,-,,-,-,¥0,,,-,,2025/01/19,日,,,-,-,,-,-,¥0,,,-,,2025/01/19,日,,,-,-,,-,-,¥0,,,-,,2025/01/19,日,,,-,-,,-,-,¥0,,,-
2025/01/20,月,0,0,-,-,0,-,-,¥0,,,-,,,,,,,2025/01/20,月,,,-,-,,-,-,¥0,,,-,,2025/01/20,月,,,-,-,,-,-,¥0,,,-,,2025/01/20,月,,,-,-,,-,-,¥0,,,-,,2025/01/20,月,,,-,-,,-,-,¥0,,,-,,2025/01/20,月,,,-,-,,-,-,¥0,,,-
2025/01/21,火,0,0,-,-,0,-,-,¥0,,,-,,,,,,,2025/01/21,火,,,-,-,,-,-,¥0,,,-,,2025/01/21,火,,,-,-,,-,-,¥0,,,-,,2025/01/21,火,,,-,-,,-,-,¥0,,,-,,2025/01/21,火,,,-,-,,-,-,¥0,,,-,,2025/01/21,火,,,-,-,,-,-,¥0,,,-
2025/01/22,水,0,0,-,-,0,-,-,¥0,,,-,,,,,,,2025/01/22,水,,,-,-,,-,-,¥0,,,-,,2025/01/22,水,,,-,-,,-,-,¥0,,,-,,2025/01/22,水,,,-,-,,-,-,¥0,,,-,,2025/01/22,水,,,-,-,,-,-,¥0,,,-,,2025/01/22,水,,,-,-,,-,-,¥0,,,-
2025/01/23,木,0,0,-,-,0,-,-,¥0,,,-,,1月結果,,,,,2025/01/23,木,,,-,-,,-,-,¥0,,,-,,2025/01/23,木,,,-,-,,-,-,¥0,,,-,,2025/01/23,木,,,-,-,,-,-,¥0,,,-,,2025/01/23,木,,,-,-,,-,-,¥0,,,-,,2025/01/23,木,,,-,-,,-,-,¥0,,,-
2025/01/24,金,0,0,-,-,0,-,-,¥0,,,-,,表示回数,0,,,,2025/01/24,金,,,-,-,,-,-,¥0,,,-,,2025/01/24,金,,,-,-,,-,-,¥0,,,-,,2025/01/24,金,,,-,-,,-,-,¥0,,,-,,2025/01/24,金,,,-,-,,-,-,¥0,,,-,,2025/01/24,金,,,-,-,,-,-,¥0,,,-
2025/01/25,土,0,0,-,-,0,-,-,¥0,,,-,,クリック数,0,,,,2025/01/25,土,,,-,-,,-,-,¥0,,,-,,2025/01/25,土,,,-,-,,-,-,¥0,,,-,,2025/01/25,土,,,-,-,,-,-,¥0,,,-,,2025/01/25,土,,,-,-,,-,-,¥0,,,-,,2025/01/25,土,,,-,-,,-,-,¥0,,,-
2025/01/26,日,0,0,-,-,0,-,-,¥0,,,-,,クリック率,-,,,,2025/01/26,日,,,-,-,,-,-,¥0,,,-,,2025/01/26,日,,,-,-,,-,-,¥0,,,-,,2025/01/26,日,,,-,-,,-,-,¥0,,,-,,2025/01/26,日,,,-,-,,-,-,¥0,,,-,,2025/01/26,日,,,-,-,,-,-,¥0,,,-
2025/01/27,月,0,0,-,-,0,-,-,¥0,,,-,,クリック単価,-,,,,2025/01/27,月,,,-,-,,-,-,¥0,,,-,,2025/01/27,月,,,-,-,,-,-,¥0,,,-,,2025/01/27,月,,,-,-,,-,-,¥0,,,-,,2025/01/27,月,,,-,-,,-,-,¥0,,,-,,2025/01/27,月,,,-,-,,-,-,¥0,,,-
2025/01/28,火,0,0,-,-,0,-,-,¥0,,,-,,実獲得数,0,,,,2025/01/28,火,,,-,-,,-,-,¥0,,,-,,2025/01/28,火,,,-,-,,-,-,¥0,,,-,,2025/01/28,火,,,-,-,,-,-,¥0,,,-,,2025/01/28,火,,,-,-,,-,-,¥0,,,-,,2025/01/28,火,,,-,-,,-,-,¥0,,,-
2025/01/29,水,0,0,-,-,0,-,-,¥0,,,-,,CPA,-,,,,2025/01/29,水,,,-,-,,-,-,¥0,,,-,,2025/01/29,水,,,-,-,,-,-,¥0,,,-,,2025/01/29,水,,,-,-,,-,-,¥0,,,-,,2025/01/29,水,,,-,-,,-,-,¥0,,,-,,2025/01/29,水,,,-,-,,-,-,¥0,,,-
2025/01/30,木,0,0,-,-,0,-,-,¥0,,,-,,CVR,-,,,,2025/01/30,木,,,-,-,,-,-,¥0,,,-,,2025/01/30,木,,,-,-,,-,-,¥0,,,-,,2025/01/30,木,,,-,-,,-,-,¥0,,,-,,2025/01/30,木,,,-,-,,-,-,¥0,,,-,,2025/01/30,木,,,-,-,,-,-,¥0,,,-
2025/01/31,金,0,0,-,-,0,-,-,¥0,,,-,,消化金額,¥0,,,,2025/01/31,金,,,-,-,,-,-,¥0,,,-,,2025/01/31,金,,,-,-,,-,-,¥0,,,-,,2025/01/31,金,,,-,-,,-,-,¥0,,,-,,2025/01/31,金,,,-,-,,-,-,¥0,,,-,,2025/01/31,金,,,-,-,,-,-,¥0,,,-
,,,,,,,,,,,,,,,,,,,,,,,,,,,,,,,,,,,,,,,,,,,,,,,,,,,,,,,,,,,,,,,,,,,,,,,,,,,,,,,,,,,,,,,
日付,曜日,表示回数,クリック数,クリック率,クリック単価,CV,CPA,CVR,請求金額,,実獲得数,実CPA,,,,,,,日付,曜日,表示回数,クリック数,クリック率,クリック単価,CV,CPA,CVR,請求金額,,実獲得数,実CPA,,日付,曜日,表示回数,クリック数,クリック率,クリック単価,CV,CPA,CVR,請求金額,,実獲得数,実CPA,,日付,曜日,表示回数,クリック数,クリック率,クリック単価,CV,CPA,CVR,請求金額,,実獲得数,実CPA,,日付,曜日,表示回数,クリック数,クリック率,クリック単価,CV,CPA,CVR,請求金額,,実獲得数,実CPA,,日付,曜日,表示回数,クリック数,クリック率,クリック単価,CV,CPA,CVR,請求金額,,実獲得数,実CPA
2025年2月,,"39,878",348,0.87%,"¥1,135",15,"¥26,336",4.31%,"¥395,038",,15,"¥26,336",,URL,,,,,2025年2月,,"10,332",113,1.09%,¥923,2,"¥52,152",1.77%,"¥104,303",,2,"¥52,152",,2025年2月,,"14,119",110,0.78%,"¥1,423",7,"¥22,360",6.36%,"¥156,518",,6,"¥26,086",,2025年2月,,"15,427",125,0.81%,"¥1,074",6,"¥22,369",4.80%,"¥134,216",,7,"¥19,174",,2025年2月,,0,¥0,-,-,0,-,-,¥0,,0,-,,2025年2月,,0,0,-,-,0,-,-,¥0,,0,-
2025/02/01,土,0,0,-,-,0,-,-,¥0,,0,-,,,,,,,2025/02/01,土,,,-,-,,-,-,¥0,,,-,,2025/02/01,土,,,-,-,,-,-,¥0,,,-,,2025/02/01,土,,,-,-,,-,-,¥0,,,-,,2025/02/01,土,,,-,-,,-,-,¥0,,,-,,2025/02/01,土,,,-,-,,-,-,¥0,,,-
2025/02/02,日,0,0,-,-,0,-,-,¥0,,0,-,,,,,,,2025/02/02,日,,,-,-,,-,-,¥0,,,-,,2025/02/02,日,,,-,-,,-,-,¥0,,,-,,2025/02/02,日,,,-,-,,-,-,¥0,,,-,,2025/02/02,日,,,-,-,,-,-,¥0,,,-,,2025/02/02,日,,,-,-,,-,-,¥0,,,-
2025/02/03,月,0,0,-,-,0,-,-,¥0,,0,-,,,,,,,2025/02/03,月,,,-,-,,-,-,¥0,,,-,,2025/02/03,月,,,-,-,,-,-,¥0,,,-,,2025/02/03,月,,,-,-,,-,-,¥0,,,-,,2025/02/03,月,,,-,-,,-,-,¥0,,,-,,2025/02/03,月,,,-,-,,-,-,¥0,,,-
2025/02/04,火,"1,934",11,0.57%,¥597,1,"¥6,565",9.09%,"¥6,565",,1,"¥6,565",,,,,,,2025/02/04,火,420,4,0.95%,¥537,1,"¥2,149",25.00%,"¥2,149",,1,"¥2,149",,2025/02/04,火,797,5,0.63%,¥445,0,-,0.00%,"¥2,224",,0,-,,2025/02/04,火,717,2,0.28%,"¥1,096",0,-,0.00%,"¥2,193",,0,-,,2025/02/04,火,,,-,-,,-,-,¥0,,,-,,2025/02/04,火,,,-,-,,-,-,¥0,,,-
2025/02/05,水,"1,987",28,1.41%,¥439,1,"¥12,300",3.57%,"¥12,300",,1,"¥12,300",,,,,,,2025/02/05,水,575,15,2.61%,¥362,0,-,0.00%,"¥5,426",,0,-,,2025/02/05,水,885,6,0.68%,¥621,1,"¥3,728",16.67%,"¥3,728",,1,"¥3,728",,2025/02/05,水,527,7,1.33%,¥449,0,-,0.00%,"¥3,146",,0,-,,2025/02/05,水,,,-,-,,-,-,¥0,,,-,,2025/02/05,水,,,-,-,,-,-,¥0,,,-
2025/02/06,木,"1,516",18,1.19%,¥853,0,-,0.00%,"¥15,361",,0,-,,,,,,,2025/02/06,木,555,12,2.16%,¥453,0,-,0.00%,"¥5,439",,0,-,,2025/02/06,木,377,2,0.53%,"¥2,552",0,-,0.00%,"¥5,104",,0,-,,2025/02/06,木,584,4,0.68%,"¥1,205",0,-,0.00%,"¥4,819",,0,-,,2025/02/06,木,,,-,-,,-,-,¥0,,,-,,2025/02/06,木,,,-,-,,-,-,¥0,,,-
2025/02/07,金,"1,621",16,0.99%,¥940,1,"¥15,048",6.25%,"¥15,048",,1,"¥15,048",,,,,,,2025/02/07,金,522,5,0.96%,¥899,0,-,0.00%,"¥4,495",,0,-,,2025/02/07,金,577,6,1.04%,"¥1,010",1,"¥6,058",16.67%,"¥6,058",,1,"¥6,058",,2025/02/07,金,522,5,0.96%,¥899,0,-,0.00%,"¥4,495",,0,-,,2025/02/07,金,,,-,-,,-,-,¥0,,,-,,2025/02/07,金,,,-,-,,-,-,¥0,,,-
2025/02/08,土,"1,303",11,0.84%,"¥1,137",1,"¥12,508",9.09%,"¥12,508",,1,"¥12,508",,,,,,,2025/02/08,土,403,5,1.24%,¥709,1,"¥3,546",20.00%,"¥3,546",,1,"¥3,546",,2025/02/08,土,477,2,0.42%,"¥2,607",0,-,0.00%,"¥5,214",,0,-,,2025/02/08,土,423,4,0.95%,¥937,0,-,0.00%,"¥3,748",,0,-,,2025/02/08,土,,,-,-,,-,-,¥0,,,-,,2025/02/08,土,,,-,-,,-,-,¥0,,,-
2025/02/09,日,"1,745",19,1.09%,¥934,1,"¥17,749",5.26%,"¥17,749",,1,"¥17,749",,,,,,,2025/02/09,日,560,8,1.43%,¥794,0,-,0.00%,"¥6,349",,0,-,,2025/02/09,日,539,6,1.11%,"¥1,229",1,"¥7,376",16.67%,"¥7,376",,1,"¥7,376",,2025/02/09,日,646,5,0.77%,¥805,0,-,0.00%,"¥4,024",,0,-,,2025/02/09,日,,,-,-,,-,-,¥0,,,-,,2025/02/09,日,,,-,-,,-,-,¥0,,,-
2025/02/10,月,"1,802",16,0.89%,"¥1,172",0,-,0.00%,"¥18,750",,0,-,,,,,,,2025/02/10,月,596,9,1.51%,¥721,0,-,0.00%,"¥6,490",,0,-,,2025/02/10,月,750,4,0.53%,"¥2,022",0,-,0.00%,"¥8,088",,0,-,,2025/02/10,月,456,3,0.66%,"¥1,391",0,-,0.00%,"¥4,173",,0,-,,2025/02/10,月,,,-,-,,-,-,¥0,,,-,,2025/02/10,月,,,-,-,,-,-,¥0,,,-
2025/02/11,火,"1,841",11,0.60%,"¥1,467",0,-,0.00%,"¥16,138",,0,-,,,,,,,2025/02/11,火,509,2,0.39%,"¥2,361",0,-,0.00%,"¥4,721",,0,-,,2025/02/11,火,761,7,0.92%,"¥1,159",0,-,0.00%,"¥8,110",,0,-,,2025/02/11,火,571,2,0.35%,"¥1,653",0,-,0.00%,"¥3,306",,0,-,,2025/02/11,火,,,-,-,,-,-,¥0,,,-,,2025/02/11,火,,,-,-,,-,-,¥0,,,-
2025/02/12,水,"1,135",13,1.15%,¥953,0,-,0.00%,"¥12,384",,0,-,,,,,,,2025/02/12,水,342,5,1.46%,¥829,0,-,0.00%,"¥4,146",,0,-,,2025/02/12,水,667,8,1.20%,¥891,0,-,0.00%,"¥7,130",,0,-,,2025/02/12,水,126,0,0.00%,-,0,-,-,"¥1,108",,0,-,,2025/02/12,水,,,-,-,,-,-,¥0,,,-,,2025/02/12,水,,,-,-,,-,-,¥0,,,-
2025/02/13,木,"1,045",9,0.86%,"¥1,177",0,-,0.00%,"¥10,593",,0,-,,,,,,,2025/02/13,木,478,6,1.26%,¥739,0,-,0.00%,"¥4,433",,0,-,,2025/02/13,木,567,3,0.53%,"¥2,053",0,-,0.00%,"¥6,160",,0,-,,2025/02/13,木,,,-,-,,-,-,¥0,,,-,,2025/02/13,木,,,-,-,,-,-,¥0,,,-,,2025/02/13,木,,,-,-,,-,-,¥0,,,-
2025/02/14,金,899,6,0.67%,"¥1,841",1,"¥11,048",16.67%,"¥11,048",,1,"¥11,048",,,,,,,2025/02/14,金,363,2,0.55%,"¥1,786",0,-,0.00%,"¥3,571",,0,-,,2025/02/14,金,304,1,0.33%,"¥4,995",0,-,0.00%,"¥4,995",,0,-,,2025/02/14,金,232,3,1.29%,¥827,1,"¥2,481",33.33%,"¥2,481",,1,"¥2,481",,2025/02/14,金,,,-,-,,-,-,¥0,,,-,,2025/02/14,金,,,-,-,,-,-,¥0,,,-
2025/02/15,土,"1,348",18,1.34%,¥740,2,"¥6,663",11.11%,"¥13,326",,2,"¥6,663",,,,,,,2025/02/15,土,473,3,0.63%,"¥1,295",0,-,0.00%,"¥3,884",,0,-,,2025/02/15,土,460,9,1.96%,¥613,1,"¥5,513",11.11%,"¥5,513",,1,"¥5,513",,2025/02/15,土,415,6,1.45%,¥655,1,"¥3,930",16.67%,"¥3,930",,1,"¥3,930",,2025/02/15,土,,,-,-,,-,-,¥0,,,-,,2025/02/15,土,,,-,-,,-,-,¥0,,,-
2025/02/16,日,"1,535",16,1.04%,"¥1,188",0,-,0.00%,"¥19,014",,0,-,,,,,,,2025/02/16,日,586,7,1.19%,¥763,0,-,0.00%,"¥5,344",,0,-,,2025/02/16,日,592,4,0.68%,"¥2,254",0,-,0.00%,"¥9,018",,0,-,,2025/02/16,日,357,5,1.40%,¥931,0,-,0.00%,"¥4,653",,0,-,,2025/02/16,日,,,-,-,,-,-,¥0,,,-,,2025/02/16,日,,,-,-,,-,-,¥0,,,-
2025/02/17,月,"1,345",8,0.59%,"¥2,167",0,-,0.00%,"¥17,333",,0,-,,,,,,,2025/02/17,月,313,0,0.00%,-,0,-,-,"¥4,458",,0,-,,2025/02/17,月,568,7,1.23%,"¥1,152",0,-,0.00%,"¥8,064",,0,-,,2025/02/17,月,464,1,0.22%,"¥4,811",0,-,0.00%,"¥4,811",,0,-,,2025/02/17,月,,,-,-,,-,-,¥0,,,-,,2025/02/17,月,,,-,-,,-,-,¥0,,,-
2025/02/18,火,"1,534",16,1.04%,"¥1,083",3,"¥5,773",18.75%,"¥17,320",,3,"¥5,773",,,,,,,2025/02/18,火,349,0,0.00%,-,0,-,-,"¥3,989",,0,-,,2025/02/18,火,490,8,1.63%,¥826,2,"¥3,304",25.00%,"¥6,609",,1,"¥6,609",,2025/02/18,火,695,8,1.15%,¥840,1,"¥6,723",12.50%,"¥6,723",,2,"¥3,361",,2025/02/18,火,,,-,-,,-,-,¥0,,,-,,2025/02/18,火,,,-,-,,-,-,¥0,,,-
2025/02/19,水,"2,051",12,0.59%,"¥1,728",0,-,0.00%,"¥20,738",,0,-,,,,,,,2025/02/19,水,760,5,0.66%,"¥1,577",0,-,0.00%,"¥7,886",,0,-,,2025/02/19,水,570,1,0.18%,"¥6,158",0,-,0.00%,"¥6,158",,0,-,,2025/02/19,水,721,6,0.83%,"¥1,116",0,-,0.00%,"¥6,694",,0,-,,2025/02/19,水,,,-,-,,-,-,¥0,,,-,,2025/02/19,水,,,-,-,,-,-,¥0,,,-
2025/02/20,木,"1,600",15,0.94%,"¥1,155",1,"¥17,321",6.67%,"¥17,321",,1,"¥17,321",,,,,,,2025/02/20,木,164,1,0.61%,"¥2,033",0,-,0.00%,"¥2,033",,0,-,,2025/02/20,木,623,8,1.28%,¥981,1,"¥7,846",12.50%,"¥7,846",,1,"¥7,846",,2025/02/20,木,813,6,0.74%,"¥1,240",0,-,0.00%,"¥7,443",,0,-,,2025/02/20,木,,,-,-,,-,-,¥0,,,-,,2025/02/20,木,,,-,-,,-,-,¥0,,,-
2025/02/21,金,"1,624",14,0.86%,"¥1,145",1,"¥16,031",7.14%,"¥16,031",,0,-,,,,,,,2025/02/21,金,192,1,0.52%,"¥1,981",0,-,0.00%,"¥1,981",,0,-,,2025/02/21,金,465,2,0.43%,"¥3,145",0,-,0.00%,"¥6,290",,0,-,,2025/02/21,金,967,11,1.14%,¥705,1,"¥7,760",9.09%,"¥7,760",,0,-,,2025/02/21,金,,,-,-,,-,-,¥0,,,-,,2025/02/21,金,,,-,-,,-,-,¥0,,,-
2025/02/22,土,"1,529",12,0.78%,"¥1,192",0,-,0.00%,"¥14,308",,0,-,,,,,,,2025/02/22,土,293,3,1.02%,"¥1,173",0,-,0.00%,"¥3,518",,0,-,,2025/02/22,土,270,1,0.37%,"¥4,094",0,-,0.00%,"¥4,094",,0,-,,2025/02/22,土,966,8,0.83%,¥837,0,-,0.00%,"¥6,696",,0,-,,2025/02/22,土,,,-,-,,-,-,¥0,,,-,,2025/02/22,土,,,-,-,,-,-,¥0,,,-
2025/02/23,日,"1,703",13,0.76%,"¥1,560",0,-,0.00%,"¥20,274",,1,"¥20,274",,2月結果,,,,,2025/02/23,日,353,1,0.28%,"¥4,094",0,-,0.00%,"¥4,094",,0,-,,2025/02/23,日,394,5,1.27%,"¥1,508",0,-,0.00%,"¥7,541",,0,-,,2025/02/23,日,956,7,0.73%,"¥1,234",0,-,0.00%,"¥8,639",,1,"¥8,639",,2025/02/23,日,,,-,-,,-,-,¥0,,,-,,2025/02/23,日,,,-,-,,-,-,¥0,,,-
2025/02/24,月,"1,818",12,0.66%,"¥1,815",0,-,0.00%,"¥21,781",,0,-,,表示回数,"39,878",,,,2025/02/24,月,323,4,1.24%,"¥1,003",0,-,0.00%,"¥4,013",,0,-,,2025/02/24,月,487,0,0.00%,-,0,-,-,"¥7,941",,0,-,,2025/02/24,月,"1,008",8,0.79%,"¥1,228",0,-,0.00%,"¥9,828",,0,-,,2025/02/24,月,,,-,-,,-,-,¥0,,,-,,2025/02/24,月,,,-,-,,-,-,¥0,,,-
2025/02/25,火,"1,474",13,0.88%,"¥1,172",1,"¥15,231",7.69%,"¥15,231",,1,"¥15,231",,クリック数,348,,,,2025/02/25,火,101,1,0.99%,"¥1,445",0,-,0.00%,"¥1,445",,0,-,,2025/02/25,火,533,5,0.94%,"¥1,073",0,-,0.00%,"¥5,364",,0,-,,2025/02/25,火,840,7,0.83%,"¥1,203",1,"¥8,423",14.29%,"¥8,423",,1,"¥8,423",,2025/02/25,火,,,-,-,,-,-,¥0,,,-,,2025/02/25,火,,,-,-,,-,-,¥0,,,-
2025/02/26,水,"1,715",20,1.17%,¥808,1,"¥16,159",5.00%,"¥16,159",,1,"¥16,159",,クリック率,0.87%,,,,2025/02/26,水,283,6,2.12%,¥463,0,-,0.00%,"¥2,780",,0,-,,2025/02/26,水,792,7,0.88%,¥884,0,-,0.00%,"¥6,191",,0,-,,2025/02/26,水,640,7,1.09%,"¥1,027",1,"¥7,188",14.29%,"¥7,188",,1,"¥7,188",,2025/02/26,水,,,-,-,,-,-,¥0,,,-,,2025/02/26,水,,,-,-,,-,-,¥0,,,-
2025/02/27,木,"2,095",12,0.57%,"¥1,589",0,-,0.00%,"¥19,071",,0,-,,クリック単価,"¥1,135",,,,2025/02/27,木,480,4,0.83%,"¥1,232",0,-,0.00%,"¥4,929",,0,-,,2025/02/27,木,588,1,0.17%,"¥5,314",0,-,0.00%,"¥5,314",,0,-,,2025/02/27,木,"1,027",7,0.68%,"¥1,261",0,-,0.00%,"¥8,829",,0,-,,2025/02/27,木,,,-,-,,-,-,¥0,,,-,,2025/02/27,木,,,-,-,,-,-,¥0,,,-
2025/02/28,金,"1,679",9,0.54%,"¥2,077",0,-,0.00%,"¥18,691",,0,-,,実獲得数,15,,,,2025/02/28,金,339,4,1.18%,¥797,0,-,0.00%,"¥3,188",,0,-,,2025/02/28,金,586,2,0.34%,"¥3,196",0,-,0.00%,"¥6,393",,,-,,2025/02/28,金,754,3,0.40%,"¥3,037",0,-,0.00%,"¥9,111",,0,-,,2025/02/28,金,,,-,-,,-,-,¥0,,,-,,2025/02/28,金,,,-,-,,-,-,¥0,,,-
,,0,0,-,-,0,-,-,¥0,,0,-,,CPA,"¥26,336",,,,,,,,-,-,,-,-,¥0,,,-,,,,,,-,-,,-,-,¥0,,,-,,,,,,-,-,,-,-,¥0,,,-,,,,,,-,-,,-,-,¥0,,,-,,,,,,-,-,,-,-,¥0,,,-
,,0,0,-,-,0,-,-,¥0,,0,-,,CVR,4.31%,,,,,,,,-,-,,-,-,¥0,,,-,,,,,,-,-,,-,-,¥0,,,-,,,,,,-,-,,-,-,¥0,,,-,,,,,,-,-,,-,-,¥0,,,-,,,,,,-,-,,-,-,¥0,,,-
,,0,0,-,-,0,-,-,¥0,,0,-,,消化金額,"¥395,039",,,,,,,,-,-,,-,-,¥0,,,-,,,,,,-,-,,-,-,¥0,,,-,,,,,,-,-,,-,-,¥0,,,-,,,,,,-,-,,-,-,¥0,,,-,,,,,,-,-,,-,-,¥0,,,-
,,,,,,,,,,,,,,,,,,,,,,,,,,,,,,,,,,,,,,,,,,,,,,,,,,,,,,,,,,,,,,,,,,,,,,,,,,,,,,,,,,,,,,,
日付,曜日,表示回数,クリック数,クリック率,クリック単価,CV,CPA,CVR,請求金額,,実獲得数,実CPA,,,,,,,日付,曜日,表示回数,クリック数,クリック率,クリック単価,CV,CPA,CVR,請求金額,,実獲得数,実CPA,,日付,曜日,表示回数,クリック数,クリック率,クリック単価,CV,CPA,CVR,請求金額,,実獲得数,実CPA,,日付,曜日,表示回数,クリック数,クリック率,クリック単価,CV,CPA,CVR,請求金額,,実獲得数,実CPA,,日付,曜日,表示回数,クリック数,クリック率,クリック単価,CV,CPA,CVR,請求金額,,実獲得数,実CPA,,日付,曜日,表示回数,クリック数,クリック率,クリック単価,CV,CPA,CVR,請求金額,,実獲得数,実CPA
2025年3月,,"38,172",300,0.79%,"¥1,570",17,"¥27,709",5.67%,"¥471,050",,23,"¥20,480",,URL,,,,,2025年3月,,"13,814",114,0.83%,"¥1,495",6,"¥28,402",5.26%,"¥170,411",,6,"¥28,402",,2025年3月,,"2,676",22,0.82%,"¥1,118",0,-,0.00%,"¥24,595",,1,"¥24,595",,2025年3月,,"21,682",164,0.76%,"¥1,683",11,"¥25,095",6.71%,"¥276,043",,16,"¥17,253",,2025年3月,,0,¥0,-,-,0,-,-,¥0,,0,-,,2025年3月,,0,0,-,-,0,-,-,¥0,,0,-
2025/03/01,土,"1,636",12,0.73%,"¥1,187",1,"¥14,244",8.33%,"¥14,244",,1,"¥14,244",,,,,,,2025/03/01,土,496,4,0.81%,"¥1,119",1,"¥4,475",25.00%,"¥4,475",,0,-,,2025/03/01,土,429,3,0.70%,"¥1,269",0,-,0.00%,"¥3,806",,0,-,,2025/03/01,土,711,5,0.70%,"¥1,193",0,-,0.00%,"¥5,963",,1,"¥5,963",,2025/03/01,土,,,-,-,,-,-,¥0,,,-,,2025/03/01,土,,,-,-,,-,-,¥0,,,-
2025/03/02,日,"2,267",15,0.66%,"¥1,463",0,-,0.00%,"¥21,943",,0,-,,,,,,,2025/03/02,日,586,5,0.85%,"¥1,123",0,-,0.00%,"¥5,616",,0,-,,2025/03/02,日,725,6,0.83%,"¥1,111",0,-,0.00%,"¥6,668",,0,-,,2025/03/02,日,956,4,0.42%,"¥2,415",0,-,0.00%,"¥9,659",,0,-,,2025/03/02,日,,,-,-,,-,-,¥0,,,-,,2025/03/02,日,,,-,-,,-,-,¥0,,,-
2025/03/03,月,"1,856",18,0.97%,"¥1,204",2,"¥10,836",11.11%,"¥21,673",,2,"¥10,836",,,,,,,2025/03/03,月,601,10,1.66%,¥736,2,"¥3,681",20.00%,"¥7,363",,2,"¥3,681",,2025/03/03,月,494,3,0.61%,"¥1,774",0,-,0.00%,"¥5,321",,0,-,,2025/03/03,月,761,5,0.66%,"¥1,798",0,-,0.00%,"¥8,989",,0,-,,2025/03/03,月,,,-,-,,-,-,¥0,,,-,,2025/03/03,月,,,-,-,,-,-,¥0,,,-
2025/03/04,火,"1,693",20,1.18%,¥915,1,"¥18,290",5.00%,"¥18,290",,1,"¥18,290",,,,,,,2025/03/04,火,737,9,1.22%,"¥1,056",1,"¥9,508",11.11%,"¥9,508",,1,"¥9,508",,2025/03/04,火,558,7,1.25%,¥735,0,-,0.00%,"¥5,143",,0,-,,2025/03/04,火,398,4,1.01%,¥910,0,-,0.00%,"¥3,640",,0,-,,2025/03/04,火,,,-,-,,-,-,¥0,,,-,,2025/03/04,火,,,-,-,,-,-,¥0,,,-
2025/03/05,水,"1,248",15,1.20%,¥941,1,"¥14,121",6.67%,"¥14,121",,1,"¥14,121",,,,,,,2025/03/05,水,723,9,1.24%,"¥1,002",0,-,0.00%,"¥9,015",,0,-,,2025/03/05,水,203,3,1.48%,¥667,0,-,0.00%,"¥2,001",,0,-,,2025/03/05,水,322,3,0.93%,"¥1,035",1,"¥3,105",33.33%,"¥3,105",,1,"¥3,105",,2025/03/05,水,,,-,-,,-,-,¥0,,,-,,2025/03/05,水,,,-,-,,-,-,¥0,,,-
2025/03/06,木,"1,588",13,0.82%,"¥1,465",2,"¥9,520",15.38%,"¥19,040",,3,"¥6,347",,,,,,,2025/03/06,木,835,7,0.84%,"¥1,462",0,-,0.00%,"¥10,234",,0,-,,2025/03/06,木,267,0,0.00%,-,0,-,-,"¥1,656",,1,"¥1,656",,2025/03/06,木,486,6,1.23%,"¥1,192",2,"¥3,575",33.33%,"¥7,150",,2,"¥3,575",,2025/03/06,木,,,-,-,,-,-,¥0,,,-,,2025/03/06,木,,,-,-,,-,-,¥0,,,-
2025/03/07,金,"1,386",13,0.94%,"¥1,140",1,"¥14,814",7.69%,"¥14,814",,1,"¥14,814",,,,,,,2025/03/07,金,443,4,0.90%,"¥1,522",0,-,0.00%,"¥6,088",,0,-,,2025/03/07,金,,,-,-,,-,-,¥0,,,-,,2025/03/07,金,943,9,0.95%,¥970,1,"¥8,726",11.11%,"¥8,726",,1,"¥8,726",,2025/03/07,金,,,-,-,,-,-,¥0,,,-,,2025/03/07,金,,,-,-,,-,-,¥0,,,-
2025/03/08,土,"1,535",11,0.72%,"¥1,269",0,-,0.00%,"¥13,960",,1,"¥13,960",,,,,,,2025/03/08,土,572,4,0.70%,"¥1,201",0,-,0.00%,"¥4,805",,0,-,,2025/03/08,土,,,-,-,,-,-,¥0,,,-,,2025/03/08,土,963,7,0.73%,"¥1,308",0,-,0.00%,"¥9,155",,1,"¥9,155",,2025/03/08,土,,,-,-,,-,-,¥0,,,-,,2025/03/08,土,,,-,-,,-,-,¥0,,,-
2025/03/09,日,"1,618",18,1.11%,¥966,1,"¥17,391",5.56%,"¥17,391",,1,"¥17,391",,,,,,,2025/03/09,日,587,5,0.85%,"¥1,290",0,-,0.00%,"¥6,450",,0,-,,2025/03/09,日,,,-,-,,-,-,¥0,,,-,,2025/03/09,日,"1,031",13,1.26%,¥842,1,"¥10,941",7.69%,"¥10,941",,1,"¥10,941",,2025/03/09,日,,,-,-,,-,-,¥0,,,-,,2025/03/09,日,,,-,-,,-,-,¥0,,,-
2025/03/10,月,"1,503",13,0.86%,"¥1,369",1,"¥17,799",7.69%,"¥17,799",,1,"¥17,799",,,,,,,2025/03/10,月,558,6,1.08%,"¥1,046",0,-,0.00%,"¥6,275",,0,-,,2025/03/10,月,,,-,-,,-,-,¥0,,,-,,2025/03/10,月,945,7,0.74%,"¥1,646",1,"¥11,524",14.29%,"¥11,524",,1,"¥11,524",,2025/03/10,月,,,-,-,,-,-,¥0,,,-,,2025/03/10,月,,,-,-,,-,-,¥0,,,-
2025/03/11,火,"1,278",9,0.70%,"¥1,698",0,-,0.00%,"¥15,285",,0,-,,,,,,,2025/03/11,火,425,4,0.94%,"¥1,450",0,-,0.00%,"¥5,800",,0,-,,2025/03/11,火,,,-,-,,-,-,¥0,,,-,,2025/03/11,火,853,5,0.59%,"¥1,897",0,-,0.00%,"¥9,485",,0,-,,2025/03/11,火,,,-,-,,-,-,¥0,,,-,,2025/03/11,火,,,-,-,,-,-,¥0,,,-
2025/03/12,水,"1,269",9,0.71%,"¥1,606",0,-,0.00%,"¥14,451",,0,-,,,,,,,2025/03/12,水,565,6,1.06%,¥843,0,-,0.00%,"¥5,055",,0,-,,2025/03/12,水,,,-,-,,-,-,¥0,,,-,,2025/03/12,水,704,3,0.43%,"¥3,132",0,-,0.00%,"¥9,396",,0,-,,2025/03/12,水,,,-,-,,-,-,¥0,,,-,,2025/03/12,水,,,-,-,,-,-,¥0,,,-
2025/03/13,木,"1,052",9,0.86%,"¥1,823",1,"¥16,404",11.11%,"¥16,404",,1,"¥16,404",,,,,,,2025/03/13,木,427,5,1.17%,"¥1,162",0,-,0.00%,"¥5,811",,0,-,,2025/03/13,木,,,-,-,,-,-,¥0,,,-,,2025/03/13,木,625,4,0.64%,"¥2,648",1,"¥10,593",25.00%,"¥10,593",,1,"¥10,593",,2025/03/13,木,,,-,-,,-,-,¥0,,,-,,2025/03/13,木,,,-,-,,-,-,¥0,,,-
2025/03/14,金,823,9,1.09%,"¥1,543",0,-,0.00%,"¥13,890",,0,-,,,,,,,2025/03/14,金,256,2,0.78%,"¥1,340",0,-,0.00%,"¥2,680",,0,-,,2025/03/14,金,,,-,-,,-,-,¥0,,,-,,2025/03/14,金,567,7,1.23%,"¥1,601",0,-,0.00%,"¥11,210",,0,-,,2025/03/14,金,,,-,-,,-,-,¥0,,,-,,2025/03/14,金,,,-,-,,-,-,¥0,,,-
2025/03/15,土,"1,038",10,0.96%,"¥1,452",1,"¥14,518",10.00%,"¥14,518",,3,"¥4,839",,,,,,,2025/03/15,土,449,4,0.89%,"¥1,010",1,"¥4,041",25.00%,"¥4,041",,1,"¥4,041",,2025/03/15,土,,,-,-,,-,-,¥0,,,-,,2025/03/15,土,589,6,1.02%,"¥1,746",0,-,0.00%,"¥10,476",,2,"¥5,238",,2025/03/15,土,,,-,-,,-,-,¥0,,,-,,2025/03/15,土,,,-,-,,-,-,¥0,,,-
2025/03/16,日,"1,152",12,1.04%,"¥1,232",1,"¥14,784",8.33%,"¥14,784",,1,"¥14,784",,,,,,,2025/03/16,日,449,4,0.89%,"¥1,170",1,"¥4,679",25.00%,"¥4,679",,1,"¥4,679",,2025/03/16,日,,,-,-,,-,-,¥0,,,-,,2025/03/16,日,703,8,1.14%,"¥1,263",0,-,0.00%,"¥10,105",,0,-,,2025/03/16,日,,,-,-,,-,-,¥0,,,-,,2025/03/16,日,,,-,-,,-,-,¥0,,,-
2025/03/17,月,"1,057",6,0.57%,"¥2,634",1,"¥15,804",16.67%,"¥15,804",,2,"¥7,902",,,,,,,2025/03/17,月,530,2,0.38%,"¥3,523",0,-,0.00%,"¥7,046",,1,"¥7,046",,2025/03/17,月,,,-,-,,-,-,¥0,,,-,,2025/03/17,月,527,4,0.76%,"¥2,189",1,"¥8,758",25.00%,"¥8,758",,1,"¥8,758",,2025/03/17,月,,,-,-,,-,-,¥0,,,-,,2025/03/17,月,,,-,-,,-,-,¥0,,,-
2025/03/18,火,"1,281",6,0.47%,"¥2,992",0,-,0.00%,"¥17,953",,0,-,,,,,,,2025/03/18,火,760,2,0.26%,"¥5,036",0,-,0.00%,"¥10,071",,0,-,,2025/03/18,火,,,-,-,,-,-,¥0,,,-,,2025/03/18,火,521,4,0.77%,"¥1,970",0,-,0.00%,"¥7,881",,0,-,,2025/03/18,火,,,-,-,,-,-,¥0,,,-,,2025/03/18,火,,,-,-,,-,-,¥0,,,-
2025/03/19,水,"1,022",5,0.49%,"¥3,510",0,-,0.00%,"¥17,549",,0,-,,,,,,,2025/03/19,水,604,4,0.66%,"¥2,441",0,-,0.00%,"¥9,763",,0,-,,2025/03/19,水,,,-,-,,-,-,¥0,,,-,,2025/03/19,水,418,1,0.24%,"¥7,786",0,-,0.00%,"¥7,786",,0,-,,2025/03/19,水,,,-,-,,-,-,¥0,,,-,,2025/03/19,水,,,-,-,,-,-,¥0,,,-
2025/03/20,木,"1,321",4,0.30%,"¥4,232",0,-,0.00%,"¥16,928",,0,-,,,,,,,2025/03/20,木,698,1,0.14%,"¥9,615",0,-,0.00%,"¥9,615",,0,-,,2025/03/20,木,,,-,-,,-,-,¥0,,,-,,2025/03/20,木,623,3,0.48%,"¥2,438",0,-,0.00%,"¥7,313",,0,-,,2025/03/20,木,,,-,-,,-,-,¥0,,,-,,2025/03/20,木,,,-,-,,-,-,¥0,,,-
2025/03/21,金,"1,043",7,0.67%,"¥2,182",0,-,0.00%,"¥15,275",,0,-,,,,,,,2025/03/21,金,575,4,0.70%,"¥2,251",0,-,0.00%,"¥9,004",,0,-,,2025/03/21,金,,,-,-,,-,-,¥0,,,-,,2025/03/21,金,468,3,0.64%,"¥2,090",0,-,0.00%,"¥6,271",,0,-,,2025/03/21,金,,,-,-,,-,-,¥0,,,-,,2025/03/21,金,,,-,-,,-,-,¥0,,,-
2025/03/22,土,843,9,1.07%,"¥1,235",0,-,0.00%,"¥11,116",,0,-,,,,,,,2025/03/22,土,464,3,0.65%,"¥2,187",0,-,0.00%,"¥6,561",,0,-,,2025/03/22,土,,,-,-,,-,-,¥0,,,-,,2025/03/22,土,379,6,1.58%,¥759,0,-,0.00%,"¥4,555",,0,-,,2025/03/22,土,,,-,-,,-,-,¥0,,,-,,2025/03/22,土,,,-,-,,-,-,¥0,,,-
2025/03/23,日,"1,466",11,0.75%,"¥1,806",0,-,0.00%,"¥19,863",,0,-,,3月結果,,,,,2025/03/23,日,797,6,0.75%,"¥1,790",0,-,0.00%,"¥10,739",,0,-,,2025/03/23,日,,,-,-,,-,-,¥0,,,-,,2025/03/23,日,669,5,0.75%,"¥1,825",0,-,0.00%,"¥9,124",,0,-,,2025/03/23,日,,,-,-,,-,-,¥0,,,-,,2025/03/23,日,,,-,-,,-,-,¥0,,,-
2025/03/24,月,"1,097",7,0.64%,"¥1,988",0,-,0.00%,"¥13,915",,0,-,,表示回数,"38,172",,,,2025/03/24,月,409,2,0.49%,"¥2,849",0,-,0.00%,"¥5,698",,0,-,,2025/03/24,月,,,-,-,,-,-,¥0,,,-,,2025/03/24,月,688,5,0.73%,"¥1,644",0,-,0.00%,"¥8,218",,0,-,,2025/03/24,月,,,-,-,,-,-,¥0,,,-,,2025/03/24,月,,,-,-,,-,-,¥0,,,-
2025/03/25,火,"1,031",6,0.58%,"¥1,881",0,-,0.00%,"¥11,285",,0,-,,クリック数,300,,,,2025/03/25,火,,,-,-,,-,-,¥0,,,-,,2025/03/25,火,,,-,-,,-,-,¥0,,,-,,2025/03/25,火,"1,031",6,0.58%,"¥1,881",0,-,0.00%,"¥11,285",,0,-,,2025/03/25,火,,,-,-,,-,-,¥0,,,-,,2025/03/25,火,,,-,-,,-,-,¥0,,,-
2025/03/26,水,"1,105",8,0.72%,"¥1,439",1,"¥11,509",12.50%,"¥11,509",,1,"¥11,509",,クリック率,0.79%,,,,2025/03/26,水,,,-,-,,-,-,¥0,,,-,,2025/03/26,水,,,-,-,,-,-,¥0,,,-,,2025/03/26,水,"1,105",8,0.72%,"¥1,439",1,"¥11,509",12.50%,"¥11,509",,1,"¥11,509",,2025/03/26,水,,,-,-,,-,-,¥0,,,-,,2025/03/26,水,,,-,-,,-,-,¥0,,,-
2025/03/27,木,"1,147",5,0.44%,"¥2,636",0,-,0.00%,"¥13,178",,1,"¥13,178",,クリック単価,"¥1,570",,,,2025/03/27,木,218,2,0.92%,"¥1,401",0,-,0.00%,"¥2,803",,0,-,,2025/03/27,木,,,-,-,,-,-,¥0,,,-,,2025/03/27,木,929,3,0.32%,"¥3,458",0,-,0.00%,"¥10,375",,1,"¥10,375",,2025/03/27,木,,,-,-,,-,-,¥0,,,-,,2025/03/27,木,,,-,-,,-,-,¥0,,,-
2025/03/28,金,654,3,0.46%,"¥3,783",0,-,0.00%,"¥11,348",,0,-,,実獲得数,23,,,,2025/03/28,金,50,0,0.00%,-,0,-,-,"¥1,219",,0,-,,2025/03/28,金,,,-,-,,-,-,¥0,,,-,,2025/03/28,金,604,3,0.50%,"¥3,376",0,-,0.00%,"¥10,129",,0,-,,2025/03/28,金,,,-,-,,-,-,¥0,,,-,,2025/03/28,金,,,-,-,,-,-,¥0,,,-
2025/03/29,土,667,2,0.30%,"¥4,104",1,"¥8,208",50.00%,"¥8,208",,1,"¥8,208",,CPA,"¥20,480",,,,2025/03/29,土,,,-,-,,-,-,¥0,,,-,,2025/03/29,土,,,-,-,,-,-,¥0,,,-,,2025/03/29,土,667,2,0.30%,"¥4,104",1,"¥8,208",50.00%,"¥8,208",,1,"¥8,208",,2025/03/29,土,,,-,-,,-,-,¥0,,,-,,2025/03/29,土,,,-,-,,-,-,¥0,,,-
2025/03/30,日,588,5,0.85%,"¥2,126",1,"¥10,628",20.00%,"¥10,628",,1,"¥10,628",,CVR,7.67%,,,,2025/03/30,日,,,-,-,,-,-,¥0,,,-,,2025/03/30,日,,,-,-,,-,-,¥0,,,-,,2025/03/30,日,588,5,0.85%,"¥2,126",1,"¥10,628",20.00%,"¥10,628",,1,"¥10,628",,2025/03/30,日,,,-,-,,-,-,¥0,,,-,,2025/03/30,日,,,-,-,,-,-,¥0,,,-
2025/03/31,月,908,10,1.10%,"¥1,389",0,-,0.00%,"¥13,890",,0,-,,消化金額,"¥471,050",,,,2025/03/31,月,,,-,-,,-,-,¥0,,,-,,2025/03/31,月,,,-,-,,-,-,¥0,,,-,,2025/03/31,月,908,10,1.10%,"¥1,389",0,-,0.00%,"¥13,890",,,-,,2025/03/31,月,,,-,-,,-,-,¥0,,,-,,2025/03/31,月,,,-,-,,-,-,¥0,,,-
,,,,,,,,,,,,,,,,,,,,,,,,,,,,,,,,,,,,,,,,,,,,,,,,,,,,,,,,,,,,,,,,,,,,,,,,,,,,,,,,,,,,,,,
日付,曜日,表示回数,クリック数,クリック率,クリック単価,CV,CPA,CVR,請求金額,,実獲得数,実CPA,,,,,,,日付,曜日,表示回数,クリック数,クリック率,クリック単価,CV,CPA,CVR,請求金額,,実獲得数,実CPA,,日付,曜日,表示回数,クリック数,クリック率,クリック単価,CV,CPA,CVR,請求金額,,実獲得数,実CPA,,日付,曜日,表示回数,クリック数,クリック率,クリック単価,CV,CPA,CVR,請求金額,,実獲得数,実CPA,,日付,曜日,表示回数,クリック数,クリック率,クリック単価,CV,CPA,CVR,請求金額,,実獲得数,実CPA,,日付,曜日,表示回数,クリック数,クリック率,クリック単価,CV,CPA,CVR,請求金額,,実獲得数,実CPA
2025年4月,,"25,565",229,0.90%,"¥1,662",16,"¥23,794",6.99%,"¥380,708",,15,"¥25,381",,URL,,,,,2025年4月,,0,0,-,-,0,-,-,¥0,,0,-,,2025年4月,,0,0,-,-,0,-,-,¥0,,0,-,,2025年4月,,"15,097",120,0.79%,"¥2,019",10,"¥24,224",8.33%,"¥242,235",,10,"¥24,224",,2025年4月,,"4,244",¥33,0.78%,"¥2,350",1,"¥77,540",3.03%,"¥77,540",,1,"¥77,540",,2025年4月,,"6,224",76,1.22%,¥802,5,"¥12,187",6.58%,"¥60,933",,4,"¥15,233"
2025/04/01,火,"1,187",13,1.10%,"¥1,223",1,"¥15,894",7.69%,"¥15,894",,1,"¥15,894",,"◾️LP3
https://c1.ritzpro.website

◾️サンクスページ
https://thxa1.ritzpro.website",,,,,2025/04/01,火,,,-,-,,-,-,¥0,,,-,,2025/04/01,火,,,-,-,,-,-,¥0,,,-,,2025/04/01,火,"1,187",13,1.10%,"¥1,223",1,"¥15,894",7.69%,"¥15,894",,1,"¥15,894",,2025/04/01,火,,,-,-,,-,-,¥0,,,-,,2025/04/01,火,,,-,-,,-,-,¥0,,,-
2025/04/02,水,986,10,1.01%,"¥1,324",1,"¥13,235",10.00%,"¥13,235",,1,"¥13,235",,,,,,,2025/04/02,水,,,-,-,,-,-,¥0,,,-,,2025/04/02,水,,,-,-,,-,-,¥0,,,-,,2025/04/02,水,986,10,1.01%,"¥1,324",1,"¥13,235",10.00%,"¥13,235",,1,"¥13,235",,2025/04/02,水,,,-,-,,-,-,¥0,,,-,,2025/04/02,水,,,-,-,,-,-,¥0,,,-
2025/04/03,木,891,6,0.67%,"¥2,018",0,-,0.00%,"¥12,109",,0,-,,,,,,,2025/04/03,木,,,-,-,,-,-,¥0,,,-,,2025/04/03,木,,,-,-,,-,-,¥0,,,-,,2025/04/03,木,891,6,0.67%,"¥2,018",0,-,0.00%,"¥12,109",,0,-,,2025/04/03,木,,,-,-,,-,-,¥0,,,-,,2025/04/03,木,,,-,-,,-,-,¥0,,,-
2025/04/04,金,761,3,0.39%,"¥4,688",0,-,0.00%,"¥14,063",,0,-,,,,,,,2025/04/04,金,,,-,-,,-,-,¥0,,,-,,2025/04/04,金,,,-,-,,-,-,¥0,,,-,,2025/04/04,金,761,3,0.39%,"¥4,688",0,-,0.00%,"¥14,063",,0,-,,2025/04/04,金,,,-,-,,-,-,¥0,,,-,,2025/04/04,金,,,-,-,,-,-,¥0,,,-
2025/04/05,土,720,6,0.83%,"¥1,539",0,-,0.00%,"¥9,235",,0,-,,,,,,,2025/04/05,土,,,-,-,,-,-,¥0,,,-,,2025/04/05,土,,,-,-,,-,-,¥0,,,-,,2025/04/05,土,720,6,0.83%,"¥1,539",0,-,0.00%,"¥9,235",,0,-,,2025/04/05,土,,,-,-,,-,-,¥0,,,-,,2025/04/05,土,,,-,-,,-,-,¥0,,,-
2025/04/06,日,678,3,0.44%,"¥5,507",1,"¥16,520",33.33%,"¥16,520",,1,"¥16,520",,,,,,,2025/04/06,日,,,-,-,,-,-,¥0,,,-,,2025/04/06,日,,,-,-,,-,-,¥0,,,-,,2025/04/06,日,678,3,0.44%,"¥5,507",1,"¥16,520",33.33%,"¥16,520",,1,"¥16,520",,2025/04/06,日,,,-,-,,-,-,¥0,,,-,,2025/04/06,日,,,-,-,,-,-,¥0,,,-
2025/04/07,月,643,3,0.47%,"¥4,688",0,-,0.00%,"¥14,063",美容LP開始,0,-,,,,,,,2025/04/07,月,,,-,-,,-,-,¥0,,,-,,2025/04/07,月,,,-,-,,-,-,¥0,,,-,,2025/04/07,月,493,2,0.41%,"¥5,473",0,-,0.00%,"¥10,946",,0,-,,2025/04/07,月,150,1,0.67%,"¥3,116",0,-,0.00%,"¥3,116",開始,0,-,,2025/04/07,月,,,-,-,,-,-,¥0,,,-
2025/04/08,火,767,7,0.91%,"¥1,909",2,"¥6,682",28.57%,"¥13,364",,2,"¥6,682",,,,,,,2025/04/08,火,,,-,-,,-,-,¥0,,,-,,2025/04/08,火,,,-,-,,-,-,¥0,,,-,,2025/04/08,火,498,6,1.20%,"¥1,385",2,"¥4,155",33.33%,"¥8,310",,1,"¥8,310",,2025/04/08,火,269,1,0.37%,"¥5,054",0,-,0.00%,"¥5,054",,1,"¥5,054",,2025/04/08,火,,,-,-,,-,-,¥0,,,-
2025/04/09,水,"1,106",8,0.72%,"¥2,150",1,"¥17,204",12.50%,"¥17,204",,0,-,,,,,,,2025/04/09,水,,,-,-,,-,-,¥0,,,-,,2025/04/09,水,,,-,-,,-,-,¥0,,,-,,2025/04/09,水,753,4,0.53%,"¥2,653",1,"¥10,614",25.00%,"¥10,614",,0,-,,2025/04/09,水,353,4,1.13%,"¥1,648",0,-,0.00%,"¥6,590",,0,-,,2025/04/09,水,,,-,-,,-,-,¥0,,,-
2025/04/10,木,643,2,0.31%,"¥6,926",0,-,0.00%,"¥13,851",,0,-,,,,,,,2025/04/10,木,,,-,-,,-,-,¥0,,,-,,2025/04/10,木,,,-,-,,-,-,¥0,,,-,,2025/04/10,木,316,1,0.32%,"¥7,766",0,-,0.00%,"¥7,766",,0,-,,2025/04/10,木,327,1,0.31%,"¥6,085",0,-,0.00%,"¥6,085",,0,-,,2025/04/10,木,,,-,-,,-,-,¥0,,,-
2025/04/11,金,733,4,0.55%,"¥2,706",0,-,0.00%,"¥10,825",,0,-,,,,,,,2025/04/11,金,,,-,-,,-,-,¥0,,,-,,2025/04/11,金,,,-,-,,-,-,¥0,,,-,,2025/04/11,金,379,2,0.53%,"¥2,943",0,-,0.00%,"¥5,886",,0,-,,2025/04/11,金,354,2,0.56%,"¥2,469",0,-,0.00%,"¥4,939",,0,-,,2025/04/11,金,,,-,-,,-,-,¥0,,,-
2025/04/12,土,659,2,0.30%,"¥5,075",2,"¥5,075",100.00%,"¥10,150",,1,"¥10,150",,,,,,,2025/04/12,土,,,-,-,,-,-,¥0,,,-,,2025/04/12,土,,,-,-,,-,-,¥0,,,-,,2025/04/12,土,355,1,0.28%,"¥5,526",2,"¥2,763",200.00%,"¥5,526",,1,"¥5,526",,2025/04/12,土,304,1,0.33%,"¥4,624",0,-,0.00%,"¥4,624",,0,-,,2025/04/12,土,,,-,-,,-,-,¥0,,,-
2025/04/13,日,554,3,0.54%,"¥4,703",0,-,0.00%,"¥14,108",,0,-,,,,,,,2025/04/13,日,,,-,-,,-,-,¥0,,,-,,2025/04/13,日,,,-,-,,-,-,¥0,,,-,,2025/04/13,日,295,3,1.02%,"¥2,853",0,-,0.00%,"¥8,559",,0,-,,2025/04/13,日,259,0,0.00%,-,0,-,-,"¥5,549",,0,-,,2025/04/13,日,,,-,-,,-,-,¥0,,,-
2025/04/14,月,582,6,1.03%,"¥2,021",0,-,0.00%,"¥12,129",,0,-,,,,,,,2025/04/14,月,,,-,-,,-,-,¥0,,,-,,2025/04/14,月,,,-,-,,-,-,¥0,,,-,,2025/04/14,月,355,3,0.85%,"¥2,039",0,-,0.00%,"¥6,116",,0,-,,2025/04/14,月,227,3,1.32%,"¥2,004",0,-,0.00%,"¥6,013",,0,-,,2025/04/14,月,,,-,-,,-,-,¥0,,,-
2025/04/15,火,783,5,0.64%,"¥2,106",0,-,0.00%,"¥10,531",,0,-,,,,,,,2025/04/15,火,,,-,-,,-,-,¥0,,,-,,2025/04/15,火,,,-,-,,-,-,¥0,,,-,,2025/04/15,火,562,5,0.89%,"¥1,244",0,-,0.00%,"¥6,219",,0,-,,2025/04/15,火,221,0,0.00%,-,0,-,-,"¥4,313",,,-,,2025/04/15,火,,,-,-,,-,-,¥0,,,-
2025/04/16,水,600,8,1.33%,"¥1,427",1,"¥11,415",12.50%,"¥11,415",,2,"¥5,708",,,,,,,2025/04/16,水,,,-,-,,-,-,¥0,,,-,,2025/04/16,水,,,-,-,,-,-,¥0,,,-,,2025/04/16,水,373,4,1.07%,"¥1,525",0,-,0.00%,"¥6,099",,2,"¥3,049",,2025/04/16,水,227,4,1.76%,"¥1,329",1,"¥5,316",25.00%,"¥5,316",,,-,,2025/04/16,水,,,-,-,,-,-,¥0,,,-
2025/04/17,木,722,7,0.97%,"¥1,615",0,-,0.00%,"¥11,306",,0,-,,,,,,,2025/04/17,木,,,-,-,,-,-,¥0,,,-,,2025/04/17,木,,,-,-,,-,-,¥0,,,-,,2025/04/17,木,295,3,1.02%,"¥1,834",0,-,0.00%,"¥5,501",,0,-,,2025/04/17,木,427,4,0.94%,"¥1,451",0,-,0.00%,"¥5,805",,,-,,2025/04/17,木,,,-,-,,-,-,¥0,,,-
2025/04/18,金,769,4,0.52%,"¥2,968",0,-,0.00%,"¥11,870",,0,-,,,,,,,2025/04/18,金,,,-,-,,-,-,¥0,,,-,,2025/04/18,金,,,-,-,,-,-,¥0,,,-,,2025/04/18,金,455,2,0.44%,"¥3,288",0,-,0.00%,"¥6,575",,0,-,,2025/04/18,金,314,2,0.64%,"¥2,648",0,-,0.00%,"¥5,295",,,-,,2025/04/18,金,,,-,-,,-,-,¥0,,,-
2025/04/19,土,712,4,0.56%,"¥2,166",0,-,0.00%,"¥8,665",,0,-,,,,,,,2025/04/19,土,,,-,-,,-,-,¥0,,,-,,2025/04/19,土,,,-,-,,-,-,¥0,,,-,,2025/04/19,土,310,2,0.65%,"¥1,806",0,-,0.00%,"¥3,611",,0,-,,2025/04/19,土,402,2,0.50%,"¥2,527",0,-,0.00%,"¥5,054",,,-,,2025/04/19,土,,,-,-,,-,-,¥0,,,-
2025/04/20,日,759,11,1.45%,"¥1,495",0,-,0.00%,"¥16,448",,0,-,,,,,,,2025/04/20,日,,,-,-,,-,-,¥0,,,-,,2025/04/20,日,,,-,-,,-,-,¥0,,,-,,2025/04/20,日,441,4,0.91%,"¥2,118",0,-,0.00%,"¥8,474",,0,-,,2025/04/20,日,318,7,2.20%,"¥1,139",0,-,0.00%,"¥7,974",,,-,,2025/04/20,日,,,-,-,,-,-,¥0,,,-
2025/04/21,月,626,6,0.96%,"¥1,581",0,-,0.00%,"¥9,489",,0,-,,,,,,,2025/04/21,月,,,-,-,,-,-,¥0,,,-,,2025/04/21,月,,,-,-,,-,-,¥0,,,-,,2025/04/21,月,534,5,0.94%,"¥1,535",0,-,0.00%,"¥7,674",,0,-,,2025/04/21,月,92,1,1.09%,"¥1,815",0,-,0.00%,"¥1,815",停止,,-,,2025/04/21,月,,,-,-,,-,-,¥0,,,-
2025/04/22,火,639,6,0.94%,"¥1,572",0,-,0.00%,"¥9,433",,0,-,,,,,,,2025/04/22,火,,,-,-,,-,-,¥0,,,-,,2025/04/22,火,,,-,-,,-,-,¥0,,,-,,2025/04/22,火,491,4,0.81%,"¥1,948",0,-,0.00%,"¥7,793",,0,-,,2025/04/22,火,,,-,-,,-,-,¥0,,,-,,2025/04/22,火,148,2,1.35%,¥820,0,-,0.00%,"¥1,640",,0,-
2025/04/23,水,853,13,1.52%,"¥1,124",2,"¥7,307",15.38%,"¥14,614",,1,"¥14,614",,4月結果,,,,,2025/04/23,水,,,-,-,,-,-,¥0,,,-,,2025/04/23,水,,,-,-,,-,-,¥0,,,-,,2025/04/23,水,371,5,1.35%,"¥1,770",1,"¥8,848",20.00%,"¥8,848",,1,"¥8,848",,2025/04/23,水,,,-,-,,-,-,¥0,,,-,,2025/04/23,水,482,8,1.66%,¥721,1,"¥5,766",12.50%,"¥5,766",,0,-
2025/04/24,木,871,10,1.15%,"¥1,373",1,"¥13,734",10.00%,"¥13,734",,2,"¥6,867",,表示回数,"25,565",,,,2025/04/24,木,,,-,-,,-,-,¥0,,,-,,2025/04/24,木,,,-,-,,-,-,¥0,,,-,,2025/04/24,木,337,2,0.59%,"¥4,219",0,-,0.00%,"¥8,438",,0,-,,2025/04/24,木,,,-,-,,-,-,¥0,,,-,,2025/04/24,木,534,8,1.50%,¥662,1,"¥5,296",12.50%,"¥5,296",,2,"¥2,648"
2025/04/25,金,990,11,1.11%,"¥1,225",0,-,0.00%,"¥13,479",,0,-,,クリック数,229,,,,2025/04/25,金,,,-,-,,-,-,¥0,,,-,,2025/04/25,金,,,-,-,,-,-,¥0,,,-,,2025/04/25,金,344,4,1.16%,"¥1,526",0,-,0.00%,"¥6,105",,0,-,,2025/04/25,金,,,-,-,,-,-,¥0,,,-,,2025/04/25,金,646,7,1.08%,"¥1,053",0,-,0.00%,"¥7,374",,0,-
2025/04/26,土,"1,166",7,0.60%,"¥1,559",0,-,0.00%,"¥10,916",,0,-,,クリック率,0.90%,,,,2025/04/26,土,,,-,-,,-,-,¥0,,,-,,2025/04/26,土,,,-,-,,-,-,¥0,,,-,,2025/04/26,土,376,2,0.53%,"¥1,971",0,-,0.00%,"¥3,941",,0,-,,2025/04/26,土,,,-,-,,-,-,¥0,,,-,,2025/04/26,土,790,5,0.63%,"¥1,395",0,-,0.00%,"¥6,975",,0,-
2025/04/27,日,"1,649",33,2.00%,¥532,1,"¥17,561",3.03%,"¥17,561",,2,"¥8,781",,クリック単価,"¥1,662",,,,2025/04/27,日,,,-,-,,-,-,¥0,,,-,,2025/04/27,日,,,-,-,,-,-,¥0,,,-,,2025/04/27,日,409,10,2.44%,¥620,1,"¥6,196",10.00%,"¥6,196",,2,"¥3,098",,2025/04/27,日,,,-,-,,-,-,¥0,,,-,,2025/04/27,日,"1,240",23,1.85%,¥494,0,-,0.00%,"¥11,365",,0,-
2025/04/28,月,"1,307",11,0.84%,"¥1,075",3,"¥3,943",27.27%,"¥11,830",,2,"¥5,915",,実獲得数,15,,,,2025/04/28,月,,,-,-,,-,-,¥0,,,-,,2025/04/28,月,,,-,-,,-,-,¥0,,,-,,2025/04/28,月,426,2,0.47%,"¥2,224",0,-,0.00%,"¥4,448",,0,-,,2025/04/28,月,,,-,-,,-,-,¥0,,,-,,2025/04/28,月,881,9,1.02%,¥820,3,"¥2,461",33.33%,"¥7,383",,2,"¥3,691"
2025/04/29,火,"1,034",5,0.48%,"¥2,362",0,-,0.00%,"¥11,810",,0,-,,CPA,"¥25,381",,,,2025/04/29,火,,,-,-,,-,-,¥0,,,-,,2025/04/29,火,,,-,-,,-,-,¥0,,,-,,2025/04/29,火,339,2,0.59%,"¥2,004",0,-,0.00%,"¥4,008",,0,-,,2025/04/29,火,,,-,-,,-,-,¥0,,,-,,2025/04/29,火,695,3,0.43%,"¥2,601",0,-,0.00%,"¥7,803",,0,-
2025/04/30,水,"1,175",12,1.02%,¥905,0,-,0.00%,"¥10,861",,0,-,,CVR,6.55%,,,,2025/04/30,水,,,-,-,,-,-,¥0,,,-,,2025/04/30,水,,,-,-,,-,-,¥0,,,-,,2025/04/30,水,367,1,0.27%,"¥3,529",0,-,0.00%,"¥3,529",,0,-,,2025/04/30,水,,,-,-,,-,-,¥0,,,-,,2025/04/30,水,808,11,1.36%,¥667,0,-,0.00%,"¥7,333",,0,-
,,0,0,-,-,0,-,-,¥0,,0,-,,消化金額,"¥380,709",,,,,,,,-,-,,-,-,¥0,,,-,,,,,,-,-,,-,-,¥0,,,-,,,,,,-,-,,-,-,¥0,,,-,,,,,,-,-,,-,-,¥0,,,-,,,,,,-,-,,-,-,¥0,,,-
,,,,,,,,,,,,,,,,,,,,,,,,,,,,,,,,,,,,,,,,,,,,,,,,,,,,,,,,,,,,,,,,,,,,,,,,,,,,,,,,,,,,,,,
日付,曜日,表示回数,クリック数,クリック率,クリック単価,CV,CPA,CVR,請求金額,,実獲得数,実CPA,,,,,,,日付,曜日,表示回数,クリック数,クリック率,クリック単価,CV,CPA,CVR,請求金額,,実獲得数,実CPA,,日付,曜日,表示回数,クリック数,クリック率,クリック単価,CV,CPA,CVR,請求金額,,実獲得数,実CPA,,日付,曜日,表示回数,クリック数,クリック率,クリック単価,CV,CPA,CVR,請求金額,,実獲得数,実CPA,,日付,曜日,表示回数,クリック数,クリック率,クリック単価,CV,CPA,CVR,請求金額,,実獲得数,実CPA,,日付,曜日,表示回数,クリック数,クリック率,クリック単価,CV,CPA,CVR,請求金額,,実獲得数,実CPA
2025年5月,,"26,994",259,0.96%,¥981,11,"¥23,105",4.25%,"¥254,157",,8,"¥31,770",,URL,,,,,2025年5月,,0,0,-,-,0,-,-,¥0,,0,-,,2025年5月,,0,0,-,-,0,-,-,¥0,,0,-,,2025年5月,,"5,172",56,1.08%,"¥1,060",0,-,0.00%,"¥59,365",,0,-,,2025年5月,,0,¥0,-,-,0,-,-,¥0,,0,-,,2025年5月,,"21,822",203,0.93%,¥960,11,"¥17,708",5.42%,"¥194,792",,8,"¥24,349"
2025/05/01,木,"1,093",14,1.28%,¥813,0,-,0.00%,"¥11,385",,0,-,,"

◾️LP3
https://c1.ritzpro.website

◾️LP5
 https://e1.ritzpro.website/

◾️サンクスページ
https://thxa1.ritzpro.website
",,,,,2025/05/01,木,,,-,-,,-,-,¥0,,,-,,2025/05/01,木,,,-,-,,-,-,¥0,,,-,,2025/05/01,木,347,7,2.02%,¥562,0,-,0.00%,"¥3,933",,0,-,,2025/05/01,木,,,-,-,,-,-,¥0,,,-,,2025/05/01,木,746,7,0.94%,"¥1,065",0,-,0.00%,"¥7,453",,0,-
2025/05/02,金,"1,330",18,1.35%,¥719,0,-,0.00%,"¥12,946",,0,-,,,,,,,2025/05/02,金,,,-,-,,-,-,¥0,,,-,,2025/05/02,金,,,-,-,,-,-,¥0,,,-,,2025/05/02,金,307,4,1.30%,"¥1,177",0,-,0.00%,"¥4,706",,0,-,,2025/05/02,金,,,-,-,,-,-,¥0,,,-,,2025/05/02,金,"1,023",14,1.37%,¥589,0,-,0.00%,"¥8,240",,0,-
2025/05/03,土,"1,380",13,0.94%,¥864,0,-,0.00%,"¥11,228",,0,-,,,,,,,2025/05/03,土,,,-,-,,-,-,¥0,,,-,,2025/05/03,土,,,-,-,,-,-,¥0,,,-,,2025/05/03,土,262,4,1.53%,¥943,0,-,0.00%,"¥3,773",,0,-,,2025/05/03,土,,,-,-,,-,-,¥0,,,-,,2025/05/03,土,"1,118",9,0.81%,¥828,0,-,0.00%,"¥7,455",,0,-
2025/05/04,日,"1,347",9,0.67%,"¥1,574",0,-,0.00%,"¥14,163",,0,-,,,,,,,2025/05/04,日,,,-,-,,-,-,¥0,,,-,,2025/05/04,日,,,-,-,,-,-,¥0,,,-,,2025/05/04,日,328,3,0.91%,"¥1,737",0,-,0.00%,"¥5,211",,0,-,,2025/05/04,日,,,-,-,,-,-,¥0,,,-,,2025/05/04,日,"1,019",6,0.59%,"¥1,492",0,-,0.00%,"¥8,951",,0,-
2025/05/05,月,"1,245",7,0.56%,"¥1,752",0,-,0.00%,"¥12,266",,0,-,,,,,,,2025/05/05,月,,,-,-,,-,-,¥0,,,-,,2025/05/05,月,,,-,-,,-,-,¥0,,,-,,2025/05/05,月,343,4,1.17%,"¥1,246",0,-,0.00%,"¥4,983",,0,-,,2025/05/05,月,,,-,-,,-,-,¥0,,,-,,2025/05/05,月,902,3,0.33%,"¥2,428",0,-,0.00%,"¥7,284",,0,-
2025/05/06,火,920,11,1.20%,¥952,0,-,0.00%,"¥10,470",,0,-,,,,,,,2025/05/06,火,,,-,-,,-,-,¥0,,,-,,2025/05/06,火,,,-,-,,-,-,¥0,,,-,,2025/05/06,火,202,2,0.99%,"¥2,092",0,-,0.00%,"¥4,184",,0,-,,2025/05/06,火,,,-,-,,-,-,¥0,,,-,,2025/05/06,火,718,9,1.25%,¥698,0,-,0.00%,"¥6,286",,0,-
2025/05/07,水,768,12,1.56%,¥663,2,"¥3,976",16.67%,"¥7,953",,1,"¥7,953",,,,,,,2025/05/07,水,,,-,-,,-,-,¥0,,,-,,2025/05/07,水,,,-,-,,-,-,¥0,,,-,,2025/05/07,水,40,1,2.50%,"¥1,073",0,-,0.00%,"¥1,073",,0,-,,2025/05/07,水,,,-,-,,-,-,¥0,,,-,,2025/05/07,水,728,11,1.51%,¥625,2,"¥3,440",18.18%,"¥6,880",,1,"¥6,880"
2025/05/08,木,"1,205",11,0.91%,"¥1,086",0,-,0.00%,"¥11,950",,0,-,,,,,,,2025/05/08,木,,,-,-,,-,-,¥0,,,-,,2025/05/08,木,,,-,-,,-,-,¥0,,,-,,2025/05/08,木,606,5,0.83%,"¥1,053",0,-,0.00%,"¥5,264",,0,-,,2025/05/08,木,,,-,-,,-,-,¥0,,,-,,2025/05/08,木,599,6,1.00%,"¥1,114",0,-,0.00%,"¥6,686",,0,-
2025/05/09,金,"1,057",11,1.04%,¥897,3,"¥3,290",27.27%,"¥9,870",,2,"¥4,935",,,,,,,2025/05/09,金,,,-,-,,-,-,¥0,,,-,,2025/05/09,金,,,-,-,,-,-,¥0,,,-,,2025/05/09,金,468,2,0.43%,"¥2,363",0,-,0.00%,"¥4,726",,0,-,,2025/05/09,金,,,-,-,,-,-,¥0,,,-,,2025/05/09,金,589,9,1.53%,¥572,3,"¥1,715",33.33%,"¥5,144",,2,"¥2,572"
2025/05/10,土,773,7,0.91%,"¥1,004",0,-,0.00%,"¥7,031",,0,-,,,,,,,2025/05/10,土,,,-,-,,-,-,¥0,,,-,,2025/05/10,土,,,-,-,,-,-,¥0,,,-,,2025/05/10,土,281,2,0.71%,"¥1,596",0,-,0.00%,"¥3,193",,0,-,,2025/05/10,土,,,-,-,,-,-,¥0,,,-,,2025/05/10,土,492,5,1.02%,¥768,0,-,0.00%,"¥3,839",,0,-
2025/05/11,日,"1,047",11,1.05%,¥984,0,-,0.00%,"¥10,821",,0,-,,,,,,,2025/05/11,日,,,-,-,,-,-,¥0,,,-,,2025/05/11,日,,,-,-,,-,-,¥0,,,-,,2025/05/11,日,355,6,1.69%,¥851,0,-,0.00%,"¥5,109",,0,-,,2025/05/11,日,,,-,-,,-,-,¥0,,,-,,2025/05/11,日,692,5,0.72%,"¥1,143",0,-,0.00%,"¥5,713",,0,-
2025/05/12,月,757,7,0.92%,"¥1,136",0,-,0.00%,"¥7,951",,0,-,,,,,,,2025/05/12,月,,,-,-,,-,-,¥0,,,-,,2025/05/12,月,,,-,-,,-,-,¥0,,,-,,2025/05/12,月,172,3,1.74%,¥629,0,-,0.00%,"¥1,888",,,-,,2025/05/12,月,,,-,-,,-,-,¥0,,,-,,2025/05/12,月,585,4,0.68%,"¥1,516",0,-,0.00%,"¥6,064",,0,-
2025/05/13,火,755,8,1.06%,¥970,0,-,0.00%,"¥7,760",,0,-,,,,,,,2025/05/13,火,,,-,-,,-,-,¥0,,,-,,2025/05/13,火,,,-,-,,-,-,¥0,,,-,,2025/05/13,火,,,-,-,,-,-,¥0,,,-,,2025/05/13,火,,,-,-,,-,-,¥0,,,-,,2025/05/13,火,755,8,1.06%,¥970,0,-,0.00%,"¥7,760",,0,-
2025/05/14,水,689,2,0.29%,"¥3,626",1,"¥7,251",50.00%,"¥7,251",,1,"¥7,251",,,,,,,2025/05/14,水,,,-,-,,-,-,¥0,,,-,,2025/05/14,水,,,-,-,,-,-,¥0,,,-,,2025/05/14,水,,,-,-,,-,-,¥0,,,-,,2025/05/14,水,,,-,-,,-,-,¥0,,,-,,2025/05/14,水,689,2,0.29%,"¥3,626",1,"¥7,251",50.00%,"¥7,251",,1,"¥7,251"
2025/05/15,木,820,8,0.98%,"¥1,034",0,-,0.00%,"¥8,275",,0,-,,,,,,,2025/05/15,木,,,-,-,,-,-,¥0,,,-,,2025/05/15,木,,,-,-,,-,-,¥0,,,-,,2025/05/15,木,,,-,-,,-,-,¥0,,,-,,2025/05/15,木,,,-,-,,-,-,¥0,,,-,,2025/05/15,木,820,8,0.98%,"¥1,034",0,-,0.00%,"¥8,275",,0,-
2025/05/16,金,"1,113",13,1.17%,¥715,2,"¥4,646",15.38%,"¥9,291",,1,"¥9,291",,,,,,,2025/05/16,金,,,-,-,,-,-,¥0,,,-,,2025/05/16,金,,,-,-,,-,-,¥0,,,-,,2025/05/16,金,,,-,-,,-,-,¥0,,,-,,2025/05/16,金,,,-,-,,-,-,¥0,,,-,,2025/05/16,金,"1,113",13,1.17%,¥715,2,"¥4,646",15.38%,"¥9,291",,1,"¥9,291"
2025/05/17,土,"1,156",6,0.52%,"¥1,506",0,-,0.00%,"¥9,034",,0,-,,,,,,,2025/05/17,土,,,-,-,,-,-,¥0,,,-,,2025/05/17,土,,,-,-,,-,-,¥0,,,-,,2025/05/17,土,,,-,-,,-,-,¥0,,,-,,2025/05/17,土,,,-,-,,-,-,¥0,,,-,,2025/05/17,土,"1,156",6,0.52%,"¥1,506",0,-,0.00%,"¥9,034",,0,-
2025/05/18,日,"1,230",14,1.14%,¥803,0,-,0.00%,"¥11,246",,0,-,,,,,,,2025/05/18,日,,,-,-,,-,-,¥0,,,-,,2025/05/18,日,,,-,-,,-,-,¥0,,,-,,2025/05/18,日,,,-,-,,-,-,¥0,,,-,,2025/05/18,日,,,-,-,,-,-,¥0,,,-,,2025/05/18,日,"1,230",14,1.14%,¥803,0,-,0.00%,"¥11,246",,0,-
2025/05/19,月,"1,064",7,0.66%,"¥1,490",0,-,0.00%,"¥10,433",,0,-,,,,,,,2025/05/19,月,,,-,-,,-,-,¥0,,,-,,2025/05/19,月,,,-,-,,-,-,¥0,,,-,,2025/05/19,月,,,-,-,,-,-,¥0,,,-,,2025/05/19,月,,,-,-,,-,-,¥0,,,-,,2025/05/19,月,"1,064",7,0.66%,"¥1,490",0,-,0.00%,"¥10,433",,0,-
2025/05/20,火,"1,577",15,0.95%,¥810,0,-,0.00%,"¥12,144",,0,-,,,,,,,2025/05/20,火,,,-,-,,-,-,¥0,,,-,,2025/05/20,火,,,-,-,,-,-,¥0,,,-,,2025/05/20,火,356,3,0.84%,¥813,0,-,0.00%,"¥2,439",,0,-,,2025/05/20,火,,,-,-,,-,-,¥0,,,-,,2025/05/20,火,"1,221",12,0.98%,¥809,0,-,0.00%,"¥9,705",,0,-
2025/05/21,水,"1,363",15,1.10%,¥744,1,"¥11,158",6.67%,"¥11,158",,1,"¥11,158",,,,,,,2025/05/21,水,,,-,-,,-,-,¥0,,,-,,2025/05/21,水,,,-,-,,-,-,¥0,,,-,,2025/05/21,水,484,3,0.62%,"¥1,249",0,-,0.00%,"¥3,748",,0,-,,2025/05/21,水,,,-,-,,-,-,¥0,,,-,,2025/05/21,水,879,12,1.37%,¥618,1,"¥7,410",8.33%,"¥7,410",,1,"¥7,410"
2025/05/22,木,"1,275",9,0.71%,"¥1,145",1,"¥10,306",11.11%,"¥10,306",,1,"¥10,306",,,,,,,2025/05/22,木,,,-,-,,-,-,¥0,,,-,,2025/05/22,木,,,-,-,,-,-,¥0,,,-,,2025/05/22,木,479,3,0.63%,"¥1,233",0,-,0.00%,"¥3,698",,0,-,,2025/05/22,木,,,-,-,,-,-,¥0,,,-,,2025/05/22,木,796,6,0.75%,"¥1,101",1,"¥6,609",16.67%,"¥6,609",,1,"¥6,609"
2025/05/23,金,785,10,1.27%,¥791,0,-,0.00%,"¥7,914",,0,-,,5月結果,,,,,2025/05/23,金,,,-,-,,-,-,¥0,,,-,,2025/05/23,金,,,-,-,,-,-,¥0,,,-,,2025/05/23,金,142,4,2.82%,¥360,0,-,0.00%,"¥1,441",,0,-,,2025/05/23,金,,,-,-,,-,-,¥0,,,-,,2025/05/23,金,643,6,0.93%,"¥1,079",0,-,0.00%,"¥6,473",,0,-
2025/05/24,土,996,10,1.00%,¥913,0,-,0.00%,"¥9,131",,0,-,,表示回数,"26,994",,,,2025/05/24,土,,,-,-,,-,-,¥0,,,-,,2025/05/24,土,,,-,-,,-,-,¥0,,,-,,2025/05/24,土,,,-,-,,-,-,¥0,,,-,,2025/05/24,土,,,-,-,,-,-,¥0,,,-,,2025/05/24,土,996,10,1.00%,¥913,0,-,0.00%,"¥9,131",,0,-
2025/05/25,日,"1,008",11,1.09%,¥913,1,"¥10,043",9.09%,"¥10,043",,1,"¥10,043",,クリック数,259,,,,2025/05/25,日,,,-,-,,-,-,¥0,,,-,,2025/05/25,日,,,-,-,,-,-,¥0,,,-,,2025/05/25,日,,,-,-,,-,-,¥0,,,-,,2025/05/25,日,,,-,-,,-,-,¥0,,,-,,2025/05/25,日,"1,008",11,1.09%,¥913,1,"¥10,043",9.09%,"¥10,043",,1,"¥10,043"
2025/05/26,月,241,0,0.00%,-,0,-,-,"¥2,139",,0,-,,クリック率,0.96%,,,,2025/05/26,月,,,-,-,,-,-,¥0,,,-,,2025/05/26,月,,,-,-,,-,-,¥0,,,-,,2025/05/26,月,,,-,-,,-,-,¥0,,,-,,2025/05/26,月,,,-,-,,-,-,¥0,,,-,,2025/05/26,月,241,0,0.00%,-,0,-,-,"¥2,139",,,-
2025/05/27,火,0,0,-,-,0,-,-,¥0,,0,-,,クリック単価,¥981,,,,2025/05/27,火,,,-,-,,-,-,¥0,,,-,,2025/05/27,火,,,-,-,,-,-,¥0,,,-,,2025/05/27,火,,,-,-,,-,-,¥0,,,-,,2025/05/27,火,,,-,-,,-,-,¥0,,,-,,2025/05/27,火,,,-,-,,-,-,¥0,,,-
2025/05/28,水,0,0,-,-,0,-,-,¥0,,0,-,,実獲得数,8,,,,2025/05/28,水,,,-,-,,-,-,¥0,,,-,,2025/05/28,水,,,-,-,,-,-,¥0,,,-,,2025/05/28,水,,,-,-,,-,-,¥0,,,-,,2025/05/28,水,,,-,-,,-,-,¥0,,,-,,2025/05/28,水,,,-,-,,-,-,¥0,,,-
2025/05/29,木,0,0,-,-,0,-,-,¥0,,0,-,,CPA,"¥31,770",,,,2025/05/29,木,,,-,-,,-,-,¥0,,,-,,2025/05/29,木,,,-,-,,-,-,¥0,,,-,,2025/05/29,木,,,-,-,,-,-,¥0,,,-,,2025/05/29,木,,,-,-,,-,-,¥0,,,-,,2025/05/29,木,,,-,-,,-,-,¥0,,,-
2025/05/30,金,0,0,-,-,0,-,-,¥0,,0,-,,CVR,3.09%,,,,2025/05/30,金,,,-,-,,-,-,¥0,,,-,,2025/05/30,金,,,-,-,,-,-,¥0,,,-,,2025/05/30,金,,,-,-,,-,-,¥0,,,-,,2025/05/30,金,,,-,-,,-,-,¥0,,,-,,2025/05/30,金,,,-,-,,-,-,¥0,,,-
2025/05/31,土,0,0,-,-,0,-,-,¥0,,0,-,,消化金額,"¥254,158",,,,2025/05/31,土,,,-,-,,-,-,¥0,,,-,,2025/05/31,土,,,-,-,,-,-,¥0,,,-,,2025/05/31,土,,,-,-,,-,-,¥0,,,-,,2025/05/31,土,,,-,-,,-,-,¥0,,,-,,2025/05/31,土,,,-,-,,-,-,¥0,,,-
,,,,,,,,,,,,,,,,,,,,,,,,,,,,,,,,,,,,,,,,,,,,,,,,,,,,,,,,,,,,,,,,,,,,,,,,,,,,,,,,,,,,,,,
日付,曜日,表示回数,クリック数,クリック率,クリック単価,CV,CPA,CVR,請求金額,,実獲得数,実CPA,,,,,,,,,,,クリック率,クリック単価,,CPA,CVR,,,実獲得数,実CPA,,,,,,クリック率,クリック単価,,CPA,CVR,,,実獲得数,実CPA,,日付,曜日,表示回数,クリック数,クリック率,クリック単価,CV,CPA,CVR,請求金額,,実獲得数,実CPA,,,,,,クリック率,クリック単価,,CPA,CVR,,,実獲得数,実CPA,,日付,曜日,表示回数,クリック数,クリック率,クリック単価,CV,CPA,CVR,請求金額,,実獲得数,実CPA
2025年6月,,"34,920",341,0.98%,¥986,36,"¥9,341",10.56%,"¥336,277",,26,"¥12,934",,URL,,,,,,,,,-,-,,-,-,,,0,-,,,,,,-,-,,-,-,,,0,-,,2025年6月,,"19,681",164,0.83%,"¥1,206",27,"¥7,325",16.46%,"¥197,772",,20,"¥9,889",,,,,,-,-,,-,-,,,0,-,,2025年6月,,"15,239",177,1.16%,¥783,9,"¥15,389",5.08%,"¥138,505",,6,"¥23,084"
2025/06/01,日,0,0,-,-,0,-,-,¥0,,0,-,,"

◾️LP3
https://c1.ritzpro.website

◾️LP5
 https://e1.ritzpro.website/

◾️サンクスページ
https://thxa1.ritzpro.website
",,,,,,,,,-,-,,-,-,,,,-,,,,,,-,-,,-,-,,,,-,,2025/06/01,日,,,-,-,,-,-,¥0,,,-,,,,,,-,-,,-,-,,,,-,,2025/06/01,日,,,-,-,,-,-,¥0,,,-
2025/06/02,月,"1,454",12,0.83%,¥853,0,-,0.00%,"¥10,240",,0,-,,,,,,,,,,,-,-,,-,-,,,,-,,,,,,-,-,,-,-,,,,-,,2025/06/02,月,,,-,-,,-,-,¥0,,,-,,,,,,-,-,,-,-,,,,-,,2025/06/02,月,"1,454",12,0.83%,¥853,0,-,0.00%,"¥10,240",,0,-
2025/06/03,火,"1,236",13,1.05%,¥705,0,-,0.00%,"¥9,163",,0,-,,,,,,,,,,,-,-,,-,-,,,,-,,,,,,-,-,,-,-,,,,-,,2025/06/03,火,,,-,-,,-,-,¥0,,,-,,,,,,-,-,,-,-,,,,-,,2025/06/03,火,"1,236",13,1.05%,¥705,0,-,0.00%,"¥9,163",,0,-
2025/06/04,水,"1,199",9,0.75%,¥854,0,-,0.00%,"¥7,689",,0,-,,,,,,,,,,,-,-,,-,-,,,,-,,,,,,-,-,,-,-,,,,-,,2025/06/04,水,,,-,-,,-,-,¥0,,,-,,,,,,-,-,,-,-,,,,-,,2025/06/04,水,"1,199",9,0.75%,¥854,0,-,0.00%,"¥7,689",,0,-
2025/06/05,木,744,6,0.81%,"¥1,135",1,"¥6,813",16.67%,"¥6,813",,1,"¥6,813",,,,,,,,,,,-,-,,-,-,,,,-,,,,,,-,-,,-,-,,,,-,,2025/06/05,木,200,1,0.50%,"¥1,906",1,"¥1,906",100.00%,"¥1,906",,1,"¥1,906",,,,,,-,-,,-,-,,,,-,,2025/06/05,木,544,5,0.92%,¥981,0,-,0.00%,"¥4,906",,0,-
2025/06/06,金,694,7,1.01%,"¥1,018",0,-,0.00%,"¥7,126",,0,-,,,,,,,,,,,-,-,,-,-,,,,-,,,,,,-,-,,-,-,,,,-,,2025/06/06,金,289,3,1.04%,"¥1,291",0,-,0.00%,"¥3,874",,0,-,,,,,,-,-,,-,-,,,,-,,2025/06/06,金,405,4,0.99%,¥813,0,-,0.00%,"¥3,253",,0,-
2025/06/07,土,747,6,0.80%,"¥1,436",2,"¥4,307",33.33%,"¥8,614",,1,"¥8,614",,,,,,,,,,,-,-,,-,-,,,,-,,,,,,-,-,,-,-,,,,-,,2025/06/07,土,389,2,0.51%,"¥1,836",2,"¥1,836",100.00%,"¥3,671",,1,"¥3,671",,,,,,-,-,,-,-,,,,-,,2025/06/07,土,358,4,1.12%,"¥1,236",0,-,0.00%,"¥4,943",,0,-
2025/06/08,日,881,10,1.14%,¥997,1,"¥9,973",10.00%,"¥9,973",,1,"¥9,973",,,,,,,,,,,-,-,,-,-,,,,-,,,,,,-,-,,-,-,,,,-,,2025/06/08,日,424,7,1.65%,¥727,0,-,0.00%,"¥5,088",,0,-,,,,,,-,-,,-,-,,,,-,,2025/06/08,日,457,3,0.66%,"¥1,628",1,"¥4,885",33.33%,"¥4,885",,1,"¥4,885"
2025/06/09,月,"1,074",9,0.84%,"¥1,094",0,-,0.00%,"¥9,845",,0,-,,,,,,,,,,,-,-,,-,-,,,,-,,,,,,-,-,,-,-,,,,-,,2025/06/09,月,457,3,0.66%,"¥1,623",0,-,0.00%,"¥4,869",,0,-,,,,,,-,-,,-,-,,,,-,,2025/06/09,月,617,6,0.97%,¥829,0,-,0.00%,"¥4,976",,0,-
2025/06/10,火,"1,025",9,0.88%,"¥1,044",0,-,0.00%,"¥9,394",,0,-,,,,,,,,,,,-,-,,-,-,,,,-,,,,,,-,-,,-,-,,,,-,,2025/06/10,火,499,4,0.80%,"¥1,539",0,-,0.00%,"¥6,155",,0,-,,,,,,-,-,,-,-,,,,-,,2025/06/10,火,526,5,0.95%,¥648,0,-,0.00%,"¥3,239",,0,-
2025/06/11,水,"1,180",12,1.02%,¥833,0,-,0.00%,"¥9,996",,0,-,,,,,,,,,,,-,-,,-,-,,,,-,,,,,,-,-,,-,-,,,,-,,2025/06/11,水,736,8,1.09%,¥852,0,-,0.00%,"¥6,814",,0,-,,,,,,-,-,,-,-,,,,-,,2025/06/11,水,444,4,0.90%,¥796,0,-,0.00%,"¥3,183",,0,-
2025/06/12,木,883,8,0.91%,¥990,3,"¥2,641",37.50%,"¥7,924",,2,"¥3,962",,,,,,,,,,,-,-,,-,-,,,,-,,,,,,-,-,,-,-,,,,-,,2025/06/12,木,586,6,1.02%,¥962,3,"¥1,924",50.00%,"¥5,771",,2,"¥2,886",,,,,,-,-,,-,-,,,,-,,2025/06/12,木,297,2,0.67%,"¥1,076",0,-,0.00%,"¥2,153",,0,-
2025/06/13,金,895,7,0.78%,"¥1,268",2,"¥4,439",28.57%,"¥8,879",,1,"¥8,879",,,,,,,,,,,-,-,,-,-,,,,-,,,,,,-,-,,-,-,,,,-,,2025/06/13,金,517,2,0.39%,"¥2,879",2,"¥2,879",100.00%,"¥5,758",,1,"¥5,758",,,,,,-,-,,-,-,,,,-,,2025/06/13,金,378,5,1.32%,¥624,0,-,0.00%,"¥3,121",,0,-
2025/06/14,土,"1,068",12,1.12%,¥788,0,-,0.00%,"¥9,456",,0,-,,,,,,,,,,,-,-,,-,-,,,,-,,,,,,-,-,,-,-,,,,-,,2025/06/14,土,572,8,1.40%,¥701,0,-,0.00%,"¥5,606",,0,-,,,,,,-,-,,-,-,,,,-,,2025/06/14,土,496,4,0.81%,¥963,0,-,0.00%,"¥3,850",,0,-
2025/06/15,日,"1,099",10,0.91%,"¥1,345",0,-,0.00%,"¥13,451",,0,-,,,,,,,,,,,-,-,,-,-,,,,-,,,,,,-,-,,-,-,,,,-,,2025/06/15,日,649,3,0.46%,"¥2,764",0,-,0.00%,"¥8,291",,0,-,,,,,,-,-,,-,-,,,,-,,2025/06/15,日,450,7,1.56%,¥737,0,-,0.00%,"¥5,160",,0,-
2025/06/16,月,831,5,0.60%,"¥2,068",2,"¥5,169",40.00%,"¥10,339",,2,"¥5,169",,,,,,,,,,,-,-,,-,-,,,,-,,,,,,-,-,,-,-,,,,-,,2025/06/16,月,461,5,1.08%,"¥1,319",2,"¥3,296",40.00%,"¥6,593",,2,"¥3,296",,,,,,-,-,,-,-,,,,-,,2025/06/16,月,370,0,0.00%,-,0,-,-,"¥3,746",,0,-
2025/06/17,火,"1,016",4,0.39%,"¥2,035",0,-,0.00%,"¥8,141",,0,-,,,,,,,,,,,-,-,,-,-,,,,-,,,,,,-,-,,-,-,,,,-,,2025/06/17,火,"1,016",4,0.39%,"¥2,035",0,-,0.00%,"¥8,141",,0,-,,,,,,-,-,,-,-,,,,-,,2025/06/17,火,,,-,-,,-,-,¥0,,,-
2025/06/18,水,793,7,0.88%,"¥1,326",0,-,0.00%,"¥9,281",,0,-,,,,,,,,,,,-,-,,-,-,,,,-,,,,,,-,-,,-,-,,,,-,,2025/06/18,水,793,7,0.88%,"¥1,326",0,-,0.00%,"¥9,281",,0,-,,,,,,-,-,,-,-,,,,-,,2025/06/18,水,,,-,-,,-,-,¥0,,,-
2025/06/19,木,"1,142",8,0.70%,¥952,7,"¥1,088",87.50%,"¥7,614",,5,"¥1,523",,,,,,,,,,,-,-,,-,-,,,,-,,,,,,-,-,,-,-,,,,-,,2025/06/19,木,"1,142",8,0.70%,¥952,7,"¥1,088",87.50%,"¥7,614",,5,"¥1,523",,,,,,-,-,,-,-,,,,-,,2025/06/19,木,,,-,-,,-,-,¥0,,,-
2025/06/20,金,984,11,1.12%,¥868,0,-,0.00%,"¥9,546",,0,-,,,,,,,,,,,-,-,,-,-,,,,-,,,,,,-,-,,-,-,,,,-,,2025/06/20,金,984,11,1.12%,¥868,0,-,0.00%,"¥9,546",,0,-,,,,,,-,-,,-,-,,,,-,,2025/06/20,金,,,-,-,,-,-,¥0,,,-
2025/06/21,土,"1,396",12,0.86%,¥827,0,-,0.00%,"¥9,920",,0,-,,,,,,,,,,,-,-,,-,-,,,,-,,,,,,-,-,,-,-,,,,-,,2025/06/21,土,"1,396",12,0.86%,¥827,0,-,0.00%,"¥9,920",,0,-,,,,,,-,-,,-,-,,,,-,,2025/06/21,土,,,-,-,,-,-,¥0,,,-
2025/06/22,日,"1,401",4,0.29%,"¥2,985",0,-,0.00%,"¥11,939",,0,-,,,,,,,,,,,-,-,,-,-,,,,-,,,,,,-,-,,-,-,,,,-,,2025/06/22,日,"1,401",4,0.29%,"¥2,985",0,-,0.00%,"¥11,939",,0,-,,,,,,-,-,,-,-,,,,-,,2025/06/22,日,,,-,-,,-,-,¥0,,,-
2025/06/23,月,"1,771",16,0.90%,"¥1,170",2,"¥9,363",12.50%,"¥18,726",,1,"¥18,726",,6月結果,,,,,,,,,-,-,,-,-,,,,-,,,,,,-,-,,-,-,,,,-,,2025/06/23,月,"1,205",12,1.00%,¥995,2,"¥5,968",16.67%,"¥11,936",,1,"¥11,936",,,,,,-,-,,-,-,,,,-,,2025/06/23,月,566,4,0.71%,"¥1,698",0,-,0.00%,"¥6,790",バナー切り替え,0,-
2025/06/24,火,"1,719",16,0.93%,"¥1,131",3,"¥6,033",18.75%,"¥18,099",,2,"¥9,049",,表示回数,"34,920",,,,,,,,-,-,,-,-,,,,-,,,,,,-,-,,-,-,,,,-,,2025/06/24,火,"1,102",9,0.82%,"¥1,230",1,"¥11,074",11.11%,"¥11,074",,1,"¥11,074",,,,,,-,-,,-,-,,,,-,,2025/06/24,火,617,7,1.13%,"¥1,004",2,"¥3,513",28.57%,"¥7,025",,1,"¥7,025"
2025/06/25,水,"1,624",19,1.17%,¥733,2,"¥6,965",10.53%,"¥13,930",,2,"¥6,965",,クリック数,341,,,,,,,,-,-,,-,-,,,,-,,,,,,-,-,,-,-,,,,-,,2025/06/25,水,903,10,1.11%,¥868,0,-,0.00%,"¥8,684",,1,"¥8,684",,,,,,-,-,,-,-,,,,-,,2025/06/25,水,721,9,1.25%,¥583,2,"¥2,623",22.22%,"¥5,246",,1,"¥5,246"
2025/06/26,木,"1,478",14,0.95%,¥913,1,"¥12,783",7.14%,"¥12,783",,1,"¥12,783",,クリック率,0.98%,,,,,,,,-,-,,-,-,,,,-,,,,,,-,-,,-,-,,,,-,,2025/06/26,木,888,7,0.79%,"¥1,107",1,"¥7,746",14.29%,"¥7,746",,1,"¥7,746",,,,,,-,-,,-,-,,,,-,,2025/06/26,木,590,7,1.19%,¥719,0,-,0.00%,"¥5,036",,0,-
2025/06/27,金,"1,851",32,1.73%,¥611,3,"¥6,518",9.38%,"¥19,555",,2,"¥9,778",,クリック単価,¥986,,,,,,,,-,-,,-,-,,,,-,,,,,,-,-,,-,-,,,,-,,2025/06/27,金,739,11,1.49%,¥807,0,-,0.00%,"¥8,873",,0,-,,,,,,-,-,,-,-,,,,-,,2025/06/27,金,"1,112",21,1.89%,¥509,3,"¥3,561",14.29%,"¥10,683",,2,"¥5,341"
2025/06/28,土,"1,468",21,1.43%,¥839,4,"¥4,405",19.05%,"¥17,621",,2,"¥8,811",,実獲得数,26,,,,,,,,-,-,,-,-,,,,-,,,,,,-,-,,-,-,,,,-,,2025/06/28,土,605,3,0.50%,"¥2,597",4,"¥1,948",133.33%,"¥7,790",,2,"¥3,895",,,,,,-,-,,-,-,,,,-,,2025/06/28,土,863,18,2.09%,¥546,0,-,0.00%,"¥9,831",,0,-
2025/06/29,日,"1,795",26,1.45%,¥815,1,"¥21,188",3.85%,"¥21,188",,1,"¥21,188",,CPA,"¥12,934",,,,,,,,-,-,,-,-,,,,-,,,,,,-,-,,-,-,,,,-,,2025/06/29,日,919,9,0.98%,"¥1,127",1,"¥10,145",11.11%,"¥10,145",,1,"¥10,145",,,,,,-,-,,-,-,,,,-,,2025/06/29,日,876,17,1.94%,¥650,0,-,0.00%,"¥11,043",,0,-
2025/06/30,月,"1,472",16,1.09%,"¥1,190",2,"¥9,518",12.50%,"¥19,035",,2,"¥9,518",,CVR,7.62%,,,,,,,,-,-,,-,-,,,,-,,,,,,-,-,,-,-,,,,-,,2025/06/30,月,809,5,0.62%,"¥2,138",1,"¥10,689",20.00%,"¥10,689",,1,"¥10,689",,,,,,-,-,,-,-,,,,-,,2025/06/30,月,663,11,1.66%,¥759,1,"¥8,346",9.09%,"¥8,346",,1,"¥8,346"
,,0,0,-,-,0,-,-,¥0,,0,-,,消化金額,"¥336,278",,,,,,,,-,-,,-,-,,,,-,,,,,,-,-,,-,-,,,,-,,,,,,-,-,,-,-,¥0,,,-,,,,,,-,-,,-,-,,,,-,,,,,,-,-,,-,-,¥0,,,-
,,,,,,,,,,,,,,,,,,,,,,,,,,,,,,,,,,,,,,,,,,,,,,,,,,,,,,,,,,,,,,,,,,,,,,,,,,,,,,,,,,,,,,,
日付,曜日,表示回数,クリック数,クリック率,クリック単価,CV,CPA,CVR,請求金額,,実獲得数,実CPA,,,,,,,,,,,クリック率,クリック単価,,CPA,CVR,,,実獲得数,実CPA,,,,,,クリック率,クリック単価,,CPA,CVR,,,実獲得数,実CPA,,日付,曜日,表示回数,クリック数,クリック率,クリック単価,CV,CPA,CVR,請求金額,,実獲得数,実CPA,,,,,,クリック率,クリック単価,,CPA,CVR,,,実獲得数,実CPA,,日付,曜日,表示回数,クリック数,クリック率,クリック単価,CV,CPA,CVR,請求金額,,実獲得数,実CPA
2025年7月,,"34,513",462,1.34%,¥786,33,"¥10,998",7.14%,"¥362,931",,26,"¥13,959",,URL,,,,,,,,,-,-,,-,-,,,0,-,,,,,,-,-,,-,-,,,0,-,,2025年7月,,"15,947",¥142,0.89%,"¥1,154",12,"¥13,653",8.45%,"¥163,840",,9,"¥18,204",,,,,,-,-,,-,-,,,0,-,,2025年7月,,"18,566",320,1.72%,¥622,21,"¥9,481",6.56%,"¥199,091",,17,"¥11,711"
2025/07/01,火,"3,179",23,0.72%,¥854,5,"¥3,926",21.74%,"¥19,631",,3,"¥6,544",,,,,,,,,,,-,-,,-,-,,,,-,,,,,,-,-,,-,-,,,,-,,2025/07/01,火,"2,394",11,0.46%,"¥1,008",2,"¥5,545",18.18%,"¥11,090",,1,"¥11,090",,,,,,-,-,,-,-,,,,-,,2025/07/01,火,785,12,1.53%,¥712,3,"¥2,847",25.00%,"¥8,541",,2,"¥4,271"
2025/07/02,水,"1,591",23,1.45%,¥962,0,-,0.00%,"¥22,134",,0,-,,,,,,,,,,,-,-,,-,-,,,,-,,,,,,-,-,,-,-,,,,-,,2025/07/02,水,"1,137",10,0.88%,"¥1,250",0,-,0.00%,"¥12,501",,0,-,,,,,,-,-,,-,-,,,,-,,2025/07/02,水,454,13,2.86%,¥741,0,-,0.00%,"¥9,633",,0,-
2025/07/03,木,"1,574",26,1.65%,¥856,0,-,0.00%,"¥22,258",,0,-,,,,,,,,,,,-,-,,-,-,,,,-,,,,,,-,-,,-,-,,,,-,,2025/07/03,木,730,8,1.10%,"¥1,524",0,-,0.00%,"¥12,189",,0,-,,,,,,-,-,,-,-,,,,-,,2025/07/03,木,844,18,2.13%,¥559,0,-,0.00%,"¥10,069",,0,-
2025/07/04,金,"1,449",18,1.24%,"¥1,053",0,-,0.00%,"¥18,950",,0,-,,,,,,,,,,,-,-,,-,-,,,,-,,,,,,-,-,,-,-,,,,-,,2025/07/04,金,695,6,0.86%,"¥1,523",0,-,0.00%,"¥9,138",,0,-,,,,,,-,-,,-,-,,,,-,,2025/07/04,金,754,12,1.59%,¥818,0,-,0.00%,"¥9,813",,0,-
2025/07/05,土,"1,478",30,2.03%,¥397,4,"¥2,978",13.33%,"¥11,913",,2,"¥5,956",,,,,,,,,,,-,-,,-,-,,,,-,,,,,,-,-,,-,-,,,,-,,2025/07/05,土,665,7,1.05%,¥380,2,"¥1,331",28.57%,"¥2,663",,1,"¥2,663",,,,,,-,-,,-,-,,,,-,,2025/07/05,土,813,23,2.83%,¥402,2,"¥4,625",8.70%,"¥9,250",,1,"¥9,250"
2025/07/06,日,"2,074",33,1.59%,¥732,5,"¥4,834",15.15%,"¥24,168",,4,"¥6,042",,,,,,,,,,,-,-,,-,-,,,,-,,,,,,-,-,,-,-,,,,-,,2025/07/06,日,713,7,0.98%,"¥1,743",1,"¥12,203",14.29%,"¥12,203",,1,"¥12,203",,,,,,-,-,,-,-,,,,-,,2025/07/06,日,"1,361",26,1.91%,¥460,4,"¥2,991",15.38%,"¥11,965",,3,"¥3,988"
2025/07/07,月,"1,898",32,1.69%,¥597,6,"¥3,183",18.75%,"¥19,100",,3,"¥6,367",,,,,,,,,,,-,-,,-,-,,,,-,,,,,,-,-,,-,-,,,,-,,2025/07/07,月,847,8,0.94%,"¥1,173",4,"¥2,346",50.00%,"¥9,385",,2,"¥4,693",,,,,,-,-,,-,-,,,,-,,2025/07/07,月,"1,051",24,2.28%,¥405,2,"¥4,858",8.33%,"¥9,715",,1,"¥9,715"
2025/07/08,火,"2,696",29,1.08%,¥900,0,-,0.00%,"¥26,111",,1,"¥26,111",,,,,,,,,,,-,-,,-,-,,,,-,,,,,,-,-,,-,-,,,,-,,2025/07/08,火,"1,006",7,0.70%,"¥1,482",0,-,0.00%,"¥10,375",,1,"¥10,375",,,,,,-,-,,-,-,,,,-,,2025/07/08,火,"1,690",22,1.30%,¥715,0,-,0.00%,"¥15,736",,0,-
2025/07/09,水,"2,001",18,0.90%,"¥1,057",0,-,0.00%,"¥19,030",,0,-,,,,,,,,,,,-,-,,-,-,,,,-,,,,,,-,-,,-,-,,,,-,,2025/07/09,水,813,5,0.62%,"¥1,866",0,-,0.00%,"¥9,328",,0,-,,,,,,-,-,,-,-,,,,-,,2025/07/09,水,"1,188",13,1.09%,¥746,0,-,0.00%,"¥9,703",,0,-
2025/07/10,木,"1,932",23,1.19%,¥917,1,"¥21,084",4.35%,"¥21,084",,1,"¥21,084",,,,,,,,,,,-,-,,-,-,,,,-,,,,,,-,-,,-,-,,,,-,,2025/07/10,木,956,8,0.84%,"¥1,412",1,"¥11,298",12.50%,"¥11,298",,1,"¥11,298",,,,,,-,-,,-,-,,,,-,,2025/07/10,木,976,15,1.54%,¥652,0,-,0.00%,"¥9,786",,0,-
2025/07/11,金,"1,993",30,1.51%,¥650,1,"¥19,498",3.33%,"¥19,498",,1,"¥19,498",,,,,,,,,,,-,-,,-,-,,,,-,,,,,,-,-,,-,-,,,,-,,2025/07/11,金,940,13,1.38%,¥704,0,-,0.00%,"¥9,156",,0,-,,,,,,-,-,,-,-,,,,-,,2025/07/11,金,"1,053",17,1.61%,¥608,1,"¥10,341",5.88%,"¥10,341",,1,"¥10,341"
2025/07/12,土,"1,935",14,0.72%,"¥1,264",1,"¥17,699",7.14%,"¥17,699",,1,"¥17,699",,,,,,,,,,,-,-,,-,-,,,,-,,,,,,-,-,,-,-,,,,-,,2025/07/12,土,"1,010",7,0.69%,"¥1,254",0,-,0.00%,"¥8,781",,0,-,,,,,,-,-,,-,-,,,,-,,2025/07/12,土,925,7,0.76%,"¥1,274",1,"¥8,918",14.29%,"¥8,918",,1,"¥8,918"
2025/07/13,日,"1,838",34,1.85%,¥734,3,"¥8,323",8.82%,"¥24,969",,2,"¥12,484",,,,,,,,,,,-,-,,-,-,,,,-,,,,,,-,-,,-,-,,,,-,,2025/07/13,日,939,11,1.17%,"¥1,140",0,-,0.00%,"¥12,540",,0,-,,,,,,-,-,,-,-,,,,-,,2025/07/13,日,899,23,2.56%,¥540,3,"¥4,143",13.04%,"¥12,429",,2,"¥6,214"
2025/07/14,月,"1,904",30,1.58%,¥767,3,"¥7,666",10.00%,"¥22,999",,3,"¥7,666",,,,,,,,,,,-,-,,-,-,,,,-,,,,,,-,-,,-,-,,,,-,,2025/07/14,月,840,9,1.07%,"¥1,067",1,"¥9,603",11.11%,"¥9,603",,1,"¥9,603",,,,,,-,-,,-,-,,,,-,,2025/07/14,月,"1,064",21,1.97%,¥638,2,"¥6,698",9.52%,"¥13,396",,2,"¥6,698"
2025/07/15,火,"1,796",22,1.22%,¥873,1,"¥19,200",4.55%,"¥19,200",,2,"¥9,600",,,,,,,,,,,-,-,,-,-,,,,-,,,,,,-,-,,-,-,,,,-,,2025/07/15,火,675,7,1.04%,¥700,0,-,0.00%,"¥4,899",,0,-,,,,,,-,-,,-,-,,,,-,,2025/07/15,火,"1,121",15,1.34%,¥953,1,"¥14,301",6.67%,"¥14,301",,2,"¥7,151"
2025/07/16,水,"1,814",22,1.21%,¥922,1,"¥20,283",4.55%,"¥20,283",,1,"¥20,283",,,,,,,,,,,-,-,,-,-,,,,-,,,,,,-,-,,-,-,,,,-,,2025/07/16,水,561,6,1.07%,"¥1,107",1,"¥6,644",16.67%,"¥6,644",,1,"¥6,644",,,,,,-,-,,-,-,,,,-,,2025/07/16,水,"1,253",16,1.28%,¥852,0,-,0.00%,"¥13,639",,0,-
2025/07/17,木,"1,634",27,1.65%,¥695,1,"¥18,755",3.70%,"¥18,755",,1,"¥18,755",,,,,,,,,,,-,-,,-,-,,,,-,,,,,,-,-,,-,-,,,,-,,2025/07/17,木,286,4,1.40%,"¥1,259",0,-,0.00%,"¥5,035",,0,-,,,,,,-,-,,-,-,,,,-,,2025/07/17,木,"1,348",23,1.71%,¥597,1,"¥13,720",4.35%,"¥13,720",,1,"¥13,720"
2025/07/18,金,988,18,1.82%,¥619,0,-,0.00%,"¥11,139",,0,-,,,,,,,,,,,-,-,,-,-,,,,-,,,,,,-,-,,-,-,,,,-,,2025/07/18,金,484,7,1.45%,¥720,0,-,0.00%,"¥5,039",,0,-,,,,,,-,-,,-,-,,,,-,,2025/07/18,金,504,11,2.18%,¥555,0,-,0.00%,"¥6,100",,0,-
2025/07/19,土,289,5,1.73%,¥0,0,-,0.00%,¥0,,0,-,,,,,,,,,,,-,-,,-,-,,,,-,,,,,,-,-,,-,-,,,,-,,2025/07/19,土,,,-,-,,-,-,¥0,,,-,,,,,,-,-,,-,-,,,,-,,2025/07/19,土,289,5,1.73%,¥0,0,-,0.00%,¥0,,,-
2025/07/20,日,0,0,-,-,0,-,-,¥0,,0,-,,,,,,,,,,,-,-,,-,-,,,,-,,,,,,-,-,,-,-,,,,-,,2025/07/20,日,,,-,-,,-,-,¥0,,,-,,,,,,-,-,,-,-,,,,-,,2025/07/20,日,,,-,-,,-,-,¥0,,,-
2025/07/21,月,0,0,-,-,0,-,-,¥0,,0,-,,,,,,,,,,,-,-,,-,-,,,,-,,,,,,-,-,,-,-,,,,-,,2025/07/21,月,,,-,-,,-,-,¥0,,,-,,,,,,-,-,,-,-,,,,-,,2025/07/21,月,,,-,-,,-,-,¥0,,,-
2025/07/22,火,0,0,-,-,0,-,-,¥0,,0,-,,,,,,,,,,,-,-,,-,-,,,,-,,,,,,-,-,,-,-,,,,-,,2025/07/22,火,,,-,-,,-,-,¥0,,,-,,,,,,-,-,,-,-,,,,-,,2025/07/22,火,,,-,-,,-,-,¥0,,,-
2025/07/23,水,0,0,-,-,0,-,-,¥0,,0,-,,7月結果,,,,,,,,,-,-,,-,-,,,,-,,,,,,-,-,,-,-,,,,-,,2025/07/23,水,,,-,-,,-,-,¥0,,,-,,,,,,-,-,,-,-,,,,-,,2025/07/23,水,,,-,-,,-,-,¥0,,,-
2025/07/24,木,0,0,-,-,0,-,-,¥0,,0,-,,表示回数,"34,513",,,,,,,,-,-,,-,-,,,,-,,,,,,-,-,,-,-,,,,-,,2025/07/24,木,,,-,-,,-,-,¥0,,,-,,,,,,-,-,,-,-,,,,-,,2025/07/24,木,,,-,-,,-,-,¥0,,,-
2025/07/25,金,0,0,-,-,0,-,-,¥0,,0,-,,クリック数,462,,,,,,,,-,-,,-,-,,,,-,,,,,,-,-,,-,-,,,,-,,2025/07/25,金,,,-,-,,-,-,¥0,,,-,,,,,,-,-,,-,-,,,,-,,2025/07/25,金,,,-,-,,-,-,¥0,,,-
2025/07/26,土,0,0,-,-,0,-,-,¥0,,0,-,,クリック率,1.34%,,,,,,,,-,-,,-,-,,,,-,,,,,,-,-,,-,-,,,,-,,2025/07/26,土,,,-,-,,-,-,¥0,,,-,,,,,,-,-,,-,-,,,,-,,2025/07/26,土,,,-,-,,-,-,¥0,,,-
2025/07/27,日,0,0,-,-,0,-,-,¥0,,0,-,,クリック単価,¥786,,,,,,,,-,-,,-,-,,,,-,,,,,,-,-,,-,-,,,,-,,2025/07/27,日,,,-,-,,-,-,¥0,,,-,,,,,,-,-,,-,-,,,,-,,2025/07/27,日,,,-,-,,-,-,¥0,,,-
2025/07/28,月,0,0,-,-,0,-,-,¥0,,0,-,,実獲得数,26,,,,,,,,-,-,,-,-,,,,-,,,,,,-,-,,-,-,,,,-,,2025/07/28,月,,,-,-,,-,-,¥0,,,-,,,,,,-,-,,-,-,,,,-,,2025/07/28,月,,,-,-,,-,-,¥0,,,-
2025/07/29,火,0,0,-,-,0,-,-,¥0,,0,-,,CPA,"¥13,959",,,,,,,,-,-,,-,-,,,,-,,,,,,-,-,,-,-,,,,-,,2025/07/29,火,,,-,-,,-,-,¥0,,,-,,,,,,-,-,,-,-,,,,-,,2025/07/29,火,,,-,-,,-,-,¥0,,,-
2025/07/30,水,0,0,-,-,0,-,-,¥0,,0,-,,CVR,5.63%,,,,,,,,-,-,,-,-,,,,-,,,,,,-,-,,-,-,,,,-,,2025/07/30,水,,,-,-,,-,-,¥0,,,-,,,,,,-,-,,-,-,,,,-,,2025/07/30,水,,,-,-,,-,-,¥0,,,-
2025/07/31,木,450,5,1.11%,¥803,1,"¥4,014",20.00%,"¥4,014",,1,"¥4,014",,消化金額,"¥362,931",,,,,,,,-,-,,-,-,,,,-,,,,,,-,-,,-,-,,,,-,,2025/07/31,木,256,1,0.39%,"¥1,976",0,-,0.00%,"¥1,976",,0,-,,,,,,-,-,,-,-,,,,-,,2025/07/31,木,194,4,2.06%,¥509,1,"¥2,038",25.00%,"¥2,038",,1,"¥2,038"
,,,,,,,,,,,,,,,,,,,,,,,,,,,,,,,,,,,,,,,,,,,,,,,,,,,,,,,,,,,,,,,,,,,,,,,,,,,,,,,,,,,,,,,
日付,曜日,表示回数,クリック数,クリック率,クリック単価,CV,CPA,CVR,請求金額,,実獲得数,実CPA,,,,,,,,,,,クリック率,クリック単価,,CPA,CVR,,,実獲得数,実CPA,,,,,,クリック率,クリック単価,,CPA,CVR,,,実獲得数,実CPA,,日付,曜日,表示回数,クリック数,クリック率,クリック単価,CV,CPA,CVR,請求金額,,実獲得数,実CPA,,,,,,クリック率,クリック単価,,CPA,CVR,,,実獲得数,実CPA,,日付,曜日,表示回数,クリック数,クリック率,クリック単価,CV,CPA,CVR,請求金額,,実獲得数,実CPA
2025年8月,,"40,255",380,0.94%,"¥1,096",39,"¥10,680",10.26%,"¥416,537",,24,"¥17,356",,URL,,,,,,,,,-,-,,-,-,,,0,-,,,,,,-,-,,-,-,,,0,-,,2025年8月,,"32,778",289,0.88%,"¥1,147",33,"¥10,047",11.42%,"¥331,565",,21,"¥15,789",,,,,,-,-,,-,-,,,0,-,,2025年8月,,"7,477",91,1.22%,¥934,6,"¥14,162",6.59%,"¥84,972",,3,"¥28,324"
2025/08/01,金,810,18,2.22%,¥460,0,-,0.00%,"¥8,271",,1,"¥8,271",,,,,,,,,,,-,-,,-,-,,,,-,,,,,,-,-,,-,-,,,,-,,2025/08/01,金,448,9,2.01%,¥419,0,-,0.00%,"¥3,775",,1,"¥3,775",,,,,,-,-,,-,-,,,,-,,2025/08/01,金,362,9,2.49%,¥500,0,-,0.00%,"¥4,496",,0,-
2025/08/02,土,944,5,0.53%,"¥1,715",0,-,0.00%,"¥8,575",,0,-,,,,,,,,,,,-,-,,-,-,,,,-,,,,,,-,-,,-,-,,,,-,,2025/08/02,土,602,3,0.50%,"¥1,369",0,-,0.00%,"¥4,106",,0,-,,,,,,-,-,,-,-,,,,-,,2025/08/02,土,342,2,0.58%,"¥2,234",0,-,0.00%,"¥4,469",,0,-
2025/08/03,日,842,9,1.07%,"¥1,217",0,-,0.00%,"¥10,953",,0,-,,,,,,,,,,,-,-,,-,-,,,,-,,,,,,-,-,,-,-,,,,-,,2025/08/03,日,505,1,0.20%,"¥4,710",0,-,0.00%,"¥4,710",,0,-,,,,,,-,-,,-,-,,,,-,,2025/08/03,日,337,8,2.37%,¥780,0,-,0.00%,"¥6,243",,0,-
2025/08/04,月,773,12,1.55%,¥828,0,-,0.00%,"¥9,939",,0,-,,,,,,,,,,,-,-,,-,-,,,,-,,,,,,-,-,,-,-,,,,-,,2025/08/04,月,484,7,1.45%,¥720,0,-,0.00%,"¥5,039",,0,-,,,,,,-,-,,-,-,,,,-,,2025/08/04,月,289,5,1.73%,¥980,0,-,0.00%,"¥4,900",,0,-
2025/08/05,火,826,13,1.57%,¥766,0,-,0.00%,"¥9,956",,0,-,,,,,,,,,,,-,-,,-,-,,,,-,,,,,,-,-,,-,-,,,,-,,2025/08/05,火,424,6,1.42%,¥821,0,-,0.00%,"¥4,928",,0,-,,,,,,-,-,,-,-,,,,-,,2025/08/05,火,402,7,1.74%,¥718,0,-,0.00%,"¥5,029",,0,-
2025/08/06,水,757,4,0.53%,"¥2,009",1,"¥8,036",25.00%,"¥8,036",,1,"¥8,036",,,,,,,,,,,-,-,,-,-,,,,-,,,,,,-,-,,-,-,,,,-,,2025/08/06,水,352,1,0.28%,"¥4,044",1,"¥4,044",100.00%,"¥4,044",,1,"¥4,044",,,,,,-,-,,-,-,,,,-,,2025/08/06,水,405,3,0.74%,"¥1,331",0,-,0.00%,"¥3,993",,0,-
2025/08/07,木,878,12,1.37%,¥761,0,-,0.00%,"¥9,130",,0,-,,,,,,,,,,,-,-,,-,-,,,,-,,,,,,-,-,,-,-,,,,-,,2025/08/07,木,581,8,1.38%,¥585,0,-,0.00%,"¥4,684",,0,-,,,,,,-,-,,-,-,,,,-,,2025/08/07,木,297,4,1.35%,"¥1,112",0,-,0.00%,"¥4,446",,0,-
2025/08/08,金,681,7,1.03%,"¥1,048",0,-,0.00%,"¥7,338",,0,-,,,,,,,,,,,-,-,,-,-,,,,-,,,,,,-,-,,-,-,,,,-,,2025/08/08,金,342,4,1.17%,¥879,0,-,0.00%,"¥3,515",,0,-,,,,,,-,-,,-,-,,,,-,,2025/08/08,金,339,3,0.88%,"¥1,274",0,-,0.00%,"¥3,823",,0,-
2025/08/09,土,722,7,0.97%,¥975,0,-,0.00%,"¥6,824",,0,-,,,,,,,,,,,-,-,,-,-,,,,-,,,,,,-,-,,-,-,,,,-,,2025/08/09,土,401,3,0.75%,"¥1,161",0,-,0.00%,"¥3,484",,0,-,,,,,,-,-,,-,-,,,,-,,2025/08/09,土,321,4,1.25%,¥835,0,-,0.00%,"¥3,340",,0,-
2025/08/10,日,735,8,1.09%,"¥1,017",2,"¥4,066",25.00%,"¥8,133",,1,"¥8,133",,,,,,,,,,,-,-,,-,-,,,,-,,,,,,-,-,,-,-,,,,-,,2025/08/10,日,344,1,0.29%,"¥4,218",0,-,0.00%,"¥4,218",,0,-,,,,,,-,-,,-,-,,,,-,,2025/08/10,日,391,7,1.79%,¥559,2,"¥1,958",28.57%,"¥3,915",,1,"¥3,915"
2025/08/11,月,682,7,1.03%,"¥1,119",2,"¥3,917",28.57%,"¥7,834",,1,"¥7,834",,,,,,,,,,,-,-,,-,-,,,,-,,,,,,-,-,,-,-,,,,-,,2025/08/11,月,281,4,1.42%,"¥1,003",2,"¥2,006",50.00%,"¥4,011",,1,"¥4,011",,,,,,-,-,,-,-,,,,-,,2025/08/11,月,401,3,0.75%,"¥1,274",0,-,0.00%,"¥3,823",,0,-
2025/08/12,火,926,10,1.08%,¥937,2,"¥4,687",20.00%,"¥9,374",,1,"¥9,374",,,,,,,,,,,-,-,,-,-,,,,-,,,,,,-,-,,-,-,,,,-,,2025/08/12,火,416,7,1.68%,¥741,2,"¥2,593",28.57%,"¥5,186",,1,"¥5,186",,,,,,-,-,,-,-,,,,-,,2025/08/12,火,510,3,0.59%,"¥1,396",0,-,0.00%,"¥4,188",,0,-
2025/08/13,水,"1,029",7,0.68%,"¥1,372",0,-,0.00%,"¥9,606",,0,-,,,,,,,,,,,-,-,,-,-,,,,-,,,,,,-,-,,-,-,,,,-,,2025/08/13,水,598,3,0.50%,"¥2,061",0,-,0.00%,"¥6,184",,0,-,,,,,,-,-,,-,-,,,,-,,2025/08/13,水,431,4,0.93%,¥856,0,-,0.00%,"¥3,423",,0,-
2025/08/14,木,932,10,1.07%,"¥1,015",4,"¥2,536",40.00%,"¥10,145",,2,"¥5,073",,,,,,,,,,,-,-,,-,-,,,,-,,,,,,-,-,,-,-,,,,-,,2025/08/14,木,536,9,1.68%,¥778,4,"¥1,749",44.44%,"¥6,998",,2,"¥3,499",,,,,,-,-,,-,-,,,,-,,2025/08/14,木,396,1,0.25%,"¥3,148",0,-,0.00%,"¥3,148",,0,-
2025/08/15,金,986,8,0.81%,"¥1,188",0,-,0.00%,"¥9,500",,0,-,,,,,,,,,,,-,-,,-,-,,,,-,,,,,,-,-,,-,-,,,,-,,2025/08/15,金,849,7,0.82%,"¥1,174",0,-,0.00%,"¥8,220",,0,-,,,,,,-,-,,-,-,,,,-,,2025/08/15,金,137,1,0.73%,"¥1,280",0,-,0.00%,"¥1,280",,0,-
2025/08/16,土,641,5,0.78%,"¥1,413",0,-,0.00%,"¥7,064",,0,-,,,,,,,,,,,-,-,,-,-,,,,-,,,,,,-,-,,-,-,,,,-,,2025/08/16,土,641,5,0.78%,"¥1,413",0,-,0.00%,"¥7,064",,0,-,,,,,,-,-,,-,-,,,,-,,2025/08/16,土,,,-,-,,-,-,¥0,,,-
2025/08/17,日,949,9,0.95%,"¥1,115",0,-,0.00%,"¥10,039",,1,"¥10,039",,,"¥21,398",,,,,,,,-,-,,-,-,,,,-,,,,,,-,-,,-,-,,,,-,,2025/08/17,日,949,9,0.95%,"¥1,115",0,-,0.00%,"¥10,039",,1,"¥10,039",,,,,,-,-,,-,-,,,,-,,2025/08/17,日,,,-,-,,-,-,¥0,,,-
2025/08/18,月,919,9,0.98%,¥964,2,"¥4,338",22.22%,"¥8,675",,1,"¥8,675",,,,,,,,,,,-,-,,-,-,,,,-,,,,,,-,-,,-,-,,,,-,,2025/08/18,月,919,9,0.98%,¥964,2,"¥4,338",22.22%,"¥8,675",,1,"¥8,675",,,,,,-,-,,-,-,,,,-,,2025/08/18,月,,,-,-,,-,-,¥0,,,-
2025/08/19,火,960,11,1.15%,"¥1,069",2,"¥5,881",18.18%,"¥11,763",,1,"¥11,763",,,,,,,,,,,-,-,,-,-,,,,-,,,,,,-,-,,-,-,,,,-,,2025/08/19,火,960,11,1.15%,"¥1,069",2,"¥5,881",18.18%,"¥11,763",,1,"¥11,763",,,,,,-,-,,-,-,,,,-,,2025/08/19,火,,,-,-,,-,-,¥0,,,-
2025/08/20,水,"1,388",11,0.79%,"¥1,267",0,-,0.00%,"¥13,938",,0,-,,,,,,,,,,,-,-,,-,-,,,,-,,,,,,-,-,,-,-,,,,-,,2025/08/20,水,"1,388",11,0.79%,"¥1,267",0,-,0.00%,"¥13,938",,0,-,,,,,,-,-,,-,-,,,,-,,2025/08/20,水,,,-,-,,-,-,¥0,,,-
2025/08/21,木,"1,818",17,0.94%,¥907,2,"¥7,713",11.76%,"¥15,426",,1,"¥15,426",,,,,,,,,,,-,-,,-,-,,,,-,,,,,,-,-,,-,-,,,,-,,2025/08/21,木,"1,818",17,0.94%,¥907,2,"¥7,713",11.76%,"¥15,426",,1,"¥15,426",,,,,,-,-,,-,-,,,,-,,2025/08/21,木,,,-,-,,-,-,¥0,,,-
2025/08/22,金,"1,642",13,0.79%,"¥1,226",0,-,0.00%,"¥15,934",,0,-,,,,,,,,,,,-,-,,-,-,,,,-,,,,,,-,-,,-,-,,,,-,,2025/08/22,金,"1,642",13,0.79%,"¥1,226",0,-,0.00%,"¥15,934",,0,-,,,,,,-,-,,-,-,,,,-,,2025/08/22,金,,,-,-,,-,-,¥0,,,-
2025/08/23,土,"1,616",13,0.80%,"¥1,270",3,"¥5,505",23.08%,"¥16,514",,2,"¥8,257",,8月結果,,,,,,,,,-,-,,-,-,,,,-,,,,,,-,-,,-,-,,,,-,,2025/08/23,土,"1,616",13,0.80%,"¥1,270",3,"¥5,505",23.08%,"¥16,514",,2,"¥8,257",,,,,,-,-,,-,-,,,,-,,2025/08/23,土,,,-,-,,-,-,¥0,,,-
2025/08/24,日,"1,966",22,1.12%,¥935,4,"¥5,143",18.18%,"¥20,574",,2,"¥10,287",,表示回数,"40,255",,,,,,,,-,-,,-,-,,,,-,,,,,,-,-,,-,-,,,,-,,2025/08/24,日,"1,966",22,1.12%,¥935,4,"¥5,143",18.18%,"¥20,574",,2,"¥10,287",,,,,,-,-,,-,-,,,,-,,2025/08/24,日,,,-,-,,-,-,¥0,,,-
2025/08/25,月,"1,955",12,0.61%,"¥1,826",3,"¥7,302",25.00%,"¥21,906",,2,"¥10,953",,クリック数,380,,,,,,,,-,-,,-,-,,,,-,,,,,,-,-,,-,-,,,,-,,2025/08/25,月,"1,800",11,0.61%,"¥1,818",3,"¥6,665",27.27%,"¥19,994",,2,"¥9,997",,,,,,-,-,,-,-,,,,-,,2025/08/25,月,155,1,0.65%,"¥1,913",0,-,0.00%,"¥1,913",,0,-
2025/08/26,火,"1,659",14,0.84%,"¥1,489",0,-,0.00%,"¥20,841",,0,-,,クリック率,0.94%,,,,,,,,-,-,,-,-,,,,-,,,,,,-,-,,-,-,,,,-,,2025/08/26,火,"1,488",12,0.81%,"¥1,484",0,-,0.00%,"¥17,814",,0,-,,,,,,-,-,,-,-,,,,-,,2025/08/26,火,171,2,1.17%,"¥1,514",0,-,0.00%,"¥3,028",,0,-
2025/08/27,水,"2,081",20,0.96%,"¥1,160",2,"¥11,599",10.00%,"¥23,198",,1,"¥23,198",,クリック単価,"¥1,096",,,,,,,,-,-,,-,-,,,,-,,,,,,-,-,,-,-,,,,-,,2025/08/27,水,"1,710",16,0.94%,"¥1,204",2,"¥9,631",12.50%,"¥19,261",,1,"¥19,261",,,,,,-,-,,-,-,,,,-,,2025/08/27,水,371,4,1.08%,¥984,0,-,0.00%,"¥3,936",,0,-
2025/08/28,木,"2,122",21,0.99%,"¥1,175",0,-,0.00%,"¥24,685",,0,-,,実獲得数,24,,,,,,,,-,-,,-,-,,,,-,,,,,,-,-,,-,-,,,,-,,2025/08/28,木,"1,761",17,0.97%,"¥1,200",0,-,0.00%,"¥20,396",,0,-,,,,,,-,-,,-,-,,,,-,,2025/08/28,木,361,4,1.11%,"¥1,072",0,-,0.00%,"¥4,289",,0,-
2025/08/29,金,"1,991",21,1.05%,"¥1,075",5,"¥4,515",23.81%,"¥22,576",,3,"¥7,525",,CPA,"¥17,356",,,,,,,,-,-,,-,-,,,,-,,,,,,-,-,,-,-,,,,-,,2025/08/29,金,"1,769",15,0.85%,"¥1,296",3,"¥6,479",20.00%,"¥19,436",,2,"¥9,718",,,,,,-,-,,-,-,,,,-,,2025/08/29,金,222,6,2.70%,¥523,2,"¥1,570",33.33%,"¥3,140",,1,"¥3,140"
2025/08/30,土,"2,628",20,0.76%,"¥1,131",1,"¥22,613",5.00%,"¥22,613",,1,"¥22,613",,CVR,6.32%,,,,,,,,-,-,,-,-,,,,-,,,,,,-,-,,-,-,,,,-,,2025/08/30,土,"2,226",17,0.76%,"¥1,125",1,"¥19,129",5.88%,"¥19,129",,1,"¥19,129",,,,,,-,-,,-,-,,,,-,,2025/08/30,土,402,3,0.75%,"¥1,161",0,-,0.00%,"¥3,484",,0,-
2025/08/31,日,"3,397",25,0.74%,"¥1,087",4,"¥6,795",16.00%,"¥27,181",,2,"¥13,591",,消化金額,"¥416,538",,,,,,,,-,-,,-,-,,,,-,,,,,,-,-,,-,-,,,,-,,2025/08/31,日,"2,962",18,0.61%,"¥1,251",2,"¥11,255",11.11%,"¥22,510",,1,"¥22,510",,,,,,-,-,,-,-,,,,-,,2025/08/31,日,435,7,1.61%,¥667,2,"¥2,336",28.57%,"¥4,671",,1,"¥4,671"
,,,,,,,,,,,,,,,,,,,,,,,,,,,,,,,,,,,,,,,,,,,,,,,,,,,,,,,,,,,,,,,,,,,,,,,,,,,,,,,,,,,,,,,
日付,曜日,表示回数,クリック数,クリック率,クリック単価,CV,CPA,CVR,請求金額,,実獲得数,実CPA,,,,,,,,,,,クリック率,クリック単価,,CPA,CVR,,,実獲得数,実CPA,,,,,,クリック率,クリック単価,,CPA,CVR,,,実獲得数,実CPA,,日付,曜日,表示回数,クリック数,クリック率,クリック単価,CV,CPA,CVR,請求金額,,実獲得数,実CPA,,,,,,クリック率,クリック単価,,CPA,CVR,,,実獲得数,実CPA,,日付,曜日,表示回数,クリック数,クリック率,クリック単価,CV,CPA,CVR,請求金額,,実獲得数,実CPA
2025年9月,,"64,778",599,0.92%,"¥1,001",52,"¥11,530",8.68%,"¥599,571",,30,"¥19,986",,URL,,,,,,,,,-,-,,-,-,,,0,-,,,,,,-,-,,-,-,,,0,-,,2025年9月,,"13,441",106,0.79%,"¥1,227",4,"¥32,516",3.77%,"¥130,063",,5,"¥26,013",,,,,,-,-,,-,-,,,0,-,,2025年9月,,"51,337",493,0.96%,¥952,48,"¥9,781",9.74%,"¥469,507",,25,"¥18,780"
2025/09/01,月,"3,565",23,0.65%,"¥1,043",2,"¥11,994",8.70%,"¥23,989",,1,"¥23,989",,,,,,,,,,,-,-,,-,-,,,,-,,,,,,-,-,,-,-,,,,-,,2025/09/01,月,"2,917",19,0.65%,"¥1,029",2,"¥9,772",10.53%,"¥19,544",,1,"¥19,544",,,,,,-,-,,-,-,,,,-,,2025/09/01,月,648,4,0.62%,"¥1,111",0,-,0.00%,"¥4,445",,0,-
2025/09/02,火,"2,506",20,0.80%,"¥1,278",0,-,0.00%,"¥25,558",,0,-,,,,,,,,,,,-,-,,-,-,,,,-,,,,,,-,-,,-,-,,,,-,,2025/09/02,火,"1,564",12,0.77%,"¥1,439",0,-,0.00%,"¥17,270",,0,-,,,,,,-,-,,-,-,,,,-,,2025/09/02,火,942,8,0.85%,"¥1,036",0,-,0.00%,"¥8,288",,0,-
2025/09/03,水,"2,595",28,1.08%,¥909,2,"¥12,719",7.14%,"¥25,439",,1,"¥25,439",,,,,,,,,,,-,-,,-,-,,,,-,,,,,,-,-,,-,-,,,,-,,2025/09/03,水,"1,401",13,0.93%,"¥1,187",0,-,0.00%,"¥15,435",,0,-,,,,,,-,-,,-,-,,,,-,,2025/09/03,水,"1,194",15,1.26%,¥667,2,"¥5,002",13.33%,"¥10,004",,1,"¥10,004"
2025/09/04,木,"2,726",26,0.95%,¥891,2,"¥11,584",7.69%,"¥23,168",,2,"¥11,584",,,,,,,,,,,-,-,,-,-,,,,-,,,,,,-,-,,-,-,,,,-,,2025/09/04,木,949,6,0.63%,"¥1,824",0,-,0.00%,"¥10,943",,0,-,,,,,,-,-,,-,-,,,,-,,2025/09/04,木,"1,777",20,1.13%,¥611,2,"¥6,113",10.00%,"¥12,225",,2,"¥6,113"
2025/09/05,金,"2,389",18,0.75%,"¥1,274",2,"¥11,465",11.11%,"¥22,930",,1,"¥22,930",,,,,,,,,,,-,-,,-,-,,,,-,,,,,,-,-,,-,-,,,,-,,2025/09/05,金,928,5,0.54%,"¥2,069",0,-,0.00%,"¥10,345",,0,-,,,,,,-,-,,-,-,,,,-,,2025/09/05,金,"1,461",13,0.89%,¥968,2,"¥6,293",15.38%,"¥12,585",,1,"¥12,585"
2025/09/06,土,"1,966",15,0.76%,"¥1,312",2,"¥9,843",13.33%,"¥19,685",,1,"¥19,685",,,,,,,,,,,-,-,,-,-,,,,-,,,,,,-,-,,-,-,,,,-,,2025/09/06,土,859,6,0.70%,"¥1,717",0,-,0.00%,"¥10,301",,1,"¥10,301",,,,,,-,-,,-,-,,,,-,,2025/09/06,土,"1,107",9,0.81%,"¥1,043",2,"¥4,692",22.22%,"¥9,384",,0,-
2025/09/07,日,"2,456",27,1.10%,¥896,2,"¥12,094",7.41%,"¥24,188",,1,"¥24,188",,,,,,,,,,,-,-,,-,-,,,,-,,,,,,-,-,,-,-,,,,-,,2025/09/07,日,"1,088",8,0.74%,"¥1,544",0,-,0.00%,"¥12,354",,1,"¥12,354",,,,,,-,-,,-,-,,,,-,,2025/09/07,日,"1,368",19,1.39%,¥623,2,"¥5,917",10.53%,"¥11,834",,0,-
2025/09/08,月,"1,705",13,0.76%,"¥1,373",4,"¥4,462",30.77%,"¥17,848",,2,"¥8,924",,,,,,,,,,,-,-,,-,-,,,,-,,,,,,-,-,,-,-,,,,-,,2025/09/08,月,299,4,1.34%,"¥1,192",2,"¥2,384",50.00%,"¥4,769",,1,"¥4,769",,,,,,-,-,,-,-,,,,-,,2025/09/08,月,"1,406",9,0.64%,"¥1,453",2,"¥6,539",22.22%,"¥13,079",,1,"¥13,079"
2025/09/09,火,"1,612",10,0.62%,"¥1,498",0,-,0.00%,"¥14,980",,0,-,,,,,,,,,,,-,-,,-,-,,,,-,,,,,,-,-,,-,-,,,,-,,2025/09/09,火,,,-,-,,-,-,¥0,,,-,,,,,,-,-,,-,-,,,,-,,2025/09/09,火,"1,612",10,0.62%,"¥1,498",0,-,0.00%,"¥14,980",,0,-
2025/09/10,水,"1,554",10,0.64%,"¥1,620",0,-,0.00%,"¥16,195",,0,-,,,,,,,,,,,-,-,,-,-,,,,-,,,,,,-,-,,-,-,,,,-,,2025/09/10,水,,,-,-,,-,-,¥0,,,-,,,,,,-,-,,-,-,,,,-,,2025/09/10,水,"1,554",10,0.64%,"¥1,620",0,-,0.00%,"¥16,195",,0,-
2025/09/11,木,"1,603",12,0.75%,"¥1,261",0,-,0.00%,"¥15,138",,1,"¥15,138",,,,,,,,,,,-,-,,-,-,,,,-,,,,,,-,-,,-,-,,,,-,,2025/09/11,木,,,-,-,,-,-,¥0,,,-,,,,,,-,-,,-,-,,,,-,,2025/09/11,木,"1,603",12,0.75%,"¥1,261",0,-,0.00%,"¥15,138",,1,"¥15,138"
2025/09/12,金,"1,682",19,1.13%,¥800,4,"¥3,802",21.05%,"¥15,208",,2,"¥7,604",,,,,,,,,,,-,-,,-,-,,,,-,,,,,,-,-,,-,-,,,,-,,2025/09/12,金,,,-,-,,-,-,¥0,,,-,,,,,,-,-,,-,-,,,,-,,2025/09/12,金,"1,682",19,1.13%,¥800,4,"¥3,802",21.05%,"¥15,208",,2,"¥7,604"
2025/09/13,土,"1,376",14,1.02%,¥864,2,"¥6,048",14.29%,"¥12,096",,1,"¥12,096",,,,,,,,,,,-,-,,-,-,,,,-,,,,,,-,-,,-,-,,,,-,,2025/09/13,土,,,-,-,,-,-,¥0,,,-,,,,,,-,-,,-,-,,,,-,,2025/09/13,土,"1,376",14,1.02%,¥864,2,"¥6,048",14.29%,"¥12,096",,1,"¥12,096"
2025/09/14,日,"1,693",11,0.65%,"¥1,474",4,"¥4,053",36.36%,"¥16,211",,2,"¥8,106",,,,,,,,,,,-,-,,-,-,,,,-,,,,,,-,-,,-,-,,,,-,,2025/09/14,日,,,-,-,,-,-,¥0,,,-,,,,,,-,-,,-,-,,,,-,,2025/09/14,日,"1,693",11,0.65%,"¥1,474",4,"¥4,053",36.36%,"¥16,211",,2,"¥8,106"
2025/09/15,月,"1,577",27,1.71%,¥650,4,"¥4,389",14.81%,"¥17,555",,2,"¥8,778",,,,,,,,,,,-,-,,-,-,,,,-,,,,,,-,-,,-,-,,,,-,,2025/09/15,月,,,-,-,,-,-,¥0,,,-,,,,,,-,-,,-,-,,,,-,,2025/09/15,月,"1,577",27,1.71%,¥650,4,"¥4,389",14.81%,"¥17,555",,2,"¥8,778"
2025/09/16,火,"1,660",13,0.78%,"¥1,405",4,"¥4,566",30.77%,"¥18,265",,2,"¥9,133",,,,,,,,,,,-,-,,-,-,,,,-,,,,,,-,-,,-,-,,,,-,,2025/09/16,火,203,1,0.49%,"¥2,210",0,-,0.00%,"¥2,210",,0,-,,,,,,-,-,,-,-,,,,-,,2025/09/16,火,"1,457",12,0.82%,"¥1,338",4,"¥4,014",33.33%,"¥16,055",,2,"¥8,028"
2025/09/17,水,"1,750",16,0.91%,"¥1,230",2,"¥9,841",12.50%,"¥19,683",,1,"¥19,683",,,,,,,,,,,-,-,,-,-,,,,-,,,,,,-,-,,-,-,,,,-,,2025/09/17,水,198,0,0.00%,-,0,-,-,"¥2,130",,0,-,,,,,,-,-,,-,-,,,,-,,2025/09/17,水,"1,552",16,1.03%,"¥1,097",2,"¥8,776",12.50%,"¥17,553",,1,"¥17,553"
2025/09/18,木,"2,044",20,0.98%,"¥1,187",0,-,0.00%,"¥23,735",,1,"¥23,735",,,,,,,,,,,-,-,,-,-,,,,-,,,,,,-,-,,-,-,,,,-,,2025/09/18,木,557,9,1.62%,¥565,0,-,0.00%,"¥5,089",,1,"¥5,089",,,,,,-,-,,-,-,,,,-,,2025/09/18,木,"1,487",11,0.74%,"¥1,695",0,-,0.00%,"¥18,646",,0,-
2025/09/19,金,"2,375",19,0.80%,"¥1,262",0,-,0.00%,"¥23,975",,0,-,,,,,,,,,,,-,-,,-,-,,,,-,,,,,,-,-,,-,-,,,,-,,2025/09/19,金,475,1,0.21%,"¥3,914",0,-,0.00%,"¥3,914",,0,-,,,,,,-,-,,-,-,,,,-,,2025/09/19,金,"1,900",18,0.95%,"¥1,115",0,-,0.00%,"¥20,061",,0,-
2025/09/20,土,"2,170",18,0.83%,"¥1,021",0,-,0.00%,"¥18,379",,0,-,,,,,,,,,,,-,-,,-,-,,,,-,,,,,,-,-,,-,-,,,,-,,2025/09/20,土,516,7,1.36%,¥484,0,-,0.00%,"¥3,390",,0,-,,,,,,-,-,,-,-,,,,-,,2025/09/20,土,"1,654",11,0.67%,"¥1,363",0,-,0.00%,"¥14,989",,0,-
2025/09/21,日,"2,579",18,0.70%,"¥1,392",0,-,0.00%,"¥25,048",,1,"¥25,048",,,,,,,,,,,-,-,,-,-,,,,-,,,,,,-,-,,-,-,,,,-,,2025/09/21,日,494,4,0.81%,"¥1,157",0,-,0.00%,"¥4,629",,0,-,,,,,,-,-,,-,-,,,,-,,2025/09/21,日,"2,085",14,0.67%,"¥1,458",0,-,0.00%,"¥20,419",,1,"¥20,419"
2025/09/22,月,"2,018",18,0.89%,"¥1,100",0,-,0.00%,"¥19,804",,0,-,,,,,,,,,,,-,-,,-,-,,,,-,,,,,,-,-,,-,-,,,,-,,2025/09/22,月,452,4,0.88%,¥907,0,-,0.00%,"¥3,626",,0,-,,,,,,-,-,,-,-,,,,-,,2025/09/22,月,"1,566",14,0.89%,"¥1,156",0,-,0.00%,"¥16,178",,0,-
2025/09/23,火,"2,433",28,1.15%,¥781,2,"¥10,933",7.14%,"¥21,865",,1,"¥21,865",,9月結果,,,,,,,,,-,-,,-,-,,,,-,,,,,,-,-,,-,-,,,,-,,2025/09/23,火,541,7,1.29%,¥588,0,-,0.00%,"¥4,116",,0,-,,,,,,-,-,,-,-,,,,-,,2025/09/23,火,"1,892",21,1.11%,¥845,2,"¥8,874",9.52%,"¥17,749",,1,"¥17,749"
2025/09/24,水,"2,119",20,0.94%,¥889,2,"¥8,892",10.00%,"¥17,784",,1,"¥17,784",,表示回数,"64,778",,,,,,,,-,-,,-,-,,,,-,,,,,,-,-,,-,-,,,,-,,2025/09/24,水,,,-,-,0,-,-,¥0,,,-,,,,,,-,-,,-,-,,,,-,,2025/09/24,水,"2,119",20,0.94%,¥889,2,"¥8,892",10.00%,"¥17,784",,1,"¥17,784"
2025/09/25,木,"2,821",21,0.74%,¥909,3,"¥6,364",14.29%,"¥19,091",,1,"¥19,091",,クリック数,599,,,,,,,,-,-,,-,-,,,,-,,,,,,-,-,,-,-,,,,-,,2025/09/25,木,,,-,-,,-,-,¥0,,,-,,,,,,-,-,,-,-,,,,-,,2025/09/25,木,"2,821",21,0.74%,¥909,3,"¥6,364",14.29%,"¥19,091",,1,"¥19,091"
2025/09/26,金,"1,929",18,0.93%,"¥1,203",6,"¥3,608",33.33%,"¥21,649",,3,"¥7,216",,クリック率,0.92%,,,,,,,,-,-,,-,-,,,,-,,,,,,-,-,,-,-,,,,-,,2025/09/26,金,,,-,-,,-,-,¥0,,,-,,,,,,-,-,,-,-,,,,-,,2025/09/26,金,"1,929",18,0.93%,"¥1,203",6,"¥3,608",33.33%,"¥21,649",,3,"¥7,216"
2025/09/27,土,"2,135",16,0.75%,"¥1,071",0,-,0.00%,"¥17,131",,0,-,,クリック単価,"¥1,001",,,,,,,,-,-,,-,-,,,,-,,,,,,-,-,,-,-,,,,-,,2025/09/27,土,,,-,-,,-,-,¥0,,,-,,,,,,-,-,,-,-,,,,-,,2025/09/27,土,"2,135",16,0.75%,"¥1,071",0,-,0.00%,"¥17,131",,0,-
2025/09/28,日,"3,035",30,0.99%,¥730,3,"¥7,302",10.00%,"¥21,905",,2,"¥10,953",,実獲得数,30,,,,,,,,-,-,,-,-,,,,-,,,,,,-,-,,-,-,,,,-,,2025/09/28,日,,,-,-,,-,-,¥0,,,-,,,,,,-,-,,-,-,,,,-,,2025/09/28,日,"3,035",30,0.99%,¥730,3,"¥7,302",10.00%,"¥21,905",,2,"¥10,953"
2025/09/29,月,"2,247",40,1.78%,¥531,0,-,0.00%,"¥21,251",,0,-,,CPA,"¥19,986",,,,,,,,-,-,,-,-,,,,-,,,,,,-,-,,-,-,,,,-,,2025/09/29,月,,,-,-,,-,-,¥0,,,-,,,,,,-,-,,-,-,,,,-,,2025/09/29,月,"2,247",40,1.78%,¥531,0,-,0.00%,"¥21,251",,0,-
2025/09/30,火,"2,458",31,1.26%,¥639,0,-,0.00%,"¥19,823",,0,-,,CVR,5.01%,,,,,,,,-,-,,-,-,,,,-,,,,,,-,-,,-,-,,,,-,,2025/09/30,火,,,-,-,,-,-,¥0,,,-,,,,,,-,-,,-,-,,,,-,,2025/09/30,火,"2,458",31,1.26%,¥639,0,-,0.00%,"¥19,823",,0,-
,,0,0,-,-,0,-,-,¥0,,0,-,,消化金額,"¥599,571",,,,,,,,-,-,,-,-,,,,-,,,,,,-,-,,-,-,,,,-,,,,,,-,-,,-,-,¥0,,,-,,,,,,-,-,,-,-,,,,-,,,,,,-,-,,-,-,¥0,,,-
,,,,,,,,,,,,,,,,,,,,,,,,,,,,,,,,,,,,,,,,,,,,,,,,,,,,,,,,,,,,,,,,,,,,,,,,,,,,,,,,,,,,,,,
日付,曜日,表示回数,クリック数,クリック率,クリック単価,CV,CPA,CVR,請求金額,,実獲得数,実CPA,,,,,,,,,,,クリック率,クリック単価,,CPA,CVR,,,実獲得数,実CPA,,,,,,クリック率,クリック単価,,CPA,CVR,,,実獲得数,実CPA,,日付,曜日,表示回数,クリック数,クリック率,クリック単価,CV,CPA,CVR,請求金額,,実獲得数,実CPA,,,,,,クリック率,クリック単価,,CPA,CVR,,,実獲得数,実CPA,,日付,曜日,表示回数,クリック数,クリック率,クリック単価,CV,CPA,CVR,請求金額,,実獲得数,実CPA
2025年10月,,"44,608",674,1.51%,¥598,24,"¥16,795",3.56%,"¥403,075",,15,"¥26,872",,URL,,,,,,,,,-,-,,-,-,,,0,-,,,,,,-,-,,-,-,,,0,-,,2025年10月,,"10,697",136,1.27%,¥687,4,"¥23,366",2.94%,"¥93,462",,3,"¥31,154",,,,,,-,-,,-,-,,,0,-,,2025年10月,,"33,911",538,1.59%,¥575,20,"¥15,481",3.72%,"¥309,612",,12,"¥25,801"
2025/10/01,水,"2,898",24,0.83%,¥798,0,-,0.00%,"¥19,163",,0,-,,,,,,,,,,,-,-,,-,-,,,,-,,,,,,-,-,,-,-,,,,-,,2025/10/01,水,,,-,-,,-,-,¥0,,,-,,,,,,-,-,,-,-,,,,-,,2025/10/01,水,"2,898",24,0.83%,¥798,0,-,0.00%,"¥19,163",,0,-
2025/10/02,木,894,11,1.23%,¥575,0,-,0.00%,"¥6,323",,0,-,,,,,,,,,,,-,-,,-,-,,,,-,,,,,,-,-,,-,-,,,,-,,2025/10/02,木,,,-,-,,-,-,¥0,,,-,,,,,,-,-,,-,-,,,,-,,2025/10/02,木,894,11,1.23%,¥575,0,-,0.00%,"¥6,323",,0,-
2025/10/03,金,"1,400",18,1.29%,¥645,0,-,0.00%,"¥11,613",,0,-,,,,,,,,,,,-,-,,-,-,,,,-,,,,,,-,-,,-,-,,,,-,,2025/10/03,金,386,8,2.07%,¥455,0,-,0.00%,"¥3,636",,0,-,,,,,,-,-,,-,-,,,,-,,2025/10/03,金,"1,014",10,0.99%,¥798,0,-,0.00%,"¥7,976",,0,-
2025/10/04,土,"2,123",48,2.26%,¥284,2,"¥6,828",4.17%,"¥13,655",,1,"¥13,655",,,,,,,,,,,-,-,,-,-,,,,-,,,,,,-,-,,-,-,,,,-,,2025/10/04,土,586,4,0.68%,¥803,0,-,0.00%,"¥3,210",,0,-,,,,,,-,-,,-,-,,,,-,,2025/10/04,土,"1,537",44,2.86%,¥237,2,"¥5,223",4.55%,"¥10,445",,1,"¥10,445"
2025/10/05,日,"2,134",22,1.03%,¥806,0,-,0.00%,"¥17,723",,0,-,,,,,,,,,,,-,-,,-,-,,,,-,,,,,,-,-,,-,-,,,,-,,2025/10/05,日,"1,592",18,1.13%,¥245,0,-,0.00%,"¥4,419",,0,-,,,,,,-,-,,-,-,,,,-,,2025/10/05,日,542,4,0.74%,"¥3,326",0,-,0.00%,"¥13,304",,0,-
2025/10/06,月,"1,415",16,1.13%,¥820,0,-,0.00%,"¥13,119",,0,-,,,,,,,,,,,-,-,,-,-,,,,-,,,,,,-,-,,-,-,,,,-,,2025/10/06,月,295,1,0.34%,"¥3,916",0,-,0.00%,"¥3,916",,0,-,,,,,,-,-,,-,-,,,,-,,2025/10/06,月,"1,120",15,1.34%,¥614,0,-,0.00%,"¥9,203",,0,-
2025/10/07,火,883,11,1.25%,¥884,0,-,0.00%,"¥9,720",,0,-,,,,,,,,,,,-,-,,-,-,,,,-,,,,,,-,-,,-,-,,,,-,,2025/10/07,火,261,5,1.92%,¥609,0,-,0.00%,"¥3,043",,0,-,,,,,,-,-,,-,-,,,,-,,2025/10/07,火,622,6,0.96%,"¥1,113",0,-,0.00%,"¥6,678",,0,-
2025/10/08,水,482,7,1.45%,¥651,0,-,0.00%,"¥4,554",,0,-,,,,,,,,,,,-,-,,-,-,,,,-,,,,,,-,-,,-,-,,,,-,,2025/10/08,水,,,-,-,,-,-,¥0,,,-,,,,,,-,-,,-,-,,,,-,,2025/10/08,水,482,7,1.45%,¥651,0,-,0.00%,"¥4,554",,0,-
2025/10/09,木,608,13,2.14%,¥401,4,"¥1,304",30.77%,"¥5,218",,2,"¥2,609",,,,,,,,,,,-,-,,-,-,,,,-,,,,,,-,-,,-,-,,,,-,,2025/10/09,木,,,-,-,,-,-,¥0,,,-,,,,,,-,-,,-,-,,,,-,,2025/10/09,木,608,13,2.14%,¥401,4,"¥1,304",30.77%,"¥5,218",,2,"¥2,609"
2025/10/10,金,631,6,0.95%,¥885,0,-,0.00%,"¥5,310",,0,-,,,,,,,,,,,-,-,,-,-,,,,-,,,,,,-,-,,-,-,,,,-,,2025/10/10,金,,,-,-,,-,-,¥0,,,-,,,,,,-,-,,-,-,,,,-,,2025/10/10,金,631,6,0.95%,¥885,0,-,0.00%,"¥5,310",,0,-
2025/10/11,土,578,11,1.90%,¥457,0,-,0.00%,"¥5,026",,0,-,,,,,,,,,,,-,-,,-,-,,,,-,,,,,,-,-,,-,-,,,,-,,2025/10/11,土,,,-,-,,-,-,¥0,,,-,,,,,,-,-,,-,-,,,,-,,2025/10/11,土,578,11,1.90%,¥457,0,-,0.00%,"¥5,026",,0,-
2025/10/12,日,480,8,1.67%,¥648,2,"¥2,592",25.00%,"¥5,184",,1,"¥5,184",,,,,,,,,,,-,-,,-,-,,,,-,,,,,,-,-,,-,-,,,,-,,2025/10/12,日,,,-,-,,-,-,¥0,,,-,,,,,,-,-,,-,-,,,,-,,2025/10/12,日,480,8,1.67%,¥648,2,"¥2,592",25.00%,"¥5,184",,1,"¥5,184"
2025/10/13,月,527,7,1.33%,"¥1,000",1,"¥6,998",14.29%,"¥6,998",,1,"¥6,998",,,,,,,,,,,-,-,,-,-,,,,-,,,,,,-,-,,-,-,,,,-,,2025/10/13,月,,,-,-,,-,-,¥0,,,-,,,,,,-,-,,-,-,,,,-,,2025/10/13,月,527,7,1.33%,"¥1,000",1,"¥6,998",14.29%,"¥6,998",,1,"¥6,998"
2025/10/14,火,826,19,2.30%,¥428,2,"¥4,069",10.53%,"¥8,138",,1,"¥8,138",,,,,,,,,,,-,-,,-,-,,,,-,,,,,,-,-,,-,-,,,,-,,2025/10/14,火,,,-,-,,-,-,¥0,,,-,,,,,,-,-,,-,-,,,,-,,2025/10/14,火,826,19,2.30%,¥428,2,"¥4,069",10.53%,"¥8,138",,1,"¥8,138"
2025/10/15,水,"1,260",26,2.06%,¥458,2,"¥5,954",7.69%,"¥11,908",,1,"¥11,908",,,,,,,,,,,-,-,,-,-,,,,-,,,,,,-,-,,-,-,,,,-,,2025/10/15,水,207,5,2.42%,¥364,0,-,0.00%,"¥1,819",,1,"¥1,819",,,,,,-,-,,-,-,,,,-,,2025/10/15,水,"1,053",21,1.99%,¥480,2,"¥5,044",9.52%,"¥10,089",,0,-
2025/10/16,木,"1,337",11,0.82%,"¥1,372",2,"¥7,547",18.18%,"¥15,094",,1,"¥15,094",,,,,,,,,,,-,-,,-,-,,,,-,,,,,,-,-,,-,-,,,,-,,2025/10/16,木,305,5,1.64%,¥680,2,"¥1,699",40.00%,"¥3,398",,1,"¥3,398",,,,,,-,-,,-,-,,,,-,,2025/10/16,木,"1,032",6,0.58%,"¥1,949",0,-,0.00%,"¥11,696",,0,-
2025/10/17,金,"1,665",18,1.08%,¥849,0,-,0.00%,"¥15,279",,1,"¥15,279",,,,,,,,,,,-,-,,-,-,,,,-,,,,,,-,-,,-,-,,,,-,,2025/10/17,金,451,3,0.67%,"¥1,662",0,-,0.00%,"¥4,985",,0,-,,,,,,-,-,,-,-,,,,-,,2025/10/17,金,"1,214",15,1.24%,¥686,0,-,0.00%,"¥10,294",,1,"¥10,294"
2025/10/18,土,"1,799",26,1.45%,¥582,0,-,0.00%,"¥15,138",,0,-,,,,,,,,,,,-,-,,-,-,,,,-,,,,,,-,-,,-,-,,,,-,,2025/10/18,土,713,8,1.12%,¥714,0,-,0.00%,"¥5,713",,0,-,,,,,,-,-,,-,-,,,,-,,2025/10/18,土,"1,086",18,1.66%,¥524,0,-,0.00%,"¥9,425",,0,-
2025/10/19,日,"1,954",23,1.18%,¥771,0,-,0.00%,"¥17,729",,0,-,,,,,,,,,,,-,-,,-,-,,,,-,,,,,,-,-,,-,-,,,,-,,2025/10/19,日,854,6,0.70%,"¥1,143",0,-,0.00%,"¥6,856",,0,-,,,,,,-,-,,-,-,,,,-,,2025/10/19,日,"1,100",17,1.55%,¥640,0,-,0.00%,"¥10,873",,0,-
2025/10/20,月,"1,722",19,1.10%,¥829,0,-,0.00%,"¥15,758",,0,-,,,,,,,,,,,-,-,,-,-,,,,-,,,,,,-,-,,-,-,,,,-,,2025/10/20,月,688,9,1.31%,¥758,0,-,0.00%,"¥6,819",,0,-,,,,,,-,-,,-,-,,,,-,,2025/10/20,月,"1,034",10,0.97%,¥894,0,-,0.00%,"¥8,939",,0,-
2025/10/21,火,"1,522",25,1.64%,¥677,2,"¥8,465",8.00%,"¥16,930",,2,"¥8,465",,,,,,,,,,,-,-,,-,-,,,,-,,,,,,-,-,,-,-,,,,-,,2025/10/21,火,578,5,0.87%,"¥1,108",1,"¥5,539",20.00%,"¥5,539",,0,-,,,,,,-,-,,-,-,,,,-,,2025/10/21,火,944,20,2.12%,¥570,1,"¥11,391",5.00%,"¥11,391",,2,"¥5,696"
2025/10/22,水,"1,637",49,2.99%,¥335,2,"¥8,206",4.08%,"¥16,413",,1,"¥16,413",,,,,,,,,,,-,-,,-,-,,,,-,,,,,,-,-,,-,-,,,,-,,2025/10/22,水,696,14,2.01%,¥436,0,-,0.00%,"¥6,103",,0,-,,,,,,-,-,,-,-,,,,-,,2025/10/22,水,941,35,3.72%,¥295,2,"¥5,155",5.71%,"¥10,310",,1,"¥10,310"
2025/10/23,木,"1,877",34,1.81%,¥566,1,"¥19,240",2.94%,"¥19,240",,1,"¥19,240",,10月結果,,,,,,,,,-,-,,-,-,,,,-,,,,,,-,-,,-,-,,,,-,,2025/10/23,木,731,16,2.19%,¥416,1,"¥6,651",6.25%,"¥6,651",,1,"¥6,651",,,,,,-,-,,-,-,,,,-,,2025/10/23,木,"1,146",18,1.57%,¥699,0,-,0.00%,"¥12,589",,0,-
2025/10/24,金,"2,639",49,1.86%,¥398,2,"¥9,746",4.08%,"¥19,491",,1,"¥19,491",,表示回数,"44,608",,,,,,,,-,-,,-,-,,,,-,,,,,,-,-,,-,-,,,,-,,2025/10/24,金,673,11,1.63%,¥566,0,-,0.00%,"¥6,228",,0,-,,,,,,-,-,,-,-,,,,-,,2025/10/24,金,"1,966",38,1.93%,¥349,2,"¥6,632",5.26%,"¥13,264",,1,"¥13,264"
2025/10/25,土,"1,692",14,0.83%,"¥1,177",0,-,0.00%,"¥16,484",,0,-,,クリック数,674,,,,,,,,-,-,,-,-,,,,-,,,,,,-,-,,-,-,,,,-,,2025/10/25,土,457,3,0.66%,"¥1,661",0,-,0.00%,"¥4,984",,0,-,,,,,,-,-,,-,-,,,,-,,2025/10/25,土,"1,235",11,0.89%,"¥1,045",0,-,0.00%,"¥11,500",,0,-
2025/10/26,日,"2,542",39,1.53%,¥557,0,-,0.00%,"¥21,710",,0,-,,クリック率,1.51%,,,,,,,,-,-,,-,-,,,,-,,,,,,-,-,,-,-,,,,-,,2025/10/26,日,493,8,1.62%,¥971,0,-,0.00%,"¥7,765",,0,-,,,,,,-,-,,-,-,,,,-,,2025/10/26,日,"2,049",31,1.51%,¥450,0,-,0.00%,"¥13,945",,0,-
2025/10/27,月,"1,801",17,0.94%,"¥1,119",0,-,0.00%,"¥19,029",,0,-,,クリック単価,¥598,,,,,,,,-,-,,-,-,,,,-,,,,,,-,-,,-,-,,,,-,,2025/10/27,月,566,3,0.53%,"¥2,109",0,-,0.00%,"¥6,326",,0,-,,,,,,-,-,,-,-,,,,-,,2025/10/27,月,"1,235",14,1.13%,¥907,0,-,0.00%,"¥12,703",,0,-
2025/10/28,火,"1,356",27,1.99%,¥519,0,-,0.00%,"¥14,015",,0,-,,実獲得数,15,,,,,,,,-,-,,-,-,,,,-,,,,,,-,-,,-,-,,,,-,,2025/10/28,火,165,4,2.42%,¥514,0,-,0.00%,"¥2,055",,0,-,,,,,,-,-,,-,-,,,,-,,2025/10/28,火,"1,191",23,1.93%,¥520,0,-,0.00%,"¥11,960",,0,-
2025/10/29,水,975,23,2.36%,¥476,0,-,0.00%,"¥10,955",,0,-,,CPA,"¥26,872",,,,,,,,-,-,,-,-,,,,-,,,,,,-,-,,-,-,,,,-,,2025/10/29,水,,,-,-,,-,-,¥0,,,-,,,,,,-,-,,-,-,,,,-,,2025/10/29,水,975,23,2.36%,¥476,0,-,0.00%,"¥10,955",,0,-
2025/10/30,木,"1,682",30,1.78%,¥461,0,-,0.00%,"¥13,841",,0,-,,CVR,2.23%,,,,,,,,-,-,,-,-,,,,-,,,,,,-,-,,-,-,,,,-,,2025/10/30,木,,,-,-,,-,-,¥0,,,-,,,,,,-,-,,-,-,,,,-,,2025/10/30,木,"1,682",30,1.78%,¥461,0,-,0.00%,"¥13,841",,0,-
2025/10/31,金,"1,269",23,1.81%,¥536,2,"¥6,162",8.70%,"¥12,324",,1,"¥12,324",,消化金額,"¥403,075",,,,,,,,-,-,,-,-,,,,-,,,,,,-,-,,-,-,,,,-,,2025/10/31,金,,,-,-,,-,-,¥0,,,-,,,,,,-,-,,-,-,,,,-,,2025/10/31,金,"1,269",23,1.81%,¥536,2,"¥6,162",8.70%,"¥12,324",,1,"¥12,324"
,,,,,,,,,,,,,,,,,,,,,,,,,,,,,,,,,,,,,,,,,,,,,,,,,,,,,,,,,,,,,,,,,,,,,,,,,,,,,,,,,,,,,,,
日付,曜日,表示回数,クリック数,クリック率,クリック単価,CV,CPA,CVR,請求金額,,実獲得数,実CPA,,,,,,,,,,,クリック率,クリック単価,,CPA,CVR,,,実獲得数,実CPA,,,,,,クリック率,クリック単価,,CPA,CVR,,,実獲得数,実CPA,,日付,曜日,表示回数,クリック数,クリック率,クリック単価,CV,CPA,CVR,請求金額,,実獲得数,実CPA,,,,,,クリック率,クリック単価,,CPA,CVR,,,実獲得数,実CPA,,日付,曜日,表示回数,クリック数,クリック率,クリック単価,CV,CPA,CVR,請求金額,,実獲得数,実CPA
2025年11月,,"55,229",768,1.39%,¥699,36,"¥14,913",4.69%,"¥536,852",,20,"¥26,843",,URL,,,,,,,,,-,-,,-,-,,,0,-,,,,,,-,-,,-,-,,,0,-,,2025年11月,,0,0,-,-,0,-,-,¥0,,0,-,,,,,,-,-,,-,-,,,0,-,,2025年11月,,"55,229",768,1.39%,¥699,36,"¥14,913",4.69%,"¥536,852",,20,"¥26,843"
2025/11/01,土,"1,222",24,1.96%,¥418,5,"¥2,008",20.83%,"¥10,039",,3,"¥3,346",,"◾️LP1
https://a1.ritzpro.website

◾️LP2
https://b1.ritzpro.website

◾️LP3
https://c1.ritzpro.website

◾️サンクスページ
https://thxa1.ritzpro.website
",,,,,,,,,-,-,,-,-,,,,-,,,,,,-,-,,-,-,,,,-,,2025/11/01,土,,,-,-,,-,-,¥0,,,-,,,,,,-,-,,-,-,,,,-,,2025/11/01,土,"1,222",24,1.96%,¥418,5,"¥2,008",20.83%,"¥10,039",,3,"¥3,346"
2025/11/02,日,"1,674",58,3.46%,¥268,1,"¥15,558",1.72%,"¥15,558",,1,"¥15,558",,,,,,,,,,,-,-,,-,-,,,,-,,,,,,-,-,,-,-,,,,-,,2025/11/02,日,,,-,-,,-,-,¥0,,,-,,,,,,-,-,,-,-,,,,-,,2025/11/02,日,"1,674",58,3.46%,¥268,1,"¥15,558",1.72%,"¥15,558",,1,"¥15,558"
2025/11/03,月,"1,364",25,1.83%,¥589,2,"¥7,357",8.00%,"¥14,714",,1,"¥14,714",,,,,,,,,,,-,-,,-,-,,,,-,,,,,,-,-,,-,-,,,,-,,2025/11/03,月,,,-,-,,-,-,¥0,,,-,,,,,,-,-,,-,-,,,,-,,2025/11/03,月,"1,364",25,1.83%,¥589,2,"¥7,357",8.00%,"¥14,714",,1,"¥14,714"
2025/11/04,火,831,13,1.56%,¥724,2,"¥4,709",15.38%,"¥9,418",,1,"¥9,418",,,,,,,,,,,-,-,,-,-,,,,-,,,,,,-,-,,-,-,,,,-,,2025/11/04,火,,,-,-,,-,-,¥0,,,-,,,,,,-,-,,-,-,,,,-,,2025/11/04,火,831,13,1.56%,¥724,2,"¥4,709",15.38%,"¥9,418",,1,"¥9,418"
2025/11/05,水,"1,369",43,3.14%,¥326,0,-,0.00%,"¥14,020",,0,-,,,,,,,,,,,-,-,,-,-,,,,-,,,,,,-,-,,-,-,,,,-,,2025/11/05,水,,,-,-,,-,-,¥0,,,-,,,,,,-,-,,-,-,,,,-,,2025/11/05,水,"1,369",43,3.14%,¥326,0,-,0.00%,"¥14,020",,0,-
2025/11/06,木,"1,486",39,2.62%,¥473,3,"¥6,145",7.69%,"¥18,435",,2,"¥9,218",,,,,,,,,,,-,-,,-,-,,,,-,,,,,,-,-,,-,-,,,,-,,2025/11/06,木,,,-,-,,-,-,¥0,,,-,,,,,,-,-,,-,-,,,,-,,2025/11/06,木,"1,486",39,2.62%,¥473,3,"¥6,145",7.69%,"¥18,435",,2,"¥9,218"
2025/11/07,金,"1,390",13,0.94%,"¥1,359",0,-,0.00%,"¥17,661",,0,-,,,,,,,,,,,-,-,,-,-,,,,-,,,,,,-,-,,-,-,,,,-,,2025/11/07,金,,,-,-,,-,-,¥0,,,-,,,,,,-,-,,-,-,,,,-,,2025/11/07,金,"1,390",13,0.94%,"¥1,359",0,-,0.00%,"¥17,661",,0,-
2025/11/08,土,177,5,2.82%,¥526,0,-,0.00%,"¥2,629",,0,-,,,,,,,,,,,-,-,,-,-,,,,-,,,,,,-,-,,-,-,,,,-,,2025/11/08,土,,,-,-,,-,-,¥0,,,-,,,,,,-,-,,-,-,,,,-,,2025/11/08,土,177,5,2.82%,¥526,0,-,0.00%,"¥2,629",,0,-
2025/11/09,日,0,0,-,-,0,-,-,¥0,,0,-,,,,,,,,,,,-,-,,-,-,,,,-,,,,,,-,-,,-,-,,,,-,,2025/11/09,日,,,-,-,,-,-,¥0,,,-,,,,,,-,-,,-,-,,,,-,,2025/11/09,日,,,-,-,,-,-,¥0,,0,-
2025/11/10,月,"1,686",16,0.95%,"¥1,483",0,-,0.00%,"¥23,730",,0,-,,,,,,,,,,,-,-,,-,-,,,,-,,,,,,-,-,,-,-,,,,-,,2025/11/10,月,,,-,-,,-,-,¥0,,,-,,,,,,-,-,,-,-,,,,-,,2025/11/10,月,"1,686",16,0.95%,"¥1,483",0,-,0.00%,"¥23,730",,0,-
2025/11/11,火,"1,555",34,2.19%,¥707,0,-,0.00%,"¥24,036",,0,-,,,,,,,,,,,-,-,,-,-,,,,-,,,,,,-,-,,-,-,,,,-,,2025/11/11,火,,,-,-,,-,-,¥0,,,-,,,,,,-,-,,-,-,,,,-,,2025/11/11,火,"1,555",34,2.19%,¥707,0,-,0.00%,"¥24,036",,0,-
2025/11/12,水,"1,283",21,1.64%,"¥1,003",2,"¥10,534",9.52%,"¥21,068",,1,"¥21,068",,,,,,,,,,,-,-,,-,-,,,,-,,,,,,-,-,,-,-,,,,-,,2025/11/12,水,,,-,-,,-,-,¥0,,,-,,,,,,-,-,,-,-,,,,-,,2025/11/12,水,"1,283",21,1.64%,"¥1,003",2,"¥10,534",9.52%,"¥21,068",,1,"¥21,068"
2025/11/13,木,"1,318",17,1.29%,"¥1,084",2,"¥9,214",11.76%,"¥18,429",,1,"¥18,429",,,,,,,,,,,-,-,,-,-,,,,-,,,,,,-,-,,-,-,,,,-,,2025/11/13,木,,,-,-,,-,-,¥0,,,-,,,,,,-,-,,-,-,,,,-,,2025/11/13,木,"1,318",17,1.29%,"¥1,084",2,"¥9,214",11.76%,"¥18,429",,1,"¥18,429"
2025/11/14,金,"1,695",26,1.53%,¥800,2,"¥10,405",7.69%,"¥20,810",,1,"¥20,810",,,,,,,,,,,-,-,,-,-,,,,-,,,,,,-,-,,-,-,,,,-,,2025/11/14,金,,,-,-,,-,-,¥0,,,-,,,,,,-,-,,-,-,,,,-,,2025/11/14,金,"1,695",26,1.53%,¥800,2,"¥10,405",7.69%,"¥20,810",,1,"¥20,810"
2025/11/15,土,"1,824",23,1.26%,¥791,1,"¥18,201",4.35%,"¥18,201",,1,"¥18,201",,,,,,,,,,,-,-,,-,-,,,,-,,,,,,-,-,,-,-,,,,-,,2025/11/15,土,,,-,-,,-,-,¥0,,,-,,,,,,-,-,,-,-,,,,-,,2025/11/15,土,"1,824",23,1.26%,¥791,1,"¥18,201",4.35%,"¥18,201",,1,"¥18,201"
2025/11/16,日,"3,426",42,1.23%,¥595,4,"¥6,248",9.52%,"¥24,993",,2,"¥12,496",,,,,,,,,,,-,-,,-,-,,,,-,,,,,,-,-,,-,-,,,,-,,2025/11/16,日,,,-,-,,-,-,¥0,,,-,,,,,,-,-,,-,-,,,,-,,2025/11/16,日,"3,426",42,1.23%,¥595,4,"¥6,248",9.52%,"¥24,993",,2,"¥12,496"
2025/11/17,月,"3,354",37,1.10%,¥649,2,"¥12,011",5.41%,"¥24,021",,1,"¥24,021",,,,,,,,,,,-,-,,-,-,,,,-,,,,,,-,-,,-,-,,,,-,,2025/11/17,月,,,-,-,,-,-,¥0,,,-,,,,,,-,-,,-,-,,,,-,,2025/11/17,月,"3,354",37,1.10%,¥649,2,"¥12,011",5.41%,"¥24,021",,1,"¥24,021"
2025/11/18,火,"3,777",34,0.90%,¥750,0,-,0.00%,"¥25,511",,0,-,,,,,,,,,,,-,-,,-,-,,,,-,,,,,,-,-,,-,-,,,,-,,2025/11/18,火,,,-,-,,-,-,¥0,,,-,,,,,,-,-,,-,-,,,,-,,2025/11/18,火,"3,777",34,0.90%,¥750,0,-,0.00%,"¥25,511",,0,-
2025/11/19,水,"3,058",23,0.75%,"¥1,052",0,-,0.00%,"¥24,195",,0,-,,,,,,,,,,,-,-,,-,-,,,,-,,,,,,-,-,,-,-,,,,-,,2025/11/19,水,,,-,-,,-,-,¥0,,,-,,,,,,-,-,,-,-,,,,-,,2025/11/19,水,"3,058",23,0.75%,"¥1,052",0,-,0.00%,"¥24,195",,0,-
2025/11/20,木,"2,663",35,1.31%,¥544,2,"¥9,526",5.71%,"¥19,053",,1,"¥19,053",,,,,,,,,,,-,-,,-,-,,,,-,,,,,,-,-,,-,-,,,,-,,2025/11/20,木,,,-,-,,-,-,¥0,,,-,,,,,,-,-,,-,-,,,,-,,2025/11/20,木,"2,663",35,1.31%,¥544,2,"¥9,526",5.71%,"¥19,053",,1,"¥19,053"
2025/11/21,金,"2,681",32,1.19%,¥739,0,-,0.00%,"¥23,659",,0,-,,,,,,,,,,,-,-,,-,-,,,,-,,,,,,-,-,,-,-,,,,-,,2025/11/21,金,,,-,-,,-,-,¥0,,,-,,,,,,-,-,,-,-,,,,-,,2025/11/21,金,"2,681",32,1.19%,¥739,0,-,0.00%,"¥23,659",,0,-
2025/11/22,土,"2,129",30,1.41%,¥593,0,-,0.00%,"¥17,785",,0,-,,,,,,,,,,,-,-,,-,-,,,,-,,,,,,-,-,,-,-,,,,-,,2025/11/22,土,,,-,-,,-,-,¥0,,,-,,,,,,-,-,,-,-,,,,-,,2025/11/22,土,"2,129",30,1.41%,¥593,0,-,0.00%,"¥17,785",,0,-
2025/11/23,日,"2,470",43,1.74%,¥575,4,"¥6,185",9.30%,"¥24,741",,2,"¥12,371",,11月結果,,,,,,,,,-,-,,-,-,,,,-,,,,,,-,-,,-,-,,,,-,,2025/11/23,日,,,-,-,,-,-,¥0,,,-,,,,,,-,-,,-,-,,,,-,,2025/11/23,日,"2,470",43,1.74%,¥575,4,"¥6,185",9.30%,"¥24,741",,2,"¥12,371"
2025/11/24,月,"1,905",22,1.15%,"¥1,049",0,-,0.00%,"¥23,088",,0,-,,表示回数,"55,229",,,,,,,,-,-,,-,-,,,,-,,,,,,-,-,,-,-,,,,-,,2025/11/24,月,,,-,-,,-,-,¥0,,,-,,,,,,-,-,,-,-,,,,-,,2025/11/24,月,"1,905",22,1.15%,"¥1,049",0,-,0.00%,"¥23,088",,0,-
2025/11/25,火,"2,502",32,1.28%,¥673,0,-,0.00%,"¥21,550",,0,-,,クリック数,768,,,,,,,,-,-,,-,-,,,,-,,,,,,-,-,,-,-,,,,-,,2025/11/25,火,,,-,-,,-,-,¥0,,,-,,,,,,-,-,,-,-,,,,-,,2025/11/25,火,"2,502",32,1.28%,¥673,0,-,0.00%,"¥21,550",,0,-
2025/11/26,水,"2,622",27,1.03%,¥698,2,"¥9,426",7.41%,"¥18,851",,1,"¥18,851",,クリック率,1.39%,,,,,,,,-,-,,-,-,,,,-,,,,,,-,-,,-,-,,,,-,,2025/11/26,水,,,-,-,,-,-,¥0,,,-,,,,,,-,-,,-,-,,,,-,,2025/11/26,水,"2,622",27,1.03%,¥698,2,"¥9,426",7.41%,"¥18,851",,1,"¥18,851"
2025/11/27,木,"1,843",17,0.92%,¥920,2,"¥7,820",11.76%,"¥15,640",,1,"¥15,640",,クリック単価,¥699,,,,,,,,-,-,,-,-,,,,-,,,,,,-,-,,-,-,,,,-,,2025/11/27,木,,,-,-,,-,-,¥0,,,-,,,,,,-,-,,-,-,,,,-,,2025/11/27,木,"1,843",17,0.92%,¥920,2,"¥7,820",11.76%,"¥15,640",,1,"¥15,640"
2025/11/28,金,"1,235",14,1.13%,"¥1,059",0,-,0.00%,"¥14,830",,0,-,,実獲得数,20,,,,,,,,-,-,,-,-,,,,-,,,,,,-,-,,-,-,,,,-,,2025/11/28,金,,,-,-,,-,-,¥0,,,-,,,,,,-,-,,-,-,,,,-,,2025/11/28,金,"1,235",14,1.13%,"¥1,059",0,-,0.00%,"¥14,830",,0,-
2025/11/29,土,"1,130",12,1.06%,¥985,0,-,0.00%,"¥11,821",,0,-,,CPA,"¥26,843",,,,,,,,-,-,,-,-,,,,-,,,,,,-,-,,-,-,,,,-,,2025/11/29,土,,,-,-,,-,-,¥0,,,-,,,,,,-,-,,-,-,,,,-,,2025/11/29,土,"1,130",12,1.06%,¥985,0,-,0.00%,"¥11,821",,0,-
2025/11/30,日,"1,560",11,0.71%,"¥1,670",0,-,0.00%,"¥18,369",,0,-,,CVR,2.60%,,,,,,,,-,-,,-,-,,,,-,,,,,,-,-,,-,-,,,,-,,2025/11/30,日,,,-,-,,-,-,¥0,,,-,,,,,,-,-,,-,-,,,,-,,2025/11/30,日,"1,560",11,0.71%,"¥1,670",0,-,0.00%,"¥18,369",,0,-
,,0,0,-,-,0,-,-,¥0,,0,-,,消化金額,"¥536,853",,,,,,,,-,-,,-,-,,,,-,,,,,,-,-,,-,-,,,,-,,,,,,-,-,,-,-,¥0,,,-,,,,,,-,-,,-,-,,,,-,,,,,,-,-,,-,-,¥0,,,-
,,,,,,,,,,,,,,,,,,,,,,,,,,,,,,,,,,,,,,,,,,,,,,,,,,,,,,,,,,,,,,,,,,,,,,,,,,,,,,,,,,,,,,,
日付,曜日,表示回数,クリック数,クリック率,クリック単価,CV,CPA,CVR,請求金額,,実獲得数,実CPA,,,,,,,,,,,クリック率,クリック単価,,CPA,CVR,,,実獲得数,実CPA,,,,,,クリック率,クリック単価,,CPA,CVR,,,実獲得数,実CPA,,日付,曜日,表示回数,クリック数,クリック率,クリック単価,CV,CPA,CVR,請求金額,,実獲得数,実CPA,,,,,,クリック率,クリック単価,,CPA,CVR,,,実獲得数,実CPA,,日付,曜日,表示回数,クリック数,クリック率,クリック単価,CV,CPA,CVR,請求金額,,実獲得数,実CPA
2025年12月,,"26,702",381,1.43%,¥859,19,"¥17,215",4.99%,"¥327,093",,10,"¥32,709",,URL,,,,,,,,,-,-,,-,-,,,0,-,,,,,,-,-,,-,-,,,0,-,,2025年12月,,0,0,-,-,0,-,-,¥0,,0,-,,,,,,-,-,,-,-,,,0,-,,2025年12月,,"26,702",381,1.43%,¥859,19,"¥17,215",4.99%,"¥327,093",,10,"¥32,709"
2025/12/01,月,850,15,1.76%,¥840,2,"¥6,301",13.33%,"¥12,601",,1,"¥12,601",,"◾️LP1
https://a1.ritzpro.website

◾️LP2
https://b1.ritzpro.website

◾️LP3
https://c1.ritzpro.website

◾️サンクスページ
https://thxa1.ritzpro.website
",,,,,,,,,-,-,,-,-,,,,-,,,,,,-,-,,-,-,,,,-,,2025/12/01,月,,,-,-,,-,-,¥0,,,-,,,,,,-,-,,-,-,,,,-,,2025/12/01,月,850,15,1.76%,¥840,2,"¥6,301",13.33%,"¥12,601",,1,"¥12,601"
2025/12/02,火,"1,426",18,1.26%,¥766,0,-,0.00%,"¥13,784",,0,-,,,,,,,,,,,-,-,,-,-,,,,-,,,,,,-,-,,-,-,,,,-,,2025/12/02,火,,,-,-,,-,-,¥0,,,-,,,,,,-,-,,-,-,,,,-,,2025/12/02,火,"1,426",18,1.26%,¥766,0,-,0.00%,"¥13,784",,0,-
2025/12/03,水,"1,182",14,1.18%,"¥1,033",0,-,0.00%,"¥14,463",,0,-,,,,,,,,,,,-,-,,-,-,,,,-,,,,,,-,-,,-,-,,,,-,,2025/12/03,水,,,-,-,,-,-,¥0,,,-,,,,,,-,-,,-,-,,,,-,,2025/12/03,水,"1,182",14,1.18%,"¥1,033",0,-,0.00%,"¥14,463",,0,-
2025/12/04,木,"1,268",15,1.18%,¥930,1,"¥13,956",6.67%,"¥13,956",,1,"¥13,956",,,,,,,,,,,-,-,,-,-,,,,-,,,,,,-,-,,-,-,,,,-,,2025/12/04,木,,,-,-,,-,-,¥0,,,-,,,,,,-,-,,-,-,,,,-,,2025/12/04,木,"1,268",15,1.18%,¥930,1,"¥13,956",6.67%,"¥13,956",,1,"¥13,956"
2025/12/05,金,850,14,1.65%,¥962,2,"¥6,736",14.29%,"¥13,471",,1,"¥13,471",,,,,,,,,,,-,-,,-,-,,,,-,,,,,,-,-,,-,-,,,,-,,2025/12/05,金,,,-,-,,-,-,¥0,,,-,,,,,,-,-,,-,-,,,,-,,2025/12/05,金,850,14,1.65%,¥962,2,"¥6,736",14.29%,"¥13,471",,1,"¥13,471"
2025/12/06,土,804,13,1.62%,¥659,2,"¥4,281",15.38%,"¥8,561",,1,"¥8,561",,,,,,,,,,,-,-,,-,-,,,,-,,,,,,-,-,,-,-,,,,-,,2025/12/06,土,,,-,-,,-,-,¥0,,,-,,,,,,-,-,,-,-,,,,-,,2025/12/06,土,804,13,1.62%,¥659,2,"¥4,281",15.38%,"¥8,561",,1,"¥8,561"
2025/12/07,日,"1,297",21,1.62%,¥815,0,-,0.00%,"¥17,105",,0,-,,,,,,,,,,,-,-,,-,-,,,,-,,,,,,-,-,,-,-,,,,-,,2025/12/07,日,,,-,-,,-,-,¥0,,,-,,,,,,-,-,,-,-,,,,-,,2025/12/07,日,"1,297",21,1.62%,¥815,0,-,0.00%,"¥17,105",,0,-
2025/12/08,月,"1,214",21,1.73%,¥706,0,-,0.00%,"¥14,823",,0,-,,,,,,,,,,,-,-,,-,-,,,,-,,,,,,-,-,,-,-,,,,-,,2025/12/08,月,,,-,-,,-,-,¥0,,,-,,,,,,-,-,,-,-,,,,-,,2025/12/08,月,"1,214",21,1.73%,¥706,0,-,0.00%,"¥14,823",,0,-
2025/12/09,火,964,13,1.35%,¥971,1,"¥12,621",7.69%,"¥12,621",,0,-,,,,,,,,,,,-,-,,-,-,,,,-,,,,,,-,-,,-,-,,,,-,,2025/12/09,火,,,-,-,,-,-,¥0,,,-,,,,,,-,-,,-,-,,,,-,,2025/12/09,火,964,13,1.35%,¥971,1,"¥12,621",7.69%,"¥12,621",,0,-
2025/12/10,水,956,13,1.36%,¥802,0,-,0.00%,"¥10,424",,0,-,,,,,,,,,,,-,-,,-,-,,,,-,,,,,,-,-,,-,-,,,,-,,2025/12/10,水,,,-,-,,-,-,¥0,,,-,,,,,,-,-,,-,-,,,,-,,2025/12/10,水,956,13,1.36%,¥802,0,-,0.00%,"¥10,424",,0,-
2025/12/11,木,814,11,1.35%,¥975,2,"¥5,361",18.18%,"¥10,723",,0,-,,,,,,,,,,,-,-,,-,-,,,,-,,,,,,-,-,,-,-,,,,-,,2025/12/11,木,,,-,-,,-,-,¥0,,,-,,,,,,-,-,,-,-,,,,-,,2025/12/11,木,814,11,1.35%,¥975,2,"¥5,361",18.18%,"¥10,723",,0,-
2025/12/12,金,644,12,1.86%,¥835,0,-,0.00%,"¥10,020",,0,-,,,,,,,,,,,-,-,,-,-,,,,-,,,,,,-,-,,-,-,,,,-,,2025/12/12,金,,,-,-,,-,-,¥0,,,-,,,,,,-,-,,-,-,,,,-,,2025/12/12,金,644,12,1.86%,¥835,0,-,0.00%,"¥10,020",,0,-
2025/12/13,土,557,10,1.80%,¥658,1,"¥6,576",10.00%,"¥6,576",,1,"¥6,576",,,,,,,,,,,-,-,,-,-,,,,-,,,,,,-,-,,-,-,,,,-,,2025/12/13,土,,,-,-,,-,-,¥0,,,-,,,,,,-,-,,-,-,,,,-,,2025/12/13,土,557,10,1.80%,¥658,1,"¥6,576",10.00%,"¥6,576",,1,"¥6,576"
2025/12/14,日,873,8,0.92%,"¥1,694",2,"¥6,776",25.00%,"¥13,553",,1,"¥13,553",,,,,,,,,,,-,-,,-,-,,,,-,,,,,,-,-,,-,-,,,,-,,2025/12/14,日,,,-,-,,-,-,¥0,,,-,,,,,,-,-,,-,-,,,,-,,2025/12/14,日,873,8,0.92%,"¥1,694",2,"¥6,776",25.00%,"¥13,553",,1,"¥13,553"
2025/12/15,月,815,23,2.82%,¥515,0,-,0.00%,"¥11,840",,1,"¥11,840",,,,,,,,,,,-,-,,-,-,,,,-,,,,,,-,-,,-,-,,,,-,,2025/12/15,月,,,-,-,,-,-,¥0,,,-,,,,,,-,-,,-,-,,,,-,,2025/12/15,月,815,23,2.82%,¥515,0,-,0.00%,"¥11,840",,1,"¥11,840"
2025/12/16,火,"1,010",6,0.59%,"¥2,019",0,-,0.00%,"¥12,115",,0,-,,,,,,,,,,,-,-,,-,-,,,,-,,,,,,-,-,,-,-,,,,-,,2025/12/16,火,,,-,-,,-,-,¥0,,,-,,,,,,-,-,,-,-,,,,-,,2025/12/16,火,"1,010",6,0.59%,"¥2,019",0,-,0.00%,"¥12,115",,0,-
2025/12/17,水,694,7,1.01%,"¥1,535",0,-,0.00%,"¥10,743",,0,-,,,,,,,,,,,-,-,,-,-,,,,-,,,,,,-,-,,-,-,,,,-,,2025/12/17,水,,,-,-,,-,-,¥0,,,-,,,,,,-,-,,-,-,,,,-,,2025/12/17,水,694,7,1.01%,"¥1,535",0,-,0.00%,"¥10,743",,0,-
2025/12/18,木,968,17,1.76%,¥679,2,"¥5,771",11.76%,"¥11,541",,1,"¥11,541",,,,,,,,,,,-,-,,-,-,,,,-,,,,,,-,-,,-,-,,,,-,,2025/12/18,木,,,-,-,,-,-,¥0,,,-,,,,,,-,-,,-,-,,,,-,,2025/12/18,木,968,17,1.76%,¥679,2,"¥5,771",11.76%,"¥11,541",,1,"¥11,541"
2025/12/19,金,"2,066",18,0.87%,"¥1,006",2,"¥9,053",11.11%,"¥18,106",,1,"¥18,106",,,,,,,,,,,-,-,,-,-,,,,-,,,,,,-,-,,-,-,,,,-,,2025/12/19,金,,,-,-,,-,-,¥0,,,-,,,,,,-,-,,-,-,,,,-,,2025/12/19,金,"2,066",18,0.87%,"¥1,006",2,"¥9,053",11.11%,"¥18,106",,1,"¥18,106"
2025/12/20,土,"1,596",24,1.50%,¥558,0,-,0.00%,"¥13,389",,0,-,,,,,,,,,,,-,-,,-,-,,,,-,,,,,,-,-,,-,-,,,,-,,2025/12/20,土,,,-,-,,-,-,¥0,,,-,,,,,,-,-,,-,-,,,,-,,2025/12/20,土,"1,596",24,1.50%,¥558,0,-,0.00%,"¥13,389",,0,-
2025/12/21,日,"1,851",25,1.35%,¥664,2,"¥8,304",8.00%,"¥16,609",,1,"¥16,609",,,,,,,,,,,-,-,,-,-,,,,-,,,,,,-,-,,-,-,,,,-,,2025/12/21,日,,,-,-,,-,-,¥0,,,-,,,,,,-,-,,-,-,,,,-,,2025/12/21,日,"1,851",25,1.35%,¥664,2,"¥8,304",8.00%,"¥16,609",,1,"¥16,609"
2025/12/22,月,990,13,1.31%,"¥1,036",0,-,0.00%,"¥13,471",,0,-,,,,,,,,,,,-,-,,-,-,,,,-,,,,,,-,-,,-,-,,,,-,,2025/12/22,月,,,-,-,,-,-,¥0,,,-,,,,,,-,-,,-,-,,,,-,,2025/12/22,月,990,13,1.31%,"¥1,036",0,-,0.00%,"¥13,471",,0,-
2025/12/23,火,980,24,2.45%,¥658,0,-,0.00%,"¥15,780",,0,-,,12月結果,,,,,,,,,-,-,,-,-,,,,-,,,,,,-,-,,-,-,,,,-,,2025/12/23,火,,,-,-,,-,-,¥0,,,-,,,,,,-,-,,-,-,,,,-,,2025/12/23,火,980,24,2.45%,¥658,0,-,0.00%,"¥15,780",,0,-
2025/12/24,水,479,4,0.84%,"¥2,000",0,-,0.00%,"¥8,000",,0,-,,表示回数,"26,702",,,,,,,,-,-,,-,-,,,,-,,,,,,-,-,,-,-,,,,-,,2025/12/24,水,,,-,-,,-,-,¥0,,,-,,,,,,-,-,,-,-,,,,-,,2025/12/24,水,479,4,0.84%,"¥2,000",0,-,0.00%,"¥8,000",,0,-
2025/12/25,木,"1,554",22,1.42%,"¥1,037",0,-,0.00%,"¥22,820",,0,-,,クリック数,381,,,,,,,,-,-,,-,-,,,,-,,,,,,-,-,,-,-,,,,-,,2025/12/25,木,,,-,-,,-,-,¥0,,,-,,,,,,-,-,,-,-,,,,-,,2025/12/25,木,"1,554",22,1.42%,"¥1,037",0,-,0.00%,"¥22,820",,0,-
2025/12/26,金,0,0,-,-,0,-,-,¥0,,0,-,,クリック率,1.43%,,,,,,,,-,-,,-,-,,,,-,,,,,,-,-,,-,-,,,,-,,2025/12/26,金,,,-,-,,-,-,¥0,,,-,,,,,,-,-,,-,-,,,,-,,2025/12/26,金,,,-,-,,-,-,¥0,,,-
2025/12/27,土,0,0,-,-,0,-,-,¥0,,0,-,,クリック単価,¥859,,,,,,,,-,-,,-,-,,,,-,,,,,,-,-,,-,-,,,,-,,2025/12/27,土,,,-,-,,-,-,¥0,,,-,,,,,,-,-,,-,-,,,,-,,2025/12/27,土,,,-,-,,-,-,¥0,,,-
2025/12/28,日,0,0,-,-,0,-,-,¥0,,0,-,,実獲得数,10,,,,,,,,-,-,,-,-,,,,-,,,,,,-,-,,-,-,,,,-,,2025/12/28,日,,,-,-,,-,-,¥0,,,-,,,,,,-,-,,-,-,,,,-,,2025/12/28,日,,,-,-,,-,-,¥0,,,-
2025/12/29,月,0,0,-,-,0,-,-,¥0,,0,-,,CPA,"¥32,709",,,,,,,,-,-,,-,-,,,,-,,,,,,-,-,,-,-,,,,-,,2025/12/29,月,,,-,-,,-,-,¥0,,,-,,,,,,-,-,,-,-,,,,-,,2025/12/29,月,,,-,-,,-,-,¥0,,,-
2025/12/30,火,0,0,-,-,0,-,-,¥0,,0,-,,CVR,2.62%,,,,,,,,-,-,,-,-,,,,-,,,,,,-,-,,-,-,,,,-,,2025/12/30,火,,,-,-,,-,-,¥0,,,-,,,,,,-,-,,-,-,,,,-,,2025/12/30,火,,,-,-,,-,-,¥0,,,-
2025/12/31,水,0,0,-,-,0,-,-,¥0,,0,-,,消化金額,"¥327,094",,,,,,,,-,-,,-,-,,,,-,,,,,,-,-,,-,-,,,,-,,2025/12/31,水,,,-,-,,-,-,¥0,,,-,,,,,,-,-,,-,-,,,,-,,2025/12/31,水,,,-,-,,-,-,¥0,,,-
,,,,,,,,,,,,,,,,,,,,,,,,,,,,,,,,,,,,,,,,,,,,,,,,,,,,,,,,,,,,,,,,,,,,,,,,,,,,,,,,,,,,,,,
日付,曜日,表示回数,クリック数,クリック率,クリック単価,CV,CPA,CVR,請求金額,,実獲得数,実CPA,,,,,,,,,,,クリック率,クリック単価,,CPA,CVR,,,実獲得数,実CPA,,,,,,クリック率,クリック単価,,CPA,CVR,,,実獲得数,実CPA,,日付,曜日,表示回数,クリック数,クリック率,クリック単価,CV,CPA,CVR,請求金額,,実獲得数,実CPA,,,,,,クリック率,クリック単価,,CPA,CVR,,,実獲得数,実CPA,,日付,曜日,表示回数,クリック数,クリック率,クリック単価,CV,CPA,CVR,請求金額,,実獲得数,実CPA
2026年1月,,"17,571",324,1.84%,¥713,16,"¥14,444",4.94%,"¥231,111",,15,"¥15,407",,URL,,,,,,,,,-,-,,-,-,,,0,-,,,,,,-,-,,-,-,,,0,-,,2026年1月,,0,0,-,-,0,-,-,¥0,,0,-,,,,,,-,-,,-,-,,,0,-,,2026年1月,,"17,571",324,1.84%,¥713,16,"¥14,444",4.94%,"¥231,111",,15,"¥15,407"
2026/01/01,木,0,0,-,-,0,-,-,¥0,,0,-,,"◾️LP1
https://a1.ritzpro.website

◾️LP2
https://b1.ritzpro.website

◾️LP3
https://c1.ritzpro.website

◾️サンクスページ
https://thxa1.ritzpro.website
",,,,,,,,,-,-,,-,-,,,,-,,,,,,-,-,,-,-,,,,-,,2026/01/01,木,,,-,-,,-,-,¥0,,,-,,,,,,-,-,,-,-,,,,-,,2026/01/01,木,,,-,-,,-,-,¥0,,,-
2026/01/02,金,0,0,-,-,0,-,-,¥0,,0,-,,,,,,,,,,,-,-,,-,-,,,,-,,,,,,-,-,,-,-,,,,-,,2026/01/02,金,,,-,-,,-,-,¥0,,,-,,,,,,-,-,,-,-,,,,-,,2026/01/02,金,,,-,-,,-,-,¥0,,,-
2026/01/03,土,0,0,-,-,0,-,-,¥0,,0,-,,,,,,,,,,,-,-,,-,-,,,,-,,,,,,-,-,,-,-,,,,-,,2026/01/03,土,,,-,-,,-,-,¥0,,,-,,,,,,-,-,,-,-,,,,-,,2026/01/03,土,,,-,-,,-,-,¥0,,,-
2026/01/04,日,0,0,-,-,0,-,-,¥0,,0,-,,,,,,,,,,,-,-,,-,-,,,,-,,,,,,-,-,,-,-,,,,-,,2026/01/04,日,,,-,-,,-,-,¥0,,,-,,,,,,-,-,,-,-,,,,-,,2026/01/04,日,,,-,-,,-,-,¥0,,,-
2026/01/05,月,0,0,-,-,0,-,-,¥0,,0,-,,,,,,,,,,,-,-,,-,-,,,,-,,,,,,-,-,,-,-,,,,-,,2026/01/05,月,,,-,-,,-,-,¥0,,,-,,,,,,-,-,,-,-,,,,-,,2026/01/05,月,,,-,-,,-,-,¥0,,,-
2026/01/06,火,0,0,-,-,0,-,-,¥0,,0,-,,,,,,,,,,,-,-,,-,-,,,,-,,,,,,-,-,,-,-,,,,-,,2026/01/06,火,,,-,-,,-,-,¥0,,,-,,,,,,-,-,,-,-,,,,-,,2026/01/06,火,,,-,-,,-,-,¥0,,,-
2026/01/07,水,0,0,-,-,0,-,-,¥0,,0,-,,,,,,,,,,,-,-,,-,-,,,,-,,,,,,-,-,,-,-,,,,-,,2026/01/07,水,,,-,-,,-,-,¥0,,,-,,,,,,-,-,,-,-,,,,-,,2026/01/07,水,,,-,-,,-,-,¥0,,,-
2026/01/08,木,0,0,-,-,0,-,-,¥0,,0,-,,,,,,,,,,,-,-,,-,-,,,,-,,,,,,-,-,,-,-,,,,-,,2026/01/08,木,,,-,-,,-,-,¥0,,,-,,,,,,-,-,,-,-,,,,-,,2026/01/08,木,,,-,-,,-,-,¥0,,,-
2026/01/09,金,0,0,-,-,0,-,-,¥0,,0,-,,,,,,,,,,,-,-,,-,-,,,,-,,,,,,-,-,,-,-,,,,-,,2026/01/09,金,,,-,-,,-,-,¥0,,,-,,,,,,-,-,,-,-,,,,-,,2026/01/09,金,,,-,-,,-,-,¥0,,,-
2026/01/10,土,0,0,-,-,0,-,-,¥0,,0,-,,,,,,,,,,,-,-,,-,-,,,,-,,,,,,-,-,,-,-,,,,-,,2026/01/10,土,,,-,-,,-,-,¥0,,,-,,,,,,-,-,,-,-,,,,-,,2026/01/10,土,,,-,-,,-,-,¥0,,,-
2026/01/11,日,0,0,-,-,0,-,-,¥0,,0,-,,,,,,,,,,,-,-,,-,-,,,,-,,,,,,-,-,,-,-,,,,-,,2026/01/11,日,,,-,-,,-,-,¥0,,,-,,,,,,-,-,,-,-,,,,-,,2026/01/11,日,,,-,-,,-,-,¥0,,,-
2026/01/12,月,0,0,-,-,0,-,-,¥0,,0,-,,,,,,,,,,,-,-,,-,-,,,,-,,,,,,-,-,,-,-,,,,-,,2026/01/12,月,,,-,-,,-,-,¥0,,,-,,,,,,-,-,,-,-,,,,-,,2026/01/12,月,,,-,-,,-,-,¥0,,,-
2026/01/13,火,0,0,-,-,0,-,-,¥0,,0,-,,,,,,,,,,,-,-,,-,-,,,,-,,,,,,-,-,,-,-,,,,-,,2026/01/13,火,,,-,-,,-,-,¥0,,,-,,,,,,-,-,,-,-,,,,-,,2026/01/13,火,,,-,-,,-,-,¥0,,,-
2026/01/14,水,0,0,-,-,0,-,-,¥0,,0,-,,,,,,,,,,,-,-,,-,-,,,,-,,,,,,-,-,,-,-,,,,-,,2026/01/14,水,,,-,-,,-,-,¥0,,,-,,,,,,-,-,,-,-,,,,-,,2026/01/14,水,,,-,-,,-,-,¥0,,,-
2026/01/15,木,0,0,-,-,0,-,-,¥0,,0,-,,,,,,,,,,,-,-,,-,-,,,,-,,,,,,-,-,,-,-,,,,-,,2026/01/15,木,,,-,-,,-,-,¥0,,,-,,,,,,-,-,,-,-,,,,-,,2026/01/15,木,,,-,-,,-,-,¥0,,,-
2026/01/16,金,0,0,-,-,0,-,-,¥0,,0,-,,,,,,,,,,,-,-,,-,-,,,,-,,,,,,-,-,,-,-,,,,-,,2026/01/16,金,,,-,-,,-,-,¥0,,,-,,,,,,-,-,,-,-,,,,-,,2026/01/16,金,,,-,-,,-,-,¥0,,,-
2026/01/17,土,0,0,-,-,0,-,-,¥0,,0,-,,,,,,,,,,,-,-,,-,-,,,,-,,,,,,-,-,,-,-,,,,-,,2026/01/17,土,,,-,-,,-,-,¥0,,,-,,,,,,-,-,,-,-,,,,-,,2026/01/17,土,,,-,-,,-,-,¥0,,,-
2026/01/18,日,0,0,-,-,0,-,-,¥0,,0,-,,,,,,,,,,,-,-,,-,-,,,,-,,,,,,-,-,,-,-,,,,-,,2026/01/18,日,,,-,-,,-,-,¥0,,,-,,,,,,-,-,,-,-,,,,-,,2026/01/18,日,,,-,-,,-,-,¥0,,,-
2026/01/19,月,614,28,4.56%,¥249,0,-,0.00%,"¥6,968",,0,-,,,,,,,,,,,-,-,,-,-,,,,-,,,,,,-,-,,-,-,,,,-,,2026/01/19,月,,,-,-,,-,-,¥0,,,-,,,,,,-,-,,-,-,,,,-,,2026/01/19,月,614,28,4.56%,¥249,0,-,0.00%,"¥6,968",,0,-
2026/01/20,火,"2,741",71,2.59%,¥175,2,"¥6,224",2.82%,"¥12,449",,2,"¥6,224",,,,,,,,,,,-,-,,-,-,,,,-,,,,,,-,-,,-,-,,,,-,,2026/01/20,火,,,-,-,,-,-,¥0,,,-,,,,,,-,-,,-,-,,,,-,,2026/01/20,火,"2,741",71,2.59%,¥175,2,"¥6,224",2.82%,"¥12,449",,2,"¥6,224"
2026/01/21,水,"1,101",33,3.00%,¥516,2,"¥8,518",6.06%,"¥17,035",,3,"¥5,678",,,,,,,,,,,-,-,,-,-,,,,-,,,,,,-,-,,-,-,,,,-,,2026/01/21,水,,,-,-,,-,-,¥0,,,-,,,,,,-,-,,-,-,,,,-,,2026/01/21,水,"1,101",33,3.00%,¥516,2,"¥8,518",6.06%,"¥17,035",,3,"¥5,678"
2026/01/22,木,"1,055",20,1.90%,¥893,3,"¥5,952",15.00%,"¥17,855",,2,"¥8,928",,,,,,,,,,,-,-,,-,-,,,,-,,,,,,-,-,,-,-,,,,-,,2026/01/22,木,,,-,-,,-,-,¥0,,,-,,,,,,-,-,,-,-,,,,-,,2026/01/22,木,"1,055",20,1.90%,¥893,3,"¥5,952",15.00%,"¥17,855",,2,"¥8,928"
2026/01/23,金,"1,263",21,1.66%,¥946,2,"¥9,933",9.52%,"¥19,866",,2,"¥9,933",,1月結果,,,,,,,,,-,-,,-,-,,,,-,,,,,,-,-,,-,-,,,,-,,2026/01/23,金,,,-,-,,-,-,¥0,,,-,,,,,,-,-,,-,-,,,,-,,2026/01/23,金,"1,263",21,1.66%,¥946,2,"¥9,933",9.52%,"¥19,866",,2,"¥9,933"
2026/01/24,土,"1,172",19,1.62%,¥957,0,-,0.00%,"¥18,175",,0,-,,表示回数,"17,571",,,,,,,,-,-,,-,-,,,,-,,,,,,-,-,,-,-,,,,-,,2026/01/24,土,,,-,-,,-,-,¥0,,,-,,,,,,-,-,,-,-,,,,-,,2026/01/24,土,"1,172",19,1.62%,¥957,0,-,0.00%,"¥18,175",,0,-
2026/01/25,日,"1,733",35,2.02%,¥675,2,"¥11,821",5.71%,"¥23,641",,1,"¥23,641",,クリック数,324,,,,,,,,-,-,,-,-,,,,-,,,,,,-,-,,-,-,,,,-,,2026/01/25,日,,,-,-,,-,-,¥0,,,-,,,,,,-,-,,-,-,,,,-,,2026/01/25,日,"1,733",35,2.02%,¥675,2,"¥11,821",5.71%,"¥23,641",,1,"¥23,641"
2026/01/26,月,"1,623",27,1.66%,¥870,1,"¥23,493",3.70%,"¥23,493",,1,"¥23,493",,クリック率,1.84%,,,,,,,,-,-,,-,-,,,,-,,,,,,-,-,,-,-,,,,-,,2026/01/26,月,,,-,-,,-,-,¥0,,,-,,,,,,-,-,,-,-,,,,-,,2026/01/26,月,"1,623",27,1.66%,¥870,1,"¥23,493",3.70%,"¥23,493",,1,"¥23,493"
2026/01/27,火,"1,554",22,1.42%,"¥1,037",0,-,0.00%,"¥22,820",,0,-,,クリック単価,¥713,,,,,,,,-,-,,-,-,,,,-,,,,,,-,-,,-,-,,,,-,,2026/01/27,火,,,-,-,,-,-,¥0,,,-,,,,,,-,-,,-,-,,,,-,,2026/01/27,火,"1,554",22,1.42%,"¥1,037",0,-,0.00%,"¥22,820",,0,-
2026/01/28,水,"1,369",16,1.17%,"¥1,147",2,"¥9,177",12.50%,"¥18,354",,2,"¥9,177",,実獲得数,15,,,,,,,,-,-,,-,-,,,,-,,,,,,-,-,,-,-,,,,-,,2026/01/28,水,,,-,-,,-,-,¥0,,,-,,,,,,-,-,,-,-,,,,-,,2026/01/28,水,"1,369",16,1.17%,"¥1,147",2,"¥9,177",12.50%,"¥18,354",,2,"¥9,177"
2026/01/29,木,"1,193",14,1.17%,"¥1,355",2,"¥9,484",14.29%,"¥18,968",,2,"¥9,484",,CPA,"¥15,407",,,,,,,,-,-,,-,-,,,,-,,,,,,-,-,,-,-,,,,-,,2026/01/29,木,,,-,-,,-,-,¥0,,,-,,,,,,-,-,,-,-,,,,-,,2026/01/29,木,"1,193",14,1.17%,"¥1,355",2,"¥9,484",14.29%,"¥18,968",,2,"¥9,484"
2026/01/30,金,"1,108",7,0.63%,"¥2,177",0,-,0.00%,"¥15,239",,0,-,,CVR,4.63%,,,,,,,,-,-,,-,-,,,,-,,,,,,-,-,,-,-,,,,-,,2026/01/30,金,,,-,-,,-,-,¥0,,,-,,,,,,-,-,,-,-,,,,-,,2026/01/30,金,"1,108",7,0.63%,"¥2,177",0,-,0.00%,"¥15,239",,0,-
2026/01/31,土,"1,045",11,1.05%,"¥1,477",0,-,0.00%,"¥16,250",,0,-,,消化金額,"¥231,111",,,,,,,,-,-,,-,-,,,,-,,,,,,-,-,,-,-,,,,-,,2026/01/31,土,,,-,-,,-,-,¥0,,,-,,,,,,-,-,,-,-,,,,-,,2026/01/31,土,"1,045",11,1.05%,"¥1,477",0,-,0.00%,"¥16,250",,0,-
,,,,,,,,,,,,,,,,,,,,,,,,,,,,,,,,,,,,,,,,,,,,,,,,,,,,,,,,,,,,,,,,,,,,,,,,,,,,,,,,,,,,,,,
日付,曜日,表示回数,クリック数,クリック率,クリック単価,CV,CPA,CVR,請求金額,,実獲得数,実CPA,,,,,,,,,,,クリック率,クリック単価,,CPA,CVR,,,実獲得数,実CPA,,,,,,クリック率,クリック単価,,CPA,CVR,,,実獲得数,実CPA,,日付,曜日,表示回数,クリック数,クリック率,クリック単価,CV,CPA,CVR,請求金額,,実獲得数,実CPA,,,,,,クリック率,クリック単価,,CPA,CVR,,,実獲得数,実CPA,,日付,曜日,表示回数,クリック数,クリック率,クリック単価,CV,CPA,CVR,請求金額,,実獲得数,実CPA
2026年2月,,"66,486",541,0.81%,¥681,10,"¥36,835",1.85%,"¥368,348",,10,"¥36,835",,URL,,,,,,,,,-,-,,-,-,,,0,-,,,,,,-,-,,-,-,,,0,-,,2026年2月,,0,0,-,-,0,-,-,¥0,,0,-,,,,,,-,-,,-,-,,,0,-,,2026年2月,,"66,486",541,0.81%,¥681,10,"¥36,835",1.85%,"¥368,348",,10,"¥36,835"
2026/02/01,日,"1,412",21,1.49%,¥939,0,-,0.00%,"¥19,729",,0,-,,"◾️LP1
https://a1.ritzpro.website

◾️LP2
https://b1.ritzpro.website

◾️LP3
https://c1.ritzpro.website

◾️サンクスページ
https://thxa1.ritzpro.website
",,,,,,,,,-,-,,-,-,,,,-,,,,,,-,-,,-,-,,,,-,,2026/02/01,日,,,-,-,,-,-,¥0,,,-,,,,,,-,-,,-,-,,,,-,,2026/02/01,日,"1,412",21,1.49%,¥939,0,-,0.00%,"¥19,729",,0,-
2026/02/02,月,"1,448",30,2.07%,¥594,1,"¥17,821",3.33%,"¥17,821",,1,"¥17,821",,,,,,,,,,,-,-,,-,-,,,,-,,,,,,-,-,,-,-,,,,-,,2026/02/02,月,,,-,-,,-,-,¥0,,,-,,,,,,-,-,,-,-,,,,-,,2026/02/02,月,"1,448",30,2.07%,¥594,1,"¥17,821",3.33%,"¥17,821",,1,"¥17,821"
2026/02/03,火,952,19,2.00%,¥793,1,"¥15,063",5.26%,"¥15,063",,1,"¥15,063",,,,,,,,,,,-,-,,-,-,,,,-,,,,,,-,-,,-,-,,,,-,,2026/02/03,火,,,-,-,,-,-,¥0,,,-,,,,,,-,-,,-,-,,,,-,,2026/02/03,火,952,19,2.00%,¥793,1,"¥15,063",5.26%,"¥15,063",,1,"¥15,063"
2026/02/04,水,"1,204",12,1.00%,"¥1,396",1,"¥16,750",8.33%,"¥16,750",,1,"¥16,750",,,,,,,,,,,-,-,,-,-,,,,-,,,,,,-,-,,-,-,,,,-,,2026/02/04,水,,,-,-,,-,-,¥0,,,-,,,,,,-,-,,-,-,,,,-,,2026/02/04,水,"1,204",12,1.00%,"¥1,396",1,"¥16,750",8.33%,"¥16,750",,1,"¥16,750"
2026/02/05,木,"1,132",16,1.41%,¥992,0,-,0.00%,"¥15,878",,0,-,,,,,,,,,,,-,-,,-,-,,,,-,,,,,,-,-,,-,-,,,,-,,2026/02/05,木,,,-,-,,-,-,¥0,,,-,,,,,,-,-,,-,-,,,,-,,2026/02/05,木,"1,132",16,1.41%,¥992,0,-,0.00%,"¥15,878",,0,-
2026/02/06,金,853,21,2.46%,¥580,0,-,0.00%,"¥12,171",,0,-,,,,,,,,,,,-,-,,-,-,,,,-,,,,,,-,-,,-,-,,,,-,,2026/02/06,金,,,-,-,,-,-,¥0,,,-,,,,,,-,-,,-,-,,,,-,,2026/02/06,金,853,21,2.46%,¥580,0,-,0.00%,"¥12,171",,0,-
2026/02/07,土,"1,103",11,1.00%,"¥1,055",0,-,0.00%,"¥11,605",,0,-,,,,,,,,,,,-,-,,-,-,,,,-,,,,,,-,-,,-,-,,,,-,,2026/02/07,土,,,-,-,,-,-,¥0,,,-,,,,,,-,-,,-,-,,,,-,,2026/02/07,土,"1,103",11,1.00%,"¥1,055",0,-,0.00%,"¥11,605",,0,-
2026/02/08,日,"1,144",19,1.66%,¥849,0,-,0.00%,"¥16,139",,0,-,,,,,,,,,,,-,-,,-,-,,,,-,,,,,,-,-,,-,-,,,,-,,2026/02/08,日,,,-,-,,-,-,¥0,,,-,,,,,,-,-,,-,-,,,,-,,2026/02/08,日,"1,144",19,1.66%,¥849,0,-,0.00%,"¥16,139",,0,-
2026/02/09,月,851,11,1.29%,¥838,0,-,0.00%,"¥9,220",,0,-,,,,,,,,,,,-,-,,-,-,,,,-,,,,,,-,-,,-,-,,,,-,,2026/02/09,月,,,-,-,,-,-,¥0,,,-,,,,,,-,-,,-,-,,,,-,,2026/02/09,月,851,11,1.29%,¥838,0,-,0.00%,"¥9,220",,0,-
2026/02/10,火,592,10,1.69%,¥728,1,"¥7,279",10.00%,"¥7,279",,1,"¥7,279",,,,,,,,,,,-,-,,-,-,,,,-,,,,,,-,-,,-,-,,,,-,,2026/02/10,火,,,-,-,,-,-,¥0,,,-,,,,,,-,-,,-,-,,,,-,,2026/02/10,火,592,10,1.69%,¥728,1,"¥7,279",10.00%,"¥7,279",,1,"¥7,279"
2026/02/11,水,766,17,2.22%,¥348,0,-,0.00%,"¥5,914",,0,-,,,,,,,,,,,-,-,,-,-,,,,-,,,,,,-,-,,-,-,,,,-,,2026/02/11,水,,,-,-,,-,-,¥0,,,-,,,,,,-,-,,-,-,,,,-,,2026/02/11,水,766,17,2.22%,¥348,0,-,0.00%,"¥5,914",,0,-
2026/02/12,木,"1,092",11,1.01%,¥893,0,-,0.00%,"¥9,828",,0,-,,,,,,,,,,,-,-,,-,-,,,,-,,,,,,-,-,,-,-,,,,-,,2026/02/12,木,,,-,-,,-,-,¥0,,,-,,,,,,-,-,,-,-,,,,-,,2026/02/12,木,"1,092",11,1.01%,¥893,0,-,0.00%,"¥9,828",,0,-
2026/02/13,金,883,11,1.25%,¥924,0,-,0.00%,"¥10,160",,0,-,,,,,,,,,,,-,-,,-,-,,,,-,,,,,,-,-,,-,-,,,,-,,2026/02/13,金,,,-,-,,-,-,¥0,,,-,,,,,,-,-,,-,-,,,,-,,2026/02/13,金,883,11,1.25%,¥924,0,-,0.00%,"¥10,160",,0,-
2026/02/14,土,"2,466",13,0.53%,¥677,1,"¥8,795",7.69%,"¥8,795",,1,"¥8,795",,"¥15,644",,,,,,,,,-,-,,-,-,,,,-,,,,,,-,-,,-,-,,,,-,,2026/02/14,土,,,-,-,,-,-,¥0,,,-,,,,,,-,-,,-,-,,,,-,,2026/02/14,土,"2,466",13,0.53%,¥677,1,"¥8,795",7.69%,"¥8,795",,1,"¥8,795"
2026/02/15,日,"16,518",72,0.44%,¥195,0,-,0.00%,"¥14,071",,0,-,,,,,,,,,,,-,-,,-,-,,,,-,,,,,,-,-,,-,-,,,,-,,2026/02/15,日,,,-,-,,-,-,¥0,,,-,,,,,,-,-,,-,-,,,,-,,2026/02/15,日,"16,518",72,0.44%,¥195,0,-,0.00%,"¥14,071",,0,-
2026/02/16,月,"12,140",54,0.44%,¥163,0,-,0.00%,"¥8,805",,0,-,,,,,,,,,,,-,-,,-,-,,,,-,,,,,,-,-,,-,-,,,,-,,2026/02/16,月,,,-,-,,-,-,¥0,,,-,,,,,,-,-,,-,-,,,,-,,2026/02/16,月,"12,140",54,0.44%,¥163,0,-,0.00%,"¥8,805",,0,-
2026/02/17,火,"1,155",6,0.52%,"¥1,377",0,-,0.00%,"¥8,263",,0,-,,,,,,,,,,,-,-,,-,-,,,,-,,,,,,-,-,,-,-,,,,-,,2026/02/17,火,,,-,-,,-,-,¥0,,,-,,,,,,-,-,,-,-,,,,-,,2026/02/17,火,"1,155",6,0.52%,"¥1,377",0,-,0.00%,"¥8,263",,0,-
2026/02/18,水,954,16,1.68%,¥577,0,-,0.00%,"¥9,231",,0,-,,,,,,,,,,,-,-,,-,-,,,,-,,,,,,-,-,,-,-,,,,-,,2026/02/18,水,,,-,-,,-,-,¥0,,,-,,,,,,-,-,,-,-,,,,-,,2026/02/18,水,954,16,1.68%,¥577,0,-,0.00%,"¥9,231",,0,-
2026/02/19,木,"1,431",16,1.12%,¥983,2,"¥7,866",12.50%,"¥15,731",,2,"¥7,866",,,,,,,,,,,-,-,,-,-,,,,-,,,,,,-,-,,-,-,,,,-,,2026/02/19,木,,,-,-,,-,-,¥0,,,-,,,,,,-,-,,-,-,,,,-,,2026/02/19,木,"1,431",16,1.12%,¥983,2,"¥7,866",12.50%,"¥15,731",,2,"¥7,866"
2026/02/20,金,"1,341",14,1.04%,"¥1,034",0,-,0.00%,"¥14,470",,0,-,,,,,,,,,,,-,-,,-,-,,,,-,,,,,,-,-,,-,-,,,,-,,2026/02/20,金,,,-,-,,-,-,¥0,,,-,,,,,,-,-,,-,-,,,,-,,2026/02/20,金,"1,341",14,1.04%,"¥1,034",0,-,0.00%,"¥14,470",,0,-
2026/02/21,土,"1,012",10,0.99%,"¥1,350",0,-,0.00%,"¥13,500",,0,-,,,,,,,,,,,-,-,,-,-,,,,-,,,,,,-,-,,-,-,,,,-,,2026/02/21,土,,,-,-,,-,-,¥0,,,-,,,,,,-,-,,-,-,,,,-,,2026/02/21,土,"1,012",10,0.99%,"¥1,350",0,-,0.00%,"¥13,500",,0,-
2026/02/22,日,"1,320",18,1.36%,¥921,1,"¥16,580",5.56%,"¥16,580",,1,"¥16,580",,,,,,,,,,,-,-,,-,-,,,,-,,,,,,-,-,,-,-,,,,-,,2026/02/22,日,,,-,-,,-,-,¥0,,,-,,,,,,-,-,,-,-,,,,-,,2026/02/22,日,"1,320",18,1.36%,¥921,1,"¥16,580",5.56%,"¥16,580",,1,"¥16,580"
2026/02/23,月,"1,217",14,1.15%,"¥1,157",0,-,0.00%,"¥16,204",,0,-,,2月結果,,,,,,,,,-,-,,-,-,,,,-,,,,,,-,-,,-,-,,,,-,,2026/02/23,月,,,-,-,,-,-,¥0,,,-,,,,,,-,-,,-,-,,,,-,,2026/02/23,月,"1,217",14,1.15%,"¥1,157",0,-,0.00%,"¥16,204",,0,-
2026/02/24,火,"1,537",18,1.17%,¥974,0,-,0.00%,"¥17,539",,0,-,,表示回数,"66,486",,,,,,,,-,-,,-,-,,,,-,,,,,,-,-,,-,-,,,,-,,2026/02/24,火,,,-,-,,-,-,¥0,,,-,,,,,,-,-,,-,-,,,,-,,2026/02/24,火,"1,537",18,1.17%,¥974,0,-,0.00%,"¥17,539",,0,-
2026/02/25,水,"1,385",8,0.58%,"¥1,890",0,-,0.00%,"¥15,116",,0,-,,クリック数,541,,,,,,,,-,-,,-,-,,,,-,,,,,,-,-,,-,-,,,,-,,2026/02/25,水,,,-,-,,-,-,¥0,,,-,,,,,,-,-,,-,-,,,,-,,2026/02/25,水,"1,385",8,0.58%,"¥1,890",0,-,0.00%,"¥15,116",,0,-
2026/02/26,木,"1,066",10,0.94%,"¥1,250",1,"¥12,499",10.00%,"¥12,499",,1,"¥12,499",,クリック率,0.81%,,,,,,,,-,-,,-,-,,,,-,,,,,,-,-,,-,-,,,,-,,2026/02/26,木,,,-,-,,-,-,¥0,,,-,,,,,,-,-,,-,-,,,,-,,2026/02/26,木,"1,066",10,0.94%,"¥1,250",1,"¥12,499",10.00%,"¥12,499",,1,"¥12,499"
2026/02/27,金,"4,766",33,0.69%,¥583,1,"¥19,255",3.03%,"¥19,255",,1,"¥19,255",,クリック単価,¥681,,,,,,,,-,-,,-,-,,,,-,,,,,,-,-,,-,-,,,,-,,2026/02/27,金,,,-,-,,-,-,¥0,,,-,,,,,,-,-,,-,-,,,,-,,2026/02/27,金,"4,766",33,0.69%,¥583,1,"¥19,255",3.03%,"¥19,255",,1,"¥19,255"
2026/02/28,土,"4,746",30,0.63%,¥358,0,-,0.00%,"¥10,735",,0,-,,実獲得数,10,,,,,,,,-,-,,-,-,,,,-,,,,,,-,-,,-,-,,,,-,,2026/02/28,土,,,-,-,,-,-,¥0,,,-,,,,,,-,-,,-,-,,,,-,,2026/02/28,土,"4,746",30,0.63%,¥358,0,-,0.00%,"¥10,735",,0,-
,,0,0,-,-,0,-,-,¥0,,0,-,,CPA,"¥36,835",,,,,,,,-,-,,-,-,,,,-,,,,,,-,-,,-,-,,,,-,,,,,,-,-,,-,-,¥0,,,-,,,,,,-,-,,-,-,,,,-,,,,,,-,-,,-,-,¥0,,,-
,,0,0,-,-,0,-,-,¥0,,0,-,,CVR,1.85%,,,,,,,,-,-,,-,-,,,,-,,,,,,-,-,,-,-,,,,-,,,,,,-,-,,-,-,¥0,,,-,,,,,,-,-,,-,-,,,,-,,,,,,-,-,,-,-,¥0,,,-
,,0,0,-,-,0,-,-,¥0,,0,-,,消化金額,"¥368,349",,,,,,,,-,-,,-,-,,,,-,,,,,,-,-,,-,-,,,,-,,,,,,-,-,,-,-,¥0,,,-,,,,,,-,-,,-,-,,,,-,,,,,,-,-,,-,-,¥0,,,-
,,,,,,,,,,,,,,,,,,,,,,,,,,,,,,,,,,,,,,,,,,,,,,,,,,,,,,,,,,,,,,,,,,,,,,,,,,,,,,,,,,,,,,,
日付,曜日,表示回数,クリック数,クリック率,クリック単価,CV,CPA,CVR,請求金額,,実獲得数,実CPA,,,,,,,,,,,クリック率,クリック単価,,CPA,CVR,,,実獲得数,実CPA,,,,,,クリック率,クリック単価,,CPA,CVR,,,実獲得数,実CPA,,日付,曜日,表示回数,クリック数,クリック率,クリック単価,CV,CPA,CVR,請求金額,,実獲得数,実CPA,,,,,,クリック率,クリック単価,,CPA,CVR,,,実獲得数,実CPA,,日付,曜日,表示回数,クリック数,クリック率,クリック単価,CV,CPA,CVR,請求金額,,実獲得数,実CPA
2026年3月,,"12,569",125,0.99%,"¥1,296",1,"¥162,033",0.80%,"¥162,033",,1,"¥162,033",,URL,,,,,,,,,-,-,,-,-,,,0,-,,,,,,-,-,,-,-,,,0,-,,2026年3月,,680,6,0.88%,"¥1,192",0,-,0.00%,"¥7,152",,0,-,,,,,,-,-,,-,-,,,0,-,,2026年3月,,"11,889",119,1.00%,"¥1,302",1,"¥154,881",0.84%,"¥154,881",,1,"¥154,881"
2026/03/01,日,"1,338",9,0.67%,"¥1,697",0,-,0.00%,"¥15,269",,0,-,,"◾️LP1
https://a1.ritzpro.website

◾️LP2
https://b1.ritzpro.website

◾️LP3
https://c1.ritzpro.website

◾️サンクスページ
https://thxa1.ritzpro.website
",,,,,,,,,-,-,,-,-,,,,-,,,,,,-,-,,-,-,,,,-,,2026/03/01,日,,,-,-,,-,-,¥0,,,-,,,,,,-,-,,-,-,,,,-,,2026/03/01,日,"1,338",9,0.67%,"¥1,697",0,-,0.00%,"¥15,269",,0,-
2026/03/02,月,"1,350",13,0.96%,"¥1,439",0,-,0.00%,"¥18,706",,0,-,,,,,,,,,,,-,-,,-,-,,,,-,,,,,,-,-,,-,-,,,,-,,2026/03/02,月,,,-,-,,-,-,¥0,,,-,,,,,,-,-,,-,-,,,,-,,2026/03/02,月,"1,350",13,0.96%,"¥1,439",0,-,0.00%,"¥18,706",,0,-
2026/03/03,火,764,3,0.39%,"¥3,567",0,-,0.00%,"¥10,700",,0,-,,,,,,,,,,,-,-,,-,-,,,,-,,,,,,-,-,,-,-,,,,-,,2026/03/03,火,,,-,-,,-,-,¥0,,,-,,,,,,-,-,,-,-,,,,-,,2026/03/03,火,764,3,0.39%,"¥3,567",0,-,0.00%,"¥10,700",,0,-
2026/03/04,水,619,10,1.62%,¥785,0,-,0.00%,"¥7,849",,0,-,,,,,,,,,,,-,-,,-,-,,,,-,,,,,,-,-,,-,-,,,,-,,2026/03/04,水,,,-,-,,-,-,¥0,,,-,,,,,,-,-,,-,-,,,,-,,2026/03/04,水,619,10,1.62%,¥785,0,-,0.00%,"¥7,849",,0,-
2026/03/05,木,775,7,0.90%,"¥1,074",0,-,0.00%,"¥7,516",,0,-,,,,,,,,,,,-,-,,-,-,,,,-,,,,,,-,-,,-,-,,,,-,,2026/03/05,木,,,-,-,,-,-,¥0,,,-,,,,,,-,-,,-,-,,,,-,,2026/03/05,木,775,7,0.90%,"¥1,074",0,-,0.00%,"¥7,516",,0,-
2026/03/06,金,709,11,1.55%,¥789,1,"¥8,684",9.09%,"¥8,684",,1,"¥8,684",,,,,,,,,,,-,-,,-,-,,,,-,,,,,,-,-,,-,-,,,,-,,2026/03/06,金,,,-,-,,-,-,¥0,,,-,,,,,,-,-,,-,-,,,,-,,2026/03/06,金,709,11,1.55%,¥789,1,"¥8,684",9.09%,"¥8,684",,1,"¥8,684"
2026/03/07,土,793,11,1.39%,¥747,0,-,0.00%,"¥8,220",,0,-,,,,,,,,,,,-,-,,-,-,,,,-,,,,,,-,-,,-,-,,,,-,,2026/03/07,土,,,-,-,,-,-,¥0,,,-,,,,,,-,-,,-,-,,,,-,,2026/03/07,土,793,11,1.39%,¥747,0,-,0.00%,"¥8,220",,0,-
2026/03/08,日,"1,057",12,1.14%,¥923,0,-,0.00%,"¥11,075",,0,-,,,,,,,,,,,-,-,,-,-,,,,-,,,,,,-,-,,-,-,,,,-,,2026/03/08,日,,,-,-,,-,-,¥0,,,-,,,,,,-,-,,-,-,,,,-,,2026/03/08,日,"1,057",12,1.14%,¥923,0,-,0.00%,"¥11,075",,0,-
2026/03/09,月,"1,016",7,0.69%,"¥1,576",0,-,0.00%,"¥11,031",,0,-,,,,,,,,,,,-,-,,-,-,,,,-,,,,,,-,-,,-,-,,,,-,,2026/03/09,月,,,-,-,,-,-,¥0,,,-,,,,,,-,-,,-,-,,,,-,,2026/03/09,月,"1,016",7,0.69%,"¥1,576",0,-,0.00%,"¥11,031",,0,-
2026/03/10,火,842,4,0.48%,"¥2,543",0,-,0.00%,"¥10,173",,0,-,,,,,,,,,,,-,-,,-,-,,,,-,,,,,,-,-,,-,-,,,,-,,2026/03/10,火,,,-,-,,-,-,¥0,,,-,,,,,,-,-,,-,-,,,,-,,2026/03/10,火,842,4,0.48%,"¥2,543",0,-,0.00%,"¥10,173",,0,-
2026/03/11,水,335,1,0.30%,"¥5,651",0,-,0.00%,"¥5,651",,0,-,,,,,,,,,,,-,-,,-,-,,,,-,,,,,,-,-,,-,-,,,,-,,2026/03/11,水,,,-,-,,-,-,¥0,,,-,,,,,,-,-,,-,-,,,,-,,2026/03/11,水,335,1,0.30%,"¥5,651",0,-,0.00%,"¥5,651",,0,-
2026/03/12,木,361,9,2.49%,¥645,0,-,0.00%,"¥5,809",,0,-,,,,,,,,,,,-,-,,-,-,,,,-,,,,,,-,-,,-,-,,,,-,,2026/03/12,木,,,-,-,,-,-,¥0,,,-,,,,,,-,-,,-,-,,,,-,,2026/03/12,木,361,9,2.49%,¥645,0,-,0.00%,"¥5,809",,0,-
2026/03/13,金,508,1,0.20%,"¥7,359",0,-,0.00%,"¥7,359",,0,-,,,,,,,,,,,-,-,,-,-,,,,-,,,,,,-,-,,-,-,,,,-,,2026/03/13,金,,,-,-,,-,-,¥0,,,-,,,,,,-,-,,-,-,,,,-,,2026/03/13,金,508,1,0.20%,"¥7,359",0,-,0.00%,"¥7,359",,0,-
2026/03/14,土,455,13,2.86%,¥594,0,-,0.00%,"¥7,728",,0,-,,,,,,,,,,,-,-,,-,-,,,,-,,,,,,-,-,,-,-,,,,-,,2026/03/14,土,,,-,-,,-,-,¥0,,,-,,,,,,-,-,,-,-,,,,-,,2026/03/14,土,455,13,2.86%,¥594,0,-,0.00%,"¥7,728",,0,-
2026/03/15,日,678,7,1.03%,"¥1,775",0,-,0.00%,"¥12,428",,0,-,,,,,,,,,,,-,-,,-,-,,,,-,,,,,,-,-,,-,-,,,,-,,2026/03/15,日,,,-,-,,-,-,¥0,,,-,,,,,,-,-,,-,-,,,,-,,2026/03/15,日,678,7,1.03%,"¥1,775",0,-,0.00%,"¥12,428",,0,-
2026/03/16,月,484,2,0.41%,"¥4,276",0,-,0.00%,"¥8,551",,0,-,,,,,,,,,,,-,-,,-,-,,,,-,,,,,,-,-,,-,-,,,,-,,2026/03/16,月,195,1,0.51%,"¥1,866",0,-,0.00%,"¥1,866",,0,-,,,,,,-,-,,-,-,,,,-,,2026/03/16,月,289,1,0.35%,"¥6,685",0,-,0.00%,"¥6,685",,0,-
2026/03/17,火,485,5,1.03%,"¥1,057",0,-,0.00%,"¥5,286",,0,-,,,,,,,,,,,-,-,,-,-,,,,-,,,,,,-,-,,-,-,,,,-,,2026/03/17,火,485,5,1.03%,"¥1,057",0,-,0.00%,"¥5,286",,0,-,,,,,,-,-,,-,-,,,,-,,2026/03/17,火,,,-,-,,-,-,¥0,,,-
2026/03/18,水,0,0,-,-,0,-,-,¥0,,0,-,,,,,,,,,,,-,-,,-,-,,,,-,,,,,,-,-,,-,-,,,,-,,2026/03/18,水,,,-,-,,-,-,¥0,,,-,,,,,,-,-,,-,-,,,,-,,2026/03/18,水,,,-,-,,-,-,¥0,,,-
2026/03/19,木,0,0,-,-,0,-,-,¥0,,0,-,,,,,,,,,,,-,-,,-,-,,,,-,,,,,,-,-,,-,-,,,,-,,2026/03/19,木,,,-,-,,-,-,¥0,,,-,,,,,,-,-,,-,-,,,,-,,2026/03/19,木,,,-,-,,-,-,¥0,,,-
2026/03/20,金,0,0,-,-,0,-,-,¥0,,0,-,,,,,,,,,,,-,-,,-,-,,,,-,,,,,,-,-,,-,-,,,,-,,2026/03/20,金,,,-,-,,-,-,¥0,,,-,,,,,,-,-,,-,-,,,,-,,2026/03/20,金,,,-,-,,-,-,¥0,,,-
2026/03/21,土,0,0,-,-,0,-,-,¥0,,0,-,,,,,,,,,,,-,-,,-,-,,,,-,,,,,,-,-,,-,-,,,,-,,2026/03/21,土,,,-,-,,-,-,¥0,,,-,,,,,,-,-,,-,-,,,,-,,2026/03/21,土,,,-,-,,-,-,¥0,,,-
2026/03/22,日,0,0,-,-,0,-,-,¥0,,0,-,,,,,,,,,,,-,-,,-,-,,,,-,,,,,,-,-,,-,-,,,,-,,2026/03/22,日,,,-,-,,-,-,¥0,,,-,,,,,,-,-,,-,-,,,,-,,2026/03/22,日,,,-,-,,-,-,¥0,,,-
2026/03/23,月,0,0,-,-,0,-,-,¥0,,0,-,,3月結果,,,,,,,,,-,-,,-,-,,,,-,,,,,,-,-,,-,-,,,,-,,2026/03/23,月,,,-,-,,-,-,¥0,,,-,,,,,,-,-,,-,-,,,,-,,2026/03/23,月,,,-,-,,-,-,¥0,,,-
2026/03/24,火,0,0,-,-,0,-,-,¥0,,0,-,,表示回数,"12,569",,,,,,,,-,-,,-,-,,,,-,,,,,,-,-,,-,-,,,,-,,2026/03/24,火,,,-,-,,-,-,¥0,,,-,,,,,,-,-,,-,-,,,,-,,2026/03/24,火,,,-,-,,-,-,¥0,,,-
2026/03/25,水,0,0,-,-,0,-,-,¥0,,0,-,,クリック数,125,,,,,,,,-,-,,-,-,,,,-,,,,,,-,-,,-,-,,,,-,,2026/03/25,水,,,-,-,,-,-,¥0,,,-,,,,,,-,-,,-,-,,,,-,,2026/03/25,水,,,-,-,,-,-,¥0,,,-
2026/03/26,木,0,0,-,-,0,-,-,¥0,,0,-,,クリック率,0.99%,,,,,,,,-,-,,-,-,,,,-,,,,,,-,-,,-,-,,,,-,,2026/03/26,木,,,-,-,,-,-,¥0,,,-,,,,,,-,-,,-,-,,,,-,,2026/03/26,木,,,-,-,,-,-,¥0,,,-
2026/03/27,金,0,0,-,-,0,-,-,¥0,,0,-,,クリック単価,"¥1,296",,,,,,,,-,-,,-,-,,,,-,,,,,,-,-,,-,-,,,,-,,2026/03/27,金,,,-,-,,-,-,¥0,,,-,,,,,,-,-,,-,-,,,,-,,2026/03/27,金,,,-,-,,-,-,¥0,,,-
2026/03/28,土,0,0,-,-,0,-,-,¥0,,0,-,,実獲得数,1,,,,,,,,-,-,,-,-,,,,-,,,,,,-,-,,-,-,,,,-,,2026/03/28,土,,,-,-,,-,-,¥0,,,-,,,,,,-,-,,-,-,,,,-,,2026/03/28,土,,,-,-,,-,-,¥0,,,-
2026/03/29,日,0,0,-,-,0,-,-,¥0,,0,-,,CPA,"¥162,034",,,,,,,,-,-,,-,-,,,,-,,,,,,-,-,,-,-,,,,-,,2026/03/29,日,,,-,-,,-,-,¥0,,,-,,,,,,-,-,,-,-,,,,-,,2026/03/29,日,,,-,-,,-,-,¥0,,,-
2026/03/30,月,0,0,-,-,0,-,-,¥0,,0,-,,CVR,0.80%,,,,,,,,-,-,,-,-,,,,-,,,,,,-,-,,-,-,,,,-,,2026/03/30,月,,,-,-,,-,-,¥0,,,-,,,,,,-,-,,-,-,,,,-,,2026/03/30,月,,,-,-,,-,-,¥0,,,-
2026/03/31,火,0,0,-,-,0,-,-,¥0,,0,-,,消化金額,"¥162,034",,,,,,,,-,-,,-,-,,,,-,,,,,,-,-,,-,-,,,,-,,2026/03/31,火,,,-,-,,-,-,¥0,,,-,,,,,,-,-,,-,-,,,,-,,2026/03/31,火,,,-,-,,-,-,¥0,,,-
,,,,,,,,,,,,,,,,,,,,,,,,,,,,,,,,,,,,,,,,,,,,,,,,,,,,,,,,,,,,,,,,,,,,,,,,,,,,,,,,,,,,,,,
日付,曜日,表示回数,クリック数,クリック率,クリック単価,CV,CPA,CVR,請求金額,,実獲得数,実CPA,,,,,,,,,,,クリック率,クリック単価,,CPA,CVR,,,実獲得数,実CPA,,,,,,クリック率,クリック単価,,CPA,CVR,,,実獲得数,実CPA,,日付,曜日,表示回数,クリック数,クリック率,クリック単価,CV,CPA,CVR,請求金額,,実獲得数,実CPA,,,,,,クリック率,クリック単価,,CPA,CVR,,,実獲得数,実CPA,,日付,曜日,表示回数,クリック数,クリック率,クリック単価,CV,CPA,CVR,請求金額,,実獲得数,実CPA
2026年4月,,0,0,-,-,0,-,-,¥0,,0,-,,URL,,,,,,,,,-,-,,-,-,,,0,-,,,,,,-,-,,-,-,,,0,-,,2026年4月,,0,0,-,-,0,-,-,¥0,,0,-,,,,,,-,-,,-,-,,,0,-,,2026年4月,,0,0,-,-,0,-,-,¥0,,0,-
2026/04/01,水,0,0,-,-,0,-,-,¥0,,0,-,,"◾️LP1
https://a1.ritzpro.website

◾️LP2
https://b1.ritzpro.website

◾️LP3
https://c1.ritzpro.website

◾️サンクスページ
https://thxa1.ritzpro.website
",,,,,,,,,-,-,,-,-,,,,-,,,,,,-,-,,-,-,,,,-,,2026/04/01,水,,,-,-,,-,-,¥0,,,-,,,,,,-,-,,-,-,,,,-,,2026/04/01,水,,,-,-,,-,-,¥0,,,-
2026/04/02,木,0,0,-,-,0,-,-,¥0,,0,-,,,,,,,,,,,-,-,,-,-,,,,-,,,,,,-,-,,-,-,,,,-,,2026/04/02,木,,,-,-,,-,-,¥0,,,-,,,,,,-,-,,-,-,,,,-,,2026/04/02,木,,,-,-,,-,-,¥0,,,-
2026/04/03,金,0,0,-,-,0,-,-,¥0,,0,-,,,,,,,,,,,-,-,,-,-,,,,-,,,,,,-,-,,-,-,,,,-,,2026/04/03,金,,,-,-,,-,-,¥0,,,-,,,,,,-,-,,-,-,,,,-,,2026/04/03,金,,,-,-,,-,-,¥0,,,-
2026/04/04,土,0,0,-,-,0,-,-,¥0,,0,-,,,,,,,,,,,-,-,,-,-,,,,-,,,,,,-,-,,-,-,,,,-,,2026/04/04,土,,,-,-,,-,-,¥0,,,-,,,,,,-,-,,-,-,,,,-,,2026/04/04,土,,,-,-,,-,-,¥0,,,-
2026/04/05,日,0,0,-,-,0,-,-,¥0,,0,-,,,,,,,,,,,-,-,,-,-,,,,-,,,,,,-,-,,-,-,,,,-,,2026/04/05,日,,,-,-,,-,-,¥0,,,-,,,,,,-,-,,-,-,,,,-,,2026/04/05,日,,,-,-,,-,-,¥0,,,-
2026/04/06,月,0,0,-,-,0,-,-,¥0,,0,-,,,,,,,,,,,-,-,,-,-,,,,-,,,,,,-,-,,-,-,,,,-,,2026/04/06,月,,,-,-,,-,-,¥0,,,-,,,,,,-,-,,-,-,,,,-,,2026/04/06,月,,,-,-,,-,-,¥0,,,-
2026/04/07,火,0,0,-,-,0,-,-,¥0,,0,-,,,,,,,,,,,-,-,,-,-,,,,-,,,,,,-,-,,-,-,,,,-,,2026/04/07,火,,,-,-,,-,-,¥0,,,-,,,,,,-,-,,-,-,,,,-,,2026/04/07,火,,,-,-,,-,-,¥0,,,-
2026/04/08,水,0,0,-,-,0,-,-,¥0,,0,-,,,,,,,,,,,-,-,,-,-,,,,-,,,,,,-,-,,-,-,,,,-,,2026/04/08,水,,,-,-,,-,-,¥0,,,-,,,,,,-,-,,-,-,,,,-,,2026/04/08,水,,,-,-,,-,-,¥0,,,-
2026/04/09,木,0,0,-,-,0,-,-,¥0,,0,-,,,,,,,,,,,-,-,,-,-,,,,-,,,,,,-,-,,-,-,,,,-,,2026/04/09,木,,,-,-,,-,-,¥0,,,-,,,,,,-,-,,-,-,,,,-,,2026/04/09,木,,,-,-,,-,-,¥0,,,-
2026/04/10,金,0,0,-,-,0,-,-,¥0,,0,-,,,,,,,,,,,-,-,,-,-,,,,-,,,,,,-,-,,-,-,,,,-,,2026/04/10,金,,,-,-,,-,-,¥0,,,-,,,,,,-,-,,-,-,,,,-,,2026/04/10,金,,,-,-,,-,-,¥0,,,-
2026/04/11,土,0,0,-,-,0,-,-,¥0,,0,-,,,,,,,,,,,-,-,,-,-,,,,-,,,,,,-,-,,-,-,,,,-,,2026/04/11,土,,,-,-,,-,-,¥0,,,-,,,,,,-,-,,-,-,,,,-,,2026/04/11,土,,,-,-,,-,-,¥0,,,-
2026/04/12,日,0,0,-,-,0,-,-,¥0,,0,-,,,,,,,,,,,-,-,,-,-,,,,-,,,,,,-,-,,-,-,,,,-,,2026/04/12,日,,,-,-,,-,-,¥0,,,-,,,,,,-,-,,-,-,,,,-,,2026/04/12,日,,,-,-,,-,-,¥0,,,-
2026/04/13,月,0,0,-,-,0,-,-,¥0,,0,-,,,,,,,,,,,-,-,,-,-,,,,-,,,,,,-,-,,-,-,,,,-,,2026/04/13,月,,,-,-,,-,-,¥0,,,-,,,,,,-,-,,-,-,,,,-,,2026/04/13,月,,,-,-,,-,-,¥0,,,-
2026/04/14,火,0,0,-,-,0,-,-,¥0,,0,-,,,,,,,,,,,-,-,,-,-,,,,-,,,,,,-,-,,-,-,,,,-,,2026/04/14,火,,,-,-,,-,-,¥0,,,-,,,,,,-,-,,-,-,,,,-,,2026/04/14,火,,,-,-,,-,-,¥0,,,-
2026/04/15,水,0,0,-,-,0,-,-,¥0,,0,-,,,,,,,,,,,-,-,,-,-,,,,-,,,,,,-,-,,-,-,,,,-,,2026/04/15,水,,,-,-,,-,-,¥0,,,-,,,,,,-,-,,-,-,,,,-,,2026/04/15,水,,,-,-,,-,-,¥0,,,-
2026/04/16,木,0,0,-,-,0,-,-,¥0,,0,-,,,,,,,,,,,-,-,,-,-,,,,-,,,,,,-,-,,-,-,,,,-,,2026/04/16,木,,,-,-,,-,-,¥0,,,-,,,,,,-,-,,-,-,,,,-,,2026/04/16,木,,,-,-,,-,-,¥0,,,-
2026/04/17,金,0,0,-,-,0,-,-,¥0,,0,-,,,,,,,,,,,-,-,,-,-,,,,-,,,,,,-,-,,-,-,,,,-,,2026/04/17,金,,,-,-,,-,-,¥0,,,-,,,,,,-,-,,-,-,,,,-,,2026/04/17,金,,,-,-,,-,-,¥0,,,-
2026/04/18,土,0,0,-,-,0,-,-,¥0,,0,-,,,,,,,,,,,-,-,,-,-,,,,-,,,,,,-,-,,-,-,,,,-,,2026/04/18,土,,,-,-,,-,-,¥0,,,-,,,,,,-,-,,-,-,,,,-,,2026/04/18,土,,,-,-,,-,-,¥0,,,-
2026/04/19,日,0,0,-,-,0,-,-,¥0,,0,-,,,,,,,,,,,-,-,,-,-,,,,-,,,,,,-,-,,-,-,,,,-,,2026/04/19,日,,,-,-,,-,-,¥0,,,-,,,,,,-,-,,-,-,,,,-,,2026/04/19,日,,,-,-,,-,-,¥0,,,-
2026/04/20,月,0,0,-,-,0,-,-,¥0,,0,-,,,,,,,,,,,-,-,,-,-,,,,-,,,,,,-,-,,-,-,,,,-,,2026/04/20,月,,,-,-,,-,-,¥0,,,-,,,,,,-,-,,-,-,,,,-,,2026/04/20,月,,,-,-,,-,-,¥0,,,-
2026/04/21,火,0,0,-,-,0,-,-,¥0,,0,-,,,,,,,,,,,-,-,,-,-,,,,-,,,,,,-,-,,-,-,,,,-,,2026/04/21,火,,,-,-,,-,-,¥0,,,-,,,,,,-,-,,-,-,,,,-,,2026/04/21,火,,,-,-,,-,-,¥0,,,-
2026/04/22,水,0,0,-,-,0,-,-,¥0,,0,-,,,,,,,,,,,-,-,,-,-,,,,-,,,,,,-,-,,-,-,,,,-,,2026/04/22,水,,,-,-,,-,-,¥0,,,-,,,,,,-,-,,-,-,,,,-,,2026/04/22,水,,,-,-,,-,-,¥0,,,-
2026/04/23,木,0,0,-,-,0,-,-,¥0,,0,-,,4月結果,,,,,,,,,-,-,,-,-,,,,-,,,,,,-,-,,-,-,,,,-,,2026/04/23,木,,,-,-,,-,-,¥0,,,-,,,,,,-,-,,-,-,,,,-,,2026/04/23,木,,,-,-,,-,-,¥0,,,-
2026/04/24,金,0,0,-,-,0,-,-,¥0,,0,-,,表示回数,0,,,,,,,,-,-,,-,-,,,,-,,,,,,-,-,,-,-,,,,-,,2026/04/24,金,,,-,-,,-,-,¥0,,,-,,,,,,-,-,,-,-,,,,-,,2026/04/24,金,,,-,-,,-,-,¥0,,,-
2026/04/25,土,0,0,-,-,0,-,-,¥0,,0,-,,クリック数,0,,,,,,,,-,-,,-,-,,,,-,,,,,,-,-,,-,-,,,,-,,2026/04/25,土,,,-,-,,-,-,¥0,,,-,,,,,,-,-,,-,-,,,,-,,2026/04/25,土,,,-,-,,-,-,¥0,,,-
2026/04/26,日,0,0,-,-,0,-,-,¥0,,0,-,,クリック率,-,,,,,,,,-,-,,-,-,,,,-,,,,,,-,-,,-,-,,,,-,,2026/04/26,日,,,-,-,,-,-,¥0,,,-,,,,,,-,-,,-,-,,,,-,,2026/04/26,日,,,-,-,,-,-,¥0,,,-
2026/04/27,月,0,0,-,-,0,-,-,¥0,,0,-,,クリック単価,-,,,,,,,,-,-,,-,-,,,,-,,,,,,-,-,,-,-,,,,-,,2026/04/27,月,,,-,-,,-,-,¥0,,,-,,,,,,-,-,,-,-,,,,-,,2026/04/27,月,,,-,-,,-,-,¥0,,,-
2026/04/28,火,0,0,-,-,0,-,-,¥0,,0,-,,実獲得数,0,,,,,,,,-,-,,-,-,,,,-,,,,,,-,-,,-,-,,,,-,,2026/04/28,火,,,-,-,,-,-,¥0,,,-,,,,,,-,-,,-,-,,,,-,,2026/04/28,火,,,-,-,,-,-,¥0,,,-
2026/04/29,水,0,0,-,-,0,-,-,¥0,,0,-,,CPA,-,,,,,,,,-,-,,-,-,,,,-,,,,,,-,-,,-,-,,,,-,,2026/04/29,水,,,-,-,,-,-,¥0,,,-,,,,,,-,-,,-,-,,,,-,,2026/04/29,水,,,-,-,,-,-,¥0,,,-
2026/04/30,木,0,0,-,-,0,-,-,¥0,,0,-,,CVR,-,,,,,,,,-,-,,-,-,,,,-,,,,,,-,-,,-,-,,,,-,,2026/04/30,木,,,-,-,,-,-,¥0,,,-,,,,,,-,-,,-,-,,,,-,,2026/04/30,木,,,-,-,,-,-,¥0,,,-
,,0,0,-,-,0,-,-,¥0,,0,-,,消化金額,¥0,,,,,,,,-,-,,-,-,,,,-,,,,,,-,-,,-,-,,,,-,,,,,,-,-,,-,-,¥0,,,-,,,,,,-,-,,-,-,,,,-,,,,,,-,-,,-,-,¥0,,,-
,,,,,,,,,,,,,,,,,,,,,,,,,,,,,,,,,,,,,,,,,,,,,,,,,,,,,,,,,,,,,,,,,,,,,,,,,,,,,,,,,,,,,,,
日付,曜日,表示回数,クリック数,クリック率,クリック単価,CV,CPA,CVR,請求金額,,実獲得数,実CPA,,,,,,,,,,,クリック率,クリック単価,,CPA,CVR,,,実獲得数,実CPA,,,,,,クリック率,クリック単価,,CPA,CVR,,,実獲得数,実CPA,,日付,曜日,表示回数,クリック数,クリック率,クリック単価,CV,CPA,CVR,請求金額,,実獲得数,実CPA,,,,,,クリック率,クリック単価,,CPA,CVR,,,実獲得数,実CPA,,日付,曜日,表示回数,クリック数,クリック率,クリック単価,CV,CPA,CVR,請求金額,,実獲得数,実CPA
2026年5月,,0,0,-,-,0,-,-,¥0,,0,-,,URL,,,,,,,,,-,-,,-,-,,,0,-,,,,,,-,-,,-,-,,,0,-,,2026年5月,,0,0,-,-,0,-,-,¥0,,0,-,,,,,,-,-,,-,-,,,0,-,,2026年5月,,0,0,-,-,0,-,-,¥0,,0,-
2026/05/01,金,0,0,-,-,0,-,-,¥0,,0,-,,"◾️LP1
https://a1.ritzpro.website

◾️LP2
https://b1.ritzpro.website

◾️LP3
https://c1.ritzpro.website

◾️サンクスページ
https://thxa1.ritzpro.website
",,,,,,,,,-,-,,-,-,,,,-,,,,,,-,-,,-,-,,,,-,,2026/05/01,金,,,-,-,,-,-,¥0,,,-,,,,,,-,-,,-,-,,,,-,,2026/05/01,金,,,-,-,,-,-,¥0,,,-
2026/05/02,土,0,0,-,-,0,-,-,¥0,,0,-,,,,,,,,,,,-,-,,-,-,,,,-,,,,,,-,-,,-,-,,,,-,,2026/05/02,土,,,-,-,,-,-,¥0,,,-,,,,,,-,-,,-,-,,,,-,,2026/05/02,土,,,-,-,,-,-,¥0,,,-
2026/05/03,日,0,0,-,-,0,-,-,¥0,,0,-,,,,,,,,,,,-,-,,-,-,,,,-,,,,,,-,-,,-,-,,,,-,,2026/05/03,日,,,-,-,,-,-,¥0,,,-,,,,,,-,-,,-,-,,,,-,,2026/05/03,日,,,-,-,,-,-,¥0,,,-
2026/05/04,月,0,0,-,-,0,-,-,¥0,,0,-,,,,,,,,,,,-,-,,-,-,,,,-,,,,,,-,-,,-,-,,,,-,,2026/05/04,月,,,-,-,,-,-,¥0,,,-,,,,,,-,-,,-,-,,,,-,,2026/05/04,月,,,-,-,,-,-,¥0,,,-
2026/05/05,火,0,0,-,-,0,-,-,¥0,,0,-,,,,,,,,,,,-,-,,-,-,,,,-,,,,,,-,-,,-,-,,,,-,,2026/05/05,火,,,-,-,,-,-,¥0,,,-,,,,,,-,-,,-,-,,,,-,,2026/05/05,火,,,-,-,,-,-,¥0,,,-
2026/05/06,水,0,0,-,-,0,-,-,¥0,,0,-,,,,,,,,,,,-,-,,-,-,,,,-,,,,,,-,-,,-,-,,,,-,,2026/05/06,水,,,-,-,,-,-,¥0,,,-,,,,,,-,-,,-,-,,,,-,,2026/05/06,水,,,-,-,,-,-,¥0,,,-
2026/05/07,木,0,0,-,-,0,-,-,¥0,,0,-,,,,,,,,,,,-,-,,-,-,,,,-,,,,,,-,-,,-,-,,,,-,,2026/05/07,木,,,-,-,,-,-,¥0,,,-,,,,,,-,-,,-,-,,,,-,,2026/05/07,木,,,-,-,,-,-,¥0,,,-
2026/05/08,金,0,0,-,-,0,-,-,¥0,,0,-,,,,,,,,,,,-,-,,-,-,,,,-,,,,,,-,-,,-,-,,,,-,,2026/05/08,金,,,-,-,,-,-,¥0,,,-,,,,,,-,-,,-,-,,,,-,,2026/05/08,金,,,-,-,,-,-,¥0,,,-
2026/05/09,土,0,0,-,-,0,-,-,¥0,,0,-,,,,,,,,,,,-,-,,-,-,,,,-,,,,,,-,-,,-,-,,,,-,,2026/05/09,土,,,-,-,,-,-,¥0,,,-,,,,,,-,-,,-,-,,,,-,,2026/05/09,土,,,-,-,,-,-,¥0,,,-
2026/05/10,日,0,0,-,-,0,-,-,¥0,,0,-,,,,,,,,,,,-,-,,-,-,,,,-,,,,,,-,-,,-,-,,,,-,,2026/05/10,日,,,-,-,,-,-,¥0,,,-,,,,,,-,-,,-,-,,,,-,,2026/05/10,日,,,-,-,,-,-,¥0,,,-
2026/05/11,月,0,0,-,-,0,-,-,¥0,,0,-,,,,,,,,,,,-,-,,-,-,,,,-,,,,,,-,-,,-,-,,,,-,,2026/05/11,月,,,-,-,,-,-,¥0,,,-,,,,,,-,-,,-,-,,,,-,,2026/05/11,月,,,-,-,,-,-,¥0,,,-
2026/05/12,火,0,0,-,-,0,-,-,¥0,,0,-,,,,,,,,,,,-,-,,-,-,,,,-,,,,,,-,-,,-,-,,,,-,,2026/05/12,火,,,-,-,,-,-,¥0,,,-,,,,,,-,-,,-,-,,,,-,,2026/05/12,火,,,-,-,,-,-,¥0,,,-
2026/05/13,水,0,0,-,-,0,-,-,¥0,,0,-,,,,,,,,,,,-,-,,-,-,,,,-,,,,,,-,-,,-,-,,,,-,,2026/05/13,水,,,-,-,,-,-,¥0,,,-,,,,,,-,-,,-,-,,,,-,,2026/05/13,水,,,-,-,,-,-,¥0,,,-
2026/05/14,木,0,0,-,-,0,-,-,¥0,,0,-,,,,,,,,,,,-,-,,-,-,,,,-,,,,,,-,-,,-,-,,,,-,,2026/05/14,木,,,-,-,,-,-,¥0,,,-,,,,,,-,-,,-,-,,,,-,,2026/05/14,木,,,-,-,,-,-,¥0,,,-
2026/05/15,金,0,0,-,-,0,-,-,¥0,,0,-,,,,,,,,,,,-,-,,-,-,,,,-,,,,,,-,-,,-,-,,,,-,,2026/05/15,金,,,-,-,,-,-,¥0,,,-,,,,,,-,-,,-,-,,,,-,,2026/05/15,金,,,-,-,,-,-,¥0,,,-
2026/05/16,土,0,0,-,-,0,-,-,¥0,,0,-,,,,,,,,,,,-,-,,-,-,,,,-,,,,,,-,-,,-,-,,,,-,,2026/05/16,土,,,-,-,,-,-,¥0,,,-,,,,,,-,-,,-,-,,,,-,,2026/05/16,土,,,-,-,,-,-,¥0,,,-
2026/05/17,日,0,0,-,-,0,-,-,¥0,,0,-,,,,,,,,,,,-,-,,-,-,,,,-,,,,,,-,-,,-,-,,,,-,,2026/05/17,日,,,-,-,,-,-,¥0,,,-,,,,,,-,-,,-,-,,,,-,,2026/05/17,日,,,-,-,,-,-,¥0,,,-
2026/05/18,月,0,0,-,-,0,-,-,¥0,,0,-,,,,,,,,,,,-,-,,-,-,,,,-,,,,,,-,-,,-,-,,,,-,,2026/05/18,月,,,-,-,,-,-,¥0,,,-,,,,,,-,-,,-,-,,,,-,,2026/05/18,月,,,-,-,,-,-,¥0,,,-
2026/05/19,火,0,0,-,-,0,-,-,¥0,,0,-,,,,,,,,,,,-,-,,-,-,,,,-,,,,,,-,-,,-,-,,,,-,,2026/05/19,火,,,-,-,,-,-,¥0,,,-,,,,,,-,-,,-,-,,,,-,,2026/05/19,火,,,-,-,,-,-,¥0,,,-
2026/05/20,水,0,0,-,-,0,-,-,¥0,,0,-,,,,,,,,,,,-,-,,-,-,,,,-,,,,,,-,-,,-,-,,,,-,,2026/05/20,水,,,-,-,,-,-,¥0,,,-,,,,,,-,-,,-,-,,,,-,,2026/05/20,水,,,-,-,,-,-,¥0,,,-
2026/05/21,木,0,0,-,-,0,-,-,¥0,,0,-,,,,,,,,,,,-,-,,-,-,,,,-,,,,,,-,-,,-,-,,,,-,,2026/05/21,木,,,-,-,,-,-,¥0,,,-,,,,,,-,-,,-,-,,,,-,,2026/05/21,木,,,-,-,,-,-,¥0,,,-
2026/05/22,金,0,0,-,-,0,-,-,¥0,,0,-,,,,,,,,,,,-,-,,-,-,,,,-,,,,,,-,-,,-,-,,,,-,,2026/05/22,金,,,-,-,,-,-,¥0,,,-,,,,,,-,-,,-,-,,,,-,,2026/05/22,金,,,-,-,,-,-,¥0,,,-
2026/05/23,土,0,0,-,-,0,-,-,¥0,,0,-,,5月結果,,,,,,,,,-,-,,-,-,,,,-,,,,,,-,-,,-,-,,,,-,,2026/05/23,土,,,-,-,,-,-,¥0,,,-,,,,,,-,-,,-,-,,,,-,,2026/05/23,土,,,-,-,,-,-,¥0,,,-
2026/05/24,日,0,0,-,-,0,-,-,¥0,,0,-,,表示回数,0,,,,,,,,-,-,,-,-,,,,-,,,,,,-,-,,-,-,,,,-,,2026/05/24,日,,,-,-,,-,-,¥0,,,-,,,,,,-,-,,-,-,,,,-,,2026/05/24,日,,,-,-,,-,-,¥0,,,-
2026/05/25,月,0,0,-,-,0,-,-,¥0,,0,-,,クリック数,0,,,,,,,,-,-,,-,-,,,,-,,,,,,-,-,,-,-,,,,-,,2026/05/25,月,,,-,-,,-,-,¥0,,,-,,,,,,-,-,,-,-,,,,-,,2026/05/25,月,,,-,-,,-,-,¥0,,,-
2026/05/26,火,0,0,-,-,0,-,-,¥0,,0,-,,クリック率,-,,,,,,,,-,-,,-,-,,,,-,,,,,,-,-,,-,-,,,,-,,2026/05/26,火,,,-,-,,-,-,¥0,,,-,,,,,,-,-,,-,-,,,,-,,2026/05/26,火,,,-,-,,-,-,¥0,,,-
2026/05/27,水,0,0,-,-,0,-,-,¥0,,0,-,,クリック単価,-,,,,,,,,-,-,,-,-,,,,-,,,,,,-,-,,-,-,,,,-,,2026/05/27,水,,,-,-,,-,-,¥0,,,-,,,,,,-,-,,-,-,,,,-,,2026/05/27,水,,,-,-,,-,-,¥0,,,-
2026/05/28,木,0,0,-,-,0,-,-,¥0,,0,-,,実獲得数,0,,,,,,,,-,-,,-,-,,,,-,,,,,,-,-,,-,-,,,,-,,2026/05/28,木,,,-,-,,-,-,¥0,,,-,,,,,,-,-,,-,-,,,,-,,2026/05/28,木,,,-,-,,-,-,¥0,,,-
2026/05/29,金,0,0,-,-,0,-,-,¥0,,0,-,,CPA,-,,,,,,,,-,-,,-,-,,,,-,,,,,,-,-,,-,-,,,,-,,2026/05/29,金,,,-,-,,-,-,¥0,,,-,,,,,,-,-,,-,-,,,,-,,2026/05/29,金,,,-,-,,-,-,¥0,,,-
2026/05/30,土,0,0,-,-,0,-,-,¥0,,0,-,,CVR,-,,,,,,,,-,-,,-,-,,,,-,,,,,,-,-,,-,-,,,,-,,2026/05/30,土,,,-,-,,-,-,¥0,,,-,,,,,,-,-,,-,-,,,,-,,2026/05/30,土,,,-,-,,-,-,¥0,,,-
2026/05/31,日,0,0,-,-,0,-,-,¥0,,0,-,,消化金額,¥0,,,,,,,,-,-,,-,-,,,,-,,,,,,-,-,,-,-,,,,-,,2026/05/31,日,,,-,-,,-,-,¥0,,,-,,,,,,-,-,,-,-,,,,-,,2026/05/31,日,,,-,-,,-,-,¥0,,,-