
Traceback (most recent call last):
  File "/Users/hiroshi/cursor/plaud_exports/plaud_export.py", line 322, in <module>
    main()
  File "/Users/hiroshi/cursor/plaud_exports/plaud_export.py", line 255, in main
    files = list_files(args.token, args.limit)
  File "/Users/hiroshi/cursor/plaud_exports/plaud_export.py", line 173, in list_files
    response = requests.get(url, headers=headers, params=params)
  File "/Users/hiroshi/Library/Python/3.9/lib/python/site-packages/requests/api.py", line 73, in get
    return request("get", url, params=params, **kwargs)
  File "/Users/hiroshi/Library/Python/3.9/lib/python/site-packages/requests/api.py", line 59, in request
    return session.request(method=method, url=url, **kwargs)
  File "/Users/hiroshi/Library/Python/3.9/lib/python/site-packages/requests/sessions.py", line 589, in request
    resp = self.send(prep, **send_kwargs)
  File "/Users/hiroshi/Library/Python/3.9/lib/python/site-packages/requests/sessions.py", line 703, in send
    r = adapter.send(request, **kwargs)
  File "/Users/hiroshi/Library/Python/3.9/lib/python/site-packages/requests/adapters.py", line 677, in send
    raise ConnectionError(e, request=request)
requests.exceptions.ConnectionError: HTTPSConnectionPool(host='api-apne1.plaud.ai', port=443): Max retries exceeded with url: /file/simple/web?skip=0&limit=50&is_trash=2&sort_by=start_time&is_desc=true (Caused by NameResolutionError("HTTPSConnection(host='api-apne1.plaud.ai', port=443): Failed to resolve 'api-apne1.plaud.ai' ([Errno 8] nodename nor servname provided, or not known)"))
[2026-03-30 06:30:53] ERROR: Auto export failed with exit code 1
[2026-03-30 07:39:47] Starting auto export...
/Users/hiroshi/Library/Python/3.9/lib/python/site-packages/urllib3/__init__.py:35: NotOpenSSLWarning: urllib3 v2 only supports OpenSSL 1.1.1+, currently the 'ssl' module is compiled with 'LibreSSL 2.8.3'. See: https://github.com/urllib3/urllib3/issues/3020
  warnings.warn(
Running in AUTO mode...
Traceback (most recent call last):
  File "/Users/hiroshi/Library/Python/3.9/lib/python/site-packages/urllib3/connection.py", line 204, in _new_conn
    sock = connection.create_connection(
  File "/Users/hiroshi/Library/Python/3.9/lib/python/site-packages/urllib3/util/connection.py", line 60, in create_connection
    for res in socket.getaddrinfo(host, port, family, socket.SOCK_STREAM):
  File "/Library/Developer/CommandLineTools/Library/Frameworks/Python3.framework/Versions/3.9/lib/python3.9/socket.py", line 953, in getaddrinfo
    for res in _socket.getaddrinfo(host, port, family, type, proto, flags):
socket.gaierror: [Errno 8] nodename nor servname provided, or not known

The above exception was the direct cause of the following exception:

Traceback (most recent call last):
  File "/Users/hiroshi/Library/Python/3.9/lib/python/site-packages/urllib3/connectionpool.py", line 787, in urlopen
    response = self._make_request(
  File "/Users/hiroshi/Library/Python/3.9/lib/python/site-packages/urllib3/connectionpool.py", line 488, in _make_request
    raise new_e
  File "/Users/hiroshi/Library/Python/3.9/lib/python/site-packages/urllib3/connectionpool.py", line 464, in _make_request
    self._validate_conn(conn)
  File "/Users/hiroshi/Library/Python/3.9/lib/python/site-packages/urllib3/connectionpool.py", line 1093, in _validate_conn
    conn.connect()
  File "/Users/hiroshi/Library/Python/3.9/lib/python/site-packages/urllib3/connection.py", line 759, in connect
    self.sock = sock = self._new_conn()
  File "/Users/hiroshi/Library/Python/3.9/lib/python/site-packages/urllib3/connection.py", line 211, in _new_conn
    raise NameResolutionError(self.host, self, e) from e
urllib3.exceptions.NameResolutionError: HTTPSConnection(host='api-apne1.plaud.ai', port=443): Failed to resolve 'api-apne1.plaud.ai' ([Errno 8] nodename nor servname provided, or not known)

The above exception was the direct cause of the following exception:

Traceback (most recent call last):
  File "/Users/hiroshi/Library/Python/3.9/lib/python/site-packages/requests/adapters.py", line 644, in send
    resp = conn.urlopen(
  File "/Users/hiroshi/Library/Python/3.9/lib/python/site-packages/urllib3/connectionpool.py", line 841, in urlopen
    retries = retries.increment(
  File "/Users/hiroshi/Library/Python/3.9/lib/python/site-packages/urllib3/util/retry.py", line 519, in increment
    raise MaxRetryError(_pool, url, reason) from reason  # type: ignore[arg-type]
urllib3.exceptions.MaxRetryError: HTTPSConnectionPool(host='api-apne1.plaud.ai', port=443): Max retries exceeded with url: /file/simple/web?skip=0&limit=50&is_trash=2&sort_by=start_time&is_desc=true (Caused by NameResolutionError("HTTPSConnection(host='api-apne1.plaud.ai', port=443): Failed to resolve 'api-apne1.plaud.ai' ([Errno 8] nodename nor servname provided, or not known)"))

During handling of the above exception, another exception occurred:

Traceback (most recent call last):
  File "/Users/hiroshi/cursor/plaud_exports/plaud_export.py", line 322, in <module>
    main()
  File "/Users/hiroshi/cursor/plaud_exports/plaud_export.py", line 255, in main
    files = list_files(args.token, args.limit)
  File "/Users/hiroshi/cursor/plaud_exports/plaud_export.py", line 173, in list_files
    response = requests.get(url, headers=headers, params=params)
  File "/Users/hiroshi/Library/Python/3.9/lib/python/site-packages/requests/api.py", line 73, in get
    return request("get", url, params=params, **kwargs)
  File "/Users/hiroshi/Library/Python/3.9/lib/python/site-packages/requests/api.py", line 59, in request
    return session.request(method=method, url=url, **kwargs)
  File "/Users/hiroshi/Library/Python/3.9/lib/python/site-packages/requests/sessions.py", line 589, in request
    resp = self.send(prep, **send_kwargs)
  File "/Users/hiroshi/Library/Python/3.9/lib/python/site-packages/requests/sessions.py", line 703, in send
    r = adapter.send(request, **kwargs)
  File "/Users/hiroshi/Library/Python/3.9/lib/python/site-packages/requests/adapters.py", line 677, in send
    raise ConnectionError(e, request=request)
requests.exceptions.ConnectionError: HTTPSConnectionPool(host='api-apne1.plaud.ai', port=443): Max retries exceeded with url: /file/simple/web?skip=0&limit=50&is_trash=2&sort_by=start_time&is_desc=true (Caused by NameResolutionError("HTTPSConnection(host='api-apne1.plaud.ai', port=443): Failed to resolve 'api-apne1.plaud.ai' ([Errno 8] nodename nor servname provided, or not known)"))
[2026-03-30 07:39:47] ERROR: Auto export failed with exit code 1
[2026-03-30 08:48:46] Starting auto export...
/Users/hiroshi/Library/Python/3.9/lib/python/site-packages/urllib3/__init__.py:35: NotOpenSSLWarning: urllib3 v2 only supports OpenSSL 1.1.1+, currently the 'ssl' module is compiled with 'LibreSSL 2.8.3'. See: https://github.com/urllib3/urllib3/issues/3020
  warnings.warn(
Running in AUTO mode...
Traceback (most recent call last):
  File "/Users/hiroshi/Library/Python/3.9/lib/python/site-packages/urllib3/connection.py", line 204, in _new_conn
    sock = connection.create_connection(
  File "/Users/hiroshi/Library/Python/3.9/lib/python/site-packages/urllib3/util/connection.py", line 60, in create_connection
    for res in socket.getaddrinfo(host, port, family, socket.SOCK_STREAM):
  File "/Library/Developer/CommandLineTools/Library/Frameworks/Python3.framework/Versions/3.9/lib/python3.9/socket.py", line 953, in getaddrinfo
    for res in _socket.getaddrinfo(host, port, family, type, proto, flags):
socket.gaierror: [Errno 8] nodename nor servname provided, or not known

The above exception was the direct cause of the following exception:

Traceback (most recent call last):
  File "/Users/hiroshi/Library/Python/3.9/lib/python/site-packages/urllib3/connectionpool.py", line 787, in urlopen
    response = self._make_request(
  File "/Users/hiroshi/Library/Python/3.9/lib/python/site-packages/urllib3/connectionpool.py", line 488, in _make_request
    raise new_e
  File "/Users/hiroshi/Library/Python/3.9/lib/python/site-packages/urllib3/connectionpool.py", line 464, in _make_request
    self._validate_conn(conn)
  File "/Users/hiroshi/Library/Python/3.9/lib/python/site-packages/urllib3/connectionpool.py", line 1093, in _validate_conn
    conn.connect()
  File "/Users/hiroshi/Library/Python/3.9/lib/python/site-packages/urllib3/connection.py", line 759, in connect
    self.sock = sock = self._new_conn()
  File "/Users/hiroshi/Library/Python/3.9/lib/python/site-packages/urllib3/connection.py", line 211, in _new_conn
    raise NameResolutionError(self.host, self, e) from e
urllib3.exceptions.NameResolutionError: HTTPSConnection(host='api-apne1.plaud.ai', port=443): Failed to resolve 'api-apne1.plaud.ai' ([Errno 8] nodename nor servname provided, or not known)

The above exception was the direct cause of the following exception:

Traceback (most recent call last):
  File "/Users/hiroshi/Library/Python/3.9/lib/python/site-packages/requests/adapters.py", line 644, in send
    resp = conn.urlopen(
  File "/Users/hiroshi/Library/Python/3.9/lib/python/site-packages/urllib3/connectionpool.py", line 841, in urlopen
    retries = retries.increment(
  File "/Users/hiroshi/Library/Python/3.9/lib/python/site-packages/urllib3/util/retry.py", line 519, in increment
    raise MaxRetryError(_pool, url, reason) from reason  # type: ignore[arg-type]
urllib3.exceptions.MaxRetryError: HTTPSConnectionPool(host='api-apne1.plaud.ai', port=443): Max retries exceeded with url: /file/simple/web?skip=0&limit=50&is_trash=2&sort_by=start_time&is_desc=true (Caused by NameResolutionError("HTTPSConnection(host='api-apne1.plaud.ai', port=443): Failed to resolve 'api-apne1.plaud.ai' ([Errno 8] nodename nor servname provided, or not known)"))

During handling of the above exception, another exception occurred:

Traceback (most recent call last):
  File "/Users/hiroshi/cursor/plaud_exports/plaud_export.py", line 322, in <module>
    main()
  File "/Users/hiroshi/cursor/plaud_exports/plaud_export.py", line 255, in main
    files = list_files(args.token, args.limit)
  File "/Users/hiroshi/cursor/plaud_exports/plaud_export.py", line 173, in list_files
    response = requests.get(url, headers=headers, params=params)
  File "/Users/hiroshi/Library/Python/3.9/lib/python/site-packages/requests/api.py", line 73, in get
    return request("get", url, params=params, **kwargs)
  File "/Users/hiroshi/Library/Python/3.9/lib/python/site-packages/requests/api.py", line 59, in request
    return session.request(method=method, url=url, **kwargs)
  File "/Users/hiroshi/Library/Python/3.9/lib/python/site-packages/requests/sessions.py", line 589, in request
    resp = self.send(prep, **send_kwargs)
  File "/Users/hiroshi/Library/Python/3.9/lib/python/site-packages/requests/sessions.py", line 703, in send
    r = adapter.send(request, **kwargs)
  File "/Users/hiroshi/Library/Python/3.9/lib/python/site-packages/requests/adapters.py", line 677, in send
    raise ConnectionError(e, request=request)
requests.exceptions.ConnectionError: HTTPSConnectionPool(host='api-apne1.plaud.ai', port=443): Max retries exceeded with url: /file/simple/web?skip=0&limit=50&is_trash=2&sort_by=start_time&is_desc=true (Caused by NameResolutionError("HTTPSConnection(host='api-apne1.plaud.ai', port=443): Failed to resolve 'api-apne1.plaud.ai' ([Errno 8] nodename nor servname provided, or not known)"))
[2026-03-30 08:48:47] ERROR: Auto export failed with exit code 1
[2026-03-30 09:57:37] Starting auto export...
/Users/hiroshi/Library/Python/3.9/lib/python/site-packages/urllib3/__init__.py:35: NotOpenSSLWarning: urllib3 v2 only supports OpenSSL 1.1.1+, currently the 'ssl' module is compiled with 'LibreSSL 2.8.3'. See: https://github.com/urllib3/urllib3/issues/3020
  warnings.warn(
Running in AUTO mode...
Traceback (most recent call last):
  File "/Users/hiroshi/Library/Python/3.9/lib/python/site-packages/urllib3/connection.py", line 204, in _new_conn
    sock = connection.create_connection(
  File "/Users/hiroshi/Library/Python/3.9/lib/python/site-packages/urllib3/util/connection.py", line 60, in create_connection
    for res in socket.getaddrinfo(host, port, family, socket.SOCK_STREAM):
  File "/Library/Developer/CommandLineTools/Library/Frameworks/Python3.framework/Versions/3.9/lib/python3.9/socket.py", line 953, in getaddrinfo
    for res in _socket.getaddrinfo(host, port, family, type, proto, flags):
socket.gaierror: [Errno 8] nodename nor servname provided, or not known

The above exception was the direct cause of the following exception:

Traceback (most recent call last):
  File "/Users/hiroshi/Library/Python/3.9/lib/python/site-packages/urllib3/connectionpool.py", line 787, in urlopen
    response = self._make_request(
  File "/Users/hiroshi/Library/Python/3.9/lib/python/site-packages/urllib3/connectionpool.py", line 488, in _make_request
    raise new_e
  File "/Users/hiroshi/Library/Python/3.9/lib/python/site-packages/urllib3/connectionpool.py", line 464, in _make_request
    self._validate_conn(conn)
  File "/Users/hiroshi/Library/Python/3.9/lib/python/site-packages/urllib3/connectionpool.py", line 1093, in _validate_conn
    conn.connect()
  File "/Users/hiroshi/Library/Python/3.9/lib/python/site-packages/urllib3/connection.py", line 759, in connect
    self.sock = sock = self._new_conn()
  File "/Users/hiroshi/Library/Python/3.9/lib/python/site-packages/urllib3/connection.py", line 211, in _new_conn
    raise NameResolutionError(self.host, self, e) from e
urllib3.exceptions.NameResolutionError: HTTPSConnection(host='api-apne1.plaud.ai', port=443): Failed to resolve 'api-apne1.plaud.ai' ([Errno 8] nodename nor servname provided, or not known)

The above exception was the direct cause of the following exception:

Traceback (most recent call last):
  File "/Users/hiroshi/Library/Python/3.9/lib/python/site-packages/requests/adapters.py", line 644, in send
    resp = conn.urlopen(
  File "/Users/hiroshi/Library/Python/3.9/lib/python/site-packages/urllib3/connectionpool.py", line 841, in urlopen
    retries = retries.increment(
  File "/Users/hiroshi/Library/Python/3.9/lib/python/site-packages/urllib3/util/retry.py", line 519, in increment
    raise MaxRetryError(_pool, url, reason) from reason  # type: ignore[arg-type]
urllib3.exceptions.MaxRetryError: HTTPSConnectionPool(host='api-apne1.plaud.ai', port=443): Max retries exceeded with url: /file/simple/web?skip=0&limit=50&is_trash=2&sort_by=start_time&is_desc=true (Caused by NameResolutionError("HTTPSConnection(host='api-apne1.plaud.ai', port=443): Failed to resolve 'api-apne1.plaud.ai' ([Errno 8] nodename nor servname provided, or not known)"))

During handling of the above exception, another exception occurred:

Traceback (most recent call last):
  File "/Users/hiroshi/cursor/plaud_exports/plaud_export.py", line 322, in <module>
    main()
  File "/Users/hiroshi/cursor/plaud_exports/plaud_export.py", line 255, in main
    files = list_files(args.token, args.limit)
  File "/Users/hiroshi/cursor/plaud_exports/plaud_export.py", line 173, in list_files
    response = requests.get(url, headers=headers, params=params)
  File "/Users/hiroshi/Library/Python/3.9/lib/python/site-packages/requests/api.py", line 73, in get
    return request("get", url, params=params, **kwargs)
  File "/Users/hiroshi/Library/Python/3.9/lib/python/site-packages/requests/api.py", line 59, in request
    return session.request(method=method, url=url, **kwargs)
  File "/Users/hiroshi/Library/Python/3.9/lib/python/site-packages/requests/sessions.py", line 589, in request
    resp = self.send(prep, **send_kwargs)
  File "/Users/hiroshi/Library/Python/3.9/lib/python/site-packages/requests/sessions.py", line 703, in send
    r = adapter.send(request, **kwargs)
  File "/Users/hiroshi/Library/Python/3.9/lib/python/site-packages/requests/adapters.py", line 677, in send
    raise ConnectionError(e, request=request)
requests.exceptions.ConnectionError: HTTPSConnectionPool(host='api-apne1.plaud.ai', port=443): Max retries exceeded with url: /file/simple/web?skip=0&limit=50&is_trash=2&sort_by=start_time&is_desc=true (Caused by NameResolutionError("HTTPSConnection(host='api-apne1.plaud.ai', port=443): Failed to resolve 'api-apne1.plaud.ai' ([Errno 8] nodename nor servname provided, or not known)"))
[2026-03-30 09:57:37] ERROR: Auto export failed with exit code 1
[2026-03-30 11:47:03] Starting auto export...
/Users/hiroshi/Library/Python/3.9/lib/python/site-packages/urllib3/__init__.py:35: NotOpenSSLWarning: urllib3 v2 only supports OpenSSL 1.1.1+, currently the 'ssl' module is compiled with 'LibreSSL 2.8.3'. See: https://github.com/urllib3/urllib3/issues/3020
  warnings.warn(
Running in AUTO mode...
Traceback (most recent call last):
  File "/Users/hiroshi/Library/Python/3.9/lib/python/site-packages/urllib3/connection.py", line 204, in _new_conn
    sock = connection.create_connection(
  File "/Users/hiroshi/Library/Python/3.9/lib/python/site-packages/urllib3/util/connection.py", line 60, in create_connection
    for res in socket.getaddrinfo(host, port, family, socket.SOCK_STREAM):
  File "/Library/Developer/CommandLineTools/Library/Frameworks/Python3.framework/Versions/3.9/lib/python3.9/socket.py", line 953, in getaddrinfo
    for res in _socket.getaddrinfo(host, port, family, type, proto, flags):
socket.gaierror: [Errno 8] nodename nor servname provided, or not known

The above exception was the direct cause of the following exception:

Traceback (most recent call last):
  File "/Users/hiroshi/Library/Python/3.9/lib/python/site-packages/urllib3/connectionpool.py", line 787, in urlopen
    response = self._make_request(
  File "/Users/hiroshi/Library/Python/3.9/lib/python/site-packages/urllib3/connectionpool.py", line 488, in _make_request
    raise new_e
  File "/Users/hiroshi/Library/Python/3.9/lib/python/site-packages/urllib3/connectionpool.py", line 464, in _make_request
    self._validate_conn(conn)
  File "/Users/hiroshi/Library/Python/3.9/lib/python/site-packages/urllib3/connectionpool.py", line 1093, in _validate_conn
    conn.connect()
  File "/Users/hiroshi/Library/Python/3.9/lib/python/site-packages/urllib3/connection.py", line 759, in connect
    self.sock = sock = self._new_conn()
  File "/Users/hiroshi/Library/Python/3.9/lib/python/site-packages/urllib3/connection.py", line 211, in _new_conn
    raise NameResolutionError(self.host, self, e) from e
urllib3.exceptions.NameResolutionError: HTTPSConnection(host='api-apne1.plaud.ai', port=443): Failed to resolve 'api-apne1.plaud.ai' ([Errno 8] nodename nor servname provided, or not known)

The above exception was the direct cause of the following exception:

Traceback (most recent call last):
  File "/Users/hiroshi/Library/Python/3.9/lib/python/site-packages/requests/adapters.py", line 644, in send
    resp = conn.urlopen(
  File "/Users/hiroshi/Library/Python/3.9/lib/python/site-packages/urllib3/connectionpool.py", line 841, in urlopen
    retries = retries.increment(
  File "/Users/hiroshi/Library/Python/3.9/lib/python/site-packages/urllib3/util/retry.py", line 519, in increment
    raise MaxRetryError(_pool, url, reason) from reason  # type: ignore[arg-type]
urllib3.exceptions.MaxRetryError: HTTPSConnectionPool(host='api-apne1.plaud.ai', port=443): Max retries exceeded with url: /file/simple/web?skip=0&limit=50&is_trash=2&sort_by=start_time&is_desc=true (Caused by NameResolutionError("HTTPSConnection(host='api-apne1.plaud.ai', port=443): Failed to resolve 'api-apne1.plaud.ai' ([Errno 8] nodename nor servname provided, or not known)"))

During handling of the above exception, another exception occurred:

Traceback (most recent call last):
  File "/Users/hiroshi/cursor/plaud_exports/plaud_export.py", line 322, in <module>
    main()
  File "/Users/hiroshi/cursor/plaud_exports/plaud_export.py", line 255, in main
    files = list_files(args.token, args.limit)
  File "/Users/hiroshi/cursor/plaud_exports/plaud_export.py", line 173, in list_files
    response = requests.get(url, headers=headers, params=params)
  File "/Users/hiroshi/Library/Python/3.9/lib/python/site-packages/requests/api.py", line 73, in get
    return request("get", url, params=params, **kwargs)
  File "/Users/hiroshi/Library/Python/3.9/lib/python/site-packages/requests/api.py", line 59, in request
    return session.request(method=method, url=url, **kwargs)
  File "/Users/hiroshi/Library/Python/3.9/lib/python/site-packages/requests/sessions.py", line 589, in request
    resp = self.send(prep, **send_kwargs)
  File "/Users/hiroshi/Library/Python/3.9/lib/python/site-packages/requests/sessions.py", line 703, in send
    r = adapter.send(request, **kwargs)
  File "/Users/hiroshi/Library/Python/3.9/lib/python/site-packages/requests/adapters.py", line 677, in send
    raise ConnectionError(e, request=request)
requests.exceptions.ConnectionError: HTTPSConnectionPool(host='api-apne1.plaud.ai', port=443): Max retries exceeded with url: /file/simple/web?skip=0&limit=50&is_trash=2&sort_by=start_time&is_desc=true (Caused by NameResolutionError("HTTPSConnection(host='api-apne1.plaud.ai', port=443): Failed to resolve 'api-apne1.plaud.ai' ([Errno 8] nodename nor servname provided, or not known)"))
[2026-03-30 11:47:03] ERROR: Auto export failed with exit code 1
[2026-03-30 17:31:25] Starting auto export...
/Users/hiroshi/Library/Python/3.9/lib/python/site-packages/urllib3/__init__.py:35: NotOpenSSLWarning: urllib3 v2 only supports OpenSSL 1.1.1+, currently the 'ssl' module is compiled with 'LibreSSL 2.8.3'. See: https://github.com/urllib3/urllib3/issues/3020
  warnings.warn(
Running in AUTO mode...
Traceback (most recent call last):
  File "/Users/hiroshi/Library/Python/3.9/lib/python/site-packages/urllib3/connectionpool.py", line 464, in _make_request
    self._validate_conn(conn)
  File "/Users/hiroshi/Library/Python/3.9/lib/python/site-packages/urllib3/connectionpool.py", line 1093, in _validate_conn
    conn.connect()
  File "/Users/hiroshi/Library/Python/3.9/lib/python/site-packages/urllib3/connection.py", line 796, in connect
    sock_and_verified = _ssl_wrap_socket_and_match_hostname(
  File "/Users/hiroshi/Library/Python/3.9/lib/python/site-packages/urllib3/connection.py", line 975, in _ssl_wrap_socket_and_match_hostname
    ssl_sock = ssl_wrap_socket(
  File "/Users/hiroshi/Library/Python/3.9/lib/python/site-packages/urllib3/util/ssl_.py", line 483, in ssl_wrap_socket
    ssl_sock = _ssl_wrap_socket_impl(sock, context, tls_in_tls, server_hostname)
  File "/Users/hiroshi/Library/Python/3.9/lib/python/site-packages/urllib3/util/ssl_.py", line 527, in _ssl_wrap_socket_impl
    return ssl_context.wrap_socket(sock, server_hostname=server_hostname)
  File "/Library/Developer/CommandLineTools/Library/Frameworks/Python3.framework/Versions/3.9/lib/python3.9/ssl.py", line 500, in wrap_socket
    return self.sslsocket_class._create(
  File "/Library/Developer/CommandLineTools/Library/Frameworks/Python3.framework/Versions/3.9/lib/python3.9/ssl.py", line 1040, in _create
    self.do_handshake()
  File "/Library/Developer/CommandLineTools/Library/Frameworks/Python3.framework/Versions/3.9/lib/python3.9/ssl.py", line 1309, in do_handshake
    self._sslobj.do_handshake()
ssl.SSLEOFError: EOF occurred in violation of protocol (_ssl.c:1129)

During handling of the above exception, another exception occurred:

Traceback (most recent call last):
  File "/Users/hiroshi/Library/Python/3.9/lib/python/site-packages/urllib3/connectionpool.py", line 787, in urlopen
    response = self._make_request(
  File "/Users/hiroshi/Library/Python/3.9/lib/python/site-packages/urllib3/connectionpool.py", line 488, in _make_request
    raise new_e
urllib3.exceptions.SSLError: EOF occurred in violation of protocol (_ssl.c:1129)

The above exception was the direct cause of the following exception:

Traceback (most recent call last):
  File "/Users/hiroshi/Library/Python/3.9/lib/python/site-packages/requests/adapters.py", line 644, in send
    resp = conn.urlopen(
  File "/Users/hiroshi/Library/Python/3.9/lib/python/site-packages/urllib3/connectionpool.py", line 841, in urlopen
    retries = retries.increment(
  File "/Users/hiroshi/Library/Python/3.9/lib/python/site-packages/urllib3/util/retry.py", line 519, in increment
    raise MaxRetryError(_pool, url, reason) from reason  # type: ignore[arg-type]
urllib3.exceptions.MaxRetryError: HTTPSConnectionPool(host='api-apne1.plaud.ai', port=443): Max retries exceeded with url: /file/simple/web?skip=0&limit=50&is_trash=2&sort_by=start_time&is_desc=true (Caused by SSLError(SSLEOFError(8, 'EOF occurred in violation of protocol (_ssl.c:1129)')))

During handling of the above exception, another exception occurred:

Traceback (most recent call last):
  File "/Users/hiroshi/cursor/plaud_exports/plaud_export.py", line 322, in <module>
    main()
  File "/Users/hiroshi/cursor/plaud_exports/plaud_export.py", line 255, in main
    files = list_files(args.token, args.limit)
  File "/Users/hiroshi/cursor/plaud_exports/plaud_export.py", line 173, in list_files
    response = requests.get(url, headers=headers, params=params)
  File "/Users/hiroshi/Library/Python/3.9/lib/python/site-packages/requests/api.py", line 73, in get
    return request("get", url, params=params, **kwargs)
  File "/Users/hiroshi/Library/Python/3.9/lib/python/site-packages/requests/api.py", line 59, in request
    return session.request(method=method, url=url, **kwargs)
  File "/Users/hiroshi/Library/Python/3.9/lib/python/site-packages/requests/sessions.py", line 589, in request
    resp = self.send(prep, **send_kwargs)
  File "/Users/hiroshi/Library/Python/3.9/lib/python/site-packages/requests/sessions.py", line 703, in send
    r = adapter.send(request, **kwargs)
  File "/Users/hiroshi/Library/Python/3.9/lib/python/site-packages/requests/adapters.py", line 675, in send
    raise SSLError(e, request=request)
requests.exceptions.SSLError: HTTPSConnectionPool(host='api-apne1.plaud.ai', port=443): Max retries exceeded with url: /file/simple/web?skip=0&limit=50&is_trash=2&sort_by=start_time&is_desc=true (Caused by SSLError(SSLEOFError(8, 'EOF occurred in violation of protocol (_ssl.c:1129)')))
[2026-03-30 17:32:02] ERROR: Auto export failed with exit code 1
[2026-03-31 00:43:37] Starting auto export...
/Users/hiroshi/Library/Python/3.9/lib/python/site-packages/urllib3/__init__.py:35: NotOpenSSLWarning: urllib3 v2 only supports OpenSSL 1.1.1+, currently the 'ssl' module is compiled with 'LibreSSL 2.8.3'. See: https://github.com/urllib3/urllib3/issues/3020
  warnings.warn(
Running in AUTO mode...
Found 4 new files out of 50 total.
Skipping 2026-03-03 11:40:52 (5ee14a603a0eb00dc0cd014131634a49) - AI processing not yet complete.
Skipping 2026-03-02 22:55:37 (f8e768606308a898b656297de98ecdf0) - AI processing not yet complete.
Skipping 2026-03-02 18:19:41 (e2e964c6239c49aa1ac0d62fa7a9b149) - AI processing not yet complete.
Skipping 2026-02-22 03:25:10 (2091a2244a8f229875ad1e486c0de2a0) - AI processing not yet complete.
Auto mode complete.
[2026-03-31 00:43:37] Auto export completed successfully.
[2026-03-31 06:50:16] Starting auto export...
/Users/hiroshi/Library/Python/3.9/lib/python/site-packages/urllib3/__init__.py:35: NotOpenSSLWarning: urllib3 v2 only supports OpenSSL 1.1.1+, currently the 'ssl' module is compiled with 'LibreSSL 2.8.3'. See: https://github.com/urllib3/urllib3/issues/3020
  warnings.warn(
Running in AUTO mode...
Traceback (most recent call last):
  File "/Users/hiroshi/Library/Python/3.9/lib/python/site-packages/urllib3/connection.py", line 204, in _new_conn
    sock = connection.create_connection(
  File "/Users/hiroshi/Library/Python/3.9/lib/python/site-packages/urllib3/util/connection.py", line 60, in create_connection
    for res in socket.getaddrinfo(host, port, family, socket.SOCK_STREAM):
  File "/Library/Developer/CommandLineTools/Library/Frameworks/Python3.framework/Versions/3.9/lib/python3.9/socket.py", line 953, in getaddrinfo
    for res in _socket.getaddrinfo(host, port, family, type, proto, flags):
socket.gaierror: [Errno 8] nodename nor servname provided, or not known

The above exception was the direct cause of the following exception:

Traceback (most recent call last):
  File "/Users/hiroshi/Library/Python/3.9/lib/python/site-packages/urllib3/connectionpool.py", line 787, in urlopen
    response = self._make_request(
  File "/Users/hiroshi/Library/Python/3.9/lib/python/site-packages/urllib3/connectionpool.py", line 488, in _make_request
    raise new_e
  File "/Users/hiroshi/Library/Python/3.9/lib/python/site-packages/urllib3/connectionpool.py", line 464, in _make_request
    self._validate_conn(conn)
  File "/Users/hiroshi/Library/Python/3.9/lib/python/site-packages/urllib3/connectionpool.py", line 1093, in _validate_conn
    conn.connect()
  File "/Users/hiroshi/Library/Python/3.9/lib/python/site-packages/urllib3/connection.py", line 759, in connect
    self.sock = sock = self._new_conn()
  File "/Users/hiroshi/Library/Python/3.9/lib/python/site-packages/urllib3/connection.py", line 211, in _new_conn
    raise NameResolutionError(self.host, self, e) from e
urllib3.exceptions.NameResolutionError: HTTPSConnection(host='api-apne1.plaud.ai', port=443): Failed to resolve 'api-apne1.plaud.ai' ([Errno 8] nodename nor servname provided, or not known)

The above exception was the direct cause of the following exception:

Traceback (most recent call last):
  File "/Users/hiroshi/Library/Python/3.9/lib/python/site-packages/requests/adapters.py", line 644, in send
    resp = conn.urlopen(
  File "/Users/hiroshi/Library/Python/3.9/lib/python/site-packages/urllib3/connectionpool.py", line 841, in urlopen
    retries = retries.increment(
  File "/Users/hiroshi/Library/Python/3.9/lib/python/site-packages/urllib3/util/retry.py", line 519, in increment
    raise MaxRetryError(_pool, url, reason) from reason  # type: ignore[arg-type]
urllib3.exceptions.MaxRetryError: HTTPSConnectionPool(host='api-apne1.plaud.ai', port=443): Max retries exceeded with url: /file/simple/web?skip=0&limit=50&is_trash=2&sort_by=start_time&is_desc=true (Caused by NameResolutionError("HTTPSConnection(host='api-apne1.plaud.ai', port=443): Failed to resolve 'api-apne1.plaud.ai' ([Errno 8] nodename nor servname provided, or not known)"))

During handling of the above exception, another exception occurred:

Traceback (most recent call last):
  File "/Users/hiroshi/cursor/plaud_exports/plaud_export.py", line 322, in <module>
    main()
  File "/Users/hiroshi/cursor/plaud_exports/plaud_export.py", line 255, in main
    files = list_files(args.token, args.limit)
  File "/Users/hiroshi/cursor/plaud_exports/plaud_export.py", line 173, in list_files
    response = requests.get(url, headers=headers, params=params)
  File "/Users/hiroshi/Library/Python/3.9/lib/python/site-packages/requests/api.py", line 73, in get
    return request("get", url, params=params, **kwargs)
  File "/Users/hiroshi/Library/Python/3.9/lib/python/site-packages/requests/api.py", line 59, in request
    return session.request(method=method, url=url, **kwargs)
  File "/Users/hiroshi/Library/Python/3.9/lib/python/site-packages/requests/sessions.py", line 589, in request
    resp = self.send(prep, **send_kwargs)
  File "/Users/hiroshi/Library/Python/3.9/lib/python/site-packages/requests/sessions.py", line 703, in send
    r = adapter.send(request, **kwargs)
  File "/Users/hiroshi/Library/Python/3.9/lib/python/site-packages/requests/adapters.py", line 677, in send
    raise ConnectionError(e, request=request)
requests.exceptions.ConnectionError: HTTPSConnectionPool(host='api-apne1.plaud.ai', port=443): Max retries exceeded with url: /file/simple/web?skip=0&limit=50&is_trash=2&sort_by=start_time&is_desc=true (Caused by NameResolutionError("HTTPSConnection(host='api-apne1.plaud.ai', port=443): Failed to resolve 'api-apne1.plaud.ai' ([Errno 8] nodename nor servname provided, or not known)"))
[2026-03-31 06:50:16] ERROR: Auto export failed with exit code 1
[2026-03-31 10:45:53] Starting auto export...
/Users/hiroshi/Library/Python/3.9/lib/python/site-packages/urllib3/__init__.py:35: NotOpenSSLWarning: urllib3 v2 only supports OpenSSL 1.1.1+, currently the 'ssl' module is compiled with 'LibreSSL 2.8.3'. See: https://github.com/urllib3/urllib3/issues/3020
  warnings.warn(
Running in AUTO mode...
Found 4 new files out of 50 total.
Skipping 2026-03-03 11:40:52 (5ee14a603a0eb00dc0cd014131634a49) - AI processing not yet complete.
Skipping 2026-03-02 22:55:37 (f8e768606308a898b656297de98ecdf0) - AI processing not yet complete.
Skipping 2026-03-02 18:19:41 (e2e964c6239c49aa1ac0d62fa7a9b149) - AI processing not yet complete.
Skipping 2026-02-22 03:25:10 (2091a2244a8f229875ad1e486c0de2a0) - AI processing not yet complete.
Auto mode complete.
[2026-03-31 10:45:54] Auto export completed successfully.
[2026-03-31 11:45:54] Starting auto export...
/Users/hiroshi/Library/Python/3.9/lib/python/site-packages/urllib3/__init__.py:35: NotOpenSSLWarning: urllib3 v2 only supports OpenSSL 1.1.1+, currently the 'ssl' module is compiled with 'LibreSSL 2.8.3'. See: https://github.com/urllib3/urllib3/issues/3020
  warnings.warn(
Running in AUTO mode...
Found 4 new files out of 50 total.
Skipping 2026-03-03 11:40:52 (5ee14a603a0eb00dc0cd014131634a49) - AI processing not yet complete.
Skipping 2026-03-02 22:55:37 (f8e768606308a898b656297de98ecdf0) - AI processing not yet complete.
Skipping 2026-03-02 18:19:41 (e2e964c6239c49aa1ac0d62fa7a9b149) - AI processing not yet complete.
Skipping 2026-02-22 03:25:10 (2091a2244a8f229875ad1e486c0de2a0) - AI processing not yet complete.
Auto mode complete.
[2026-03-31 11:45:55] Auto export completed successfully.
[2026-03-31 12:45:55] Starting auto export...
/Users/hiroshi/Library/Python/3.9/lib/python/site-packages/urllib3/__init__.py:35: NotOpenSSLWarning: urllib3 v2 only supports OpenSSL 1.1.1+, currently the 'ssl' module is compiled with 'LibreSSL 2.8.3'. See: https://github.com/urllib3/urllib3/issues/3020
  warnings.warn(
Running in AUTO mode...
Found 4 new files out of 50 total.
Skipping 2026-03-03 11:40:52 (5ee14a603a0eb00dc0cd014131634a49) - AI processing not yet complete.
Skipping 2026-03-02 22:55:37 (f8e768606308a898b656297de98ecdf0) - AI processing not yet complete.
Skipping 2026-03-02 18:19:41 (e2e964c6239c49aa1ac0d62fa7a9b149) - AI processing not yet complete.
Skipping 2026-02-22 03:25:10 (2091a2244a8f229875ad1e486c0de2a0) - AI processing not yet complete.
Auto mode complete.
[2026-03-31 12:45:56] Auto export completed successfully.
[2026-03-31 19:06:31] Starting auto export...
/Users/hiroshi/Library/Python/3.9/lib/python/site-packages/urllib3/__init__.py:35: NotOpenSSLWarning: urllib3 v2 only supports OpenSSL 1.1.1+, currently the 'ssl' module is compiled with 'LibreSSL 2.8.3'. See: https://github.com/urllib3/urllib3/issues/3020
  warnings.warn(
Running in AUTO mode...
Found 4 new files out of 50 total.
Skipping 2026-03-03 11:40:52 (5ee14a603a0eb00dc0cd014131634a49) - AI processing not yet complete.
Skipping 2026-03-02 22:55:37 (f8e768606308a898b656297de98ecdf0) - AI processing not yet complete.
Skipping 2026-03-02 18:19:41 (e2e964c6239c49aa1ac0d62fa7a9b149) - AI processing not yet complete.
Skipping 2026-02-22 03:25:10 (2091a2244a8f229875ad1e486c0de2a0) - AI processing not yet complete.
Auto mode complete.
[2026-03-31 19:06:31] Auto export completed successfully.
[2026-03-31 21:19:10] Starting auto export...
/Users/hiroshi/Library/Python/3.9/lib/python/site-packages/urllib3/__init__.py:35: NotOpenSSLWarning: urllib3 v2 only supports OpenSSL 1.1.1+, currently the 'ssl' module is compiled with 'LibreSSL 2.8.3'. See: https://github.com/urllib3/urllib3/issues/3020
  warnings.warn(
Running in AUTO mode...
Found 4 new files out of 50 total.
Skipping 2026-03-03 11:40:52 (5ee14a603a0eb00dc0cd014131634a49) - AI processing not yet complete.
Skipping 2026-03-02 22:55:37 (f8e768606308a898b656297de98ecdf0) - AI processing not yet complete.
Skipping 2026-03-02 18:19:41 (e2e964c6239c49aa1ac0d62fa7a9b149) - AI processing not yet complete.
Skipping 2026-02-22 03:25:10 (2091a2244a8f229875ad1e486c0de2a0) - AI processing not yet complete.
Auto mode complete.
[2026-03-31 21:19:11] Auto export completed successfully.
[2026-03-31 22:19:11] Starting auto export...
/Users/hiroshi/Library/Python/3.9/lib/python/site-packages/urllib3/__init__.py:35: NotOpenSSLWarning: urllib3 v2 only supports OpenSSL 1.1.1+, currently the 'ssl' module is compiled with 'LibreSSL 2.8.3'. See: https://github.com/urllib3/urllib3/issues/3020
  warnings.warn(
Running in AUTO mode...
Found 4 new files out of 50 total.
Skipping 2026-03-03 11:40:52 (5ee14a603a0eb00dc0cd014131634a49) - AI processing not yet complete.
Skipping 2026-03-02 22:55:37 (f8e768606308a898b656297de98ecdf0) - AI processing not yet complete.
Skipping 2026-03-02 18:19:41 (e2e964c6239c49aa1ac0d62fa7a9b149) - AI processing not yet complete.
Skipping 2026-02-22 03:25:10 (2091a2244a8f229875ad1e486c0de2a0) - AI processing not yet complete.
Auto mode complete.
[2026-03-31 22:19:12] Auto export completed successfully.
[2026-03-31 23:19:12] Starting auto export...
/Users/hiroshi/Library/Python/3.9/lib/python/site-packages/urllib3/__init__.py:35: NotOpenSSLWarning: urllib3 v2 only supports OpenSSL 1.1.1+, currently the 'ssl' module is compiled with 'LibreSSL 2.8.3'. See: https://github.com/urllib3/urllib3/issues/3020
  warnings.warn(
Running in AUTO mode...
Found 4 new files out of 50 total.
Skipping 2026-03-03 11:40:52 (5ee14a603a0eb00dc0cd014131634a49) - AI processing not yet complete.
Skipping 2026-03-02 22:55:37 (f8e768606308a898b656297de98ecdf0) - AI processing not yet complete.
Skipping 2026-03-02 18:19:41 (e2e964c6239c49aa1ac0d62fa7a9b149) - AI processing not yet complete.
Skipping 2026-02-22 03:25:10 (2091a2244a8f229875ad1e486c0de2a0) - AI processing not yet complete.
Auto mode complete.
[2026-03-31 23:19:13] Auto export completed successfully.
[2026-04-01 00:35:37] Starting auto export...
/Users/hiroshi/Library/Python/3.9/lib/python/site-packages/urllib3/__init__.py:35: NotOpenSSLWarning: urllib3 v2 only supports OpenSSL 1.1.1+, currently the 'ssl' module is compiled with 'LibreSSL 2.8.3'. See: https://github.com/urllib3/urllib3/issues/3020
  warnings.warn(
Running in AUTO mode...
Traceback (most recent call last):
  File "/Users/hiroshi/Library/Python/3.9/lib/python/site-packages/urllib3/connection.py", line 204, in _new_conn
    sock = connection.create_connection(
  File "/Users/hiroshi/Library/Python/3.9/lib/python/site-packages/urllib3/util/connection.py", line 60, in create_connection
    for res in socket.getaddrinfo(host, port, family, socket.SOCK_STREAM):
  File "/Library/Developer/CommandLineTools/Library/Frameworks/Python3.framework/Versions/3.9/lib/python3.9/socket.py", line 953, in getaddrinfo
    for res in _socket.getaddrinfo(host, port, family, type, proto, flags):
socket.gaierror: [Errno 8] nodename nor servname provided, or not known

The above exception was the direct cause of the following exception:

Traceback (most recent call last):
  File "/Users/hiroshi/Library/Python/3.9/lib/python/site-packages/urllib3/connectionpool.py", line 787, in urlopen
    response = self._make_request(
  File "/Users/hiroshi/Library/Python/3.9/lib/python/site-packages/urllib3/connectionpool.py", line 488, in _make_request
    raise new_e
  File "/Users/hiroshi/Library/Python/3.9/lib/python/site-packages/urllib3/connectionpool.py", line 464, in _make_request
    self._validate_conn(conn)
  File "/Users/hiroshi/Library/Python/3.9/lib/python/site-packages/urllib3/connectionpool.py", line 1093, in _validate_conn
    conn.connect()
  File "/Users/hiroshi/Library/Python/3.9/lib/python/site-packages/urllib3/connection.py", line 759, in connect
    self.sock = sock = self._new_conn()
  File "/Users/hiroshi/Library/Python/3.9/lib/python/site-packages/urllib3/connection.py", line 211, in _new_conn
    raise NameResolutionError(self.host, self, e) from e
urllib3.exceptions.NameResolutionError: HTTPSConnection(host='api-apne1.plaud.ai', port=443): Failed to resolve 'api-apne1.plaud.ai' ([Errno 8] nodename nor servname provided, or not known)

The above exception was the direct cause of the following exception:

Traceback (most recent call last):
  File "/Users/hiroshi/Library/Python/3.9/lib/python/site-packages/requests/adapters.py", line 644, in send
    resp = conn.urlopen(
  File "/Users/hiroshi/Library/Python/3.9/lib/python/site-packages/urllib3/connectionpool.py", line 841, in urlopen
    retries = retries.increment(
  File "/Users/hiroshi/Library/Python/3.9/lib/python/site-packages/urllib3/util/retry.py", line 519, in increment
    raise MaxRetryError(_pool, url, reason) from reason  # type: ignore[arg-type]
urllib3.exceptions.MaxRetryError: HTTPSConnectionPool(host='api-apne1.plaud.ai', port=443): Max retries exceeded with url: /file/simple/web?skip=0&limit=50&is_trash=2&sort_by=start_time&is_desc=true (Caused by NameResolutionError("HTTPSConnection(host='api-apne1.plaud.ai', port=443): Failed to resolve 'api-apne1.plaud.ai' ([Errno 8] nodename nor servname provided, or not known)"))

During handling of the above exception, another exception occurred:

Traceback (most recent call last):
  File "/Users/hiroshi/cursor/plaud_exports/plaud_export.py", line 322, in <module>
    main()
  File "/Users/hiroshi/cursor/plaud_exports/plaud_export.py", line 255, in main
    files = list_files(args.token, args.limit)
  File "/Users/hiroshi/cursor/plaud_exports/plaud_export.py", line 173, in list_files
    response = requests.get(url, headers=headers, params=params)
  File "/Users/hiroshi/Library/Python/3.9/lib/python/site-packages/requests/api.py", line 73, in get
    return request("get", url, params=params, **kwargs)
  File "/Users/hiroshi/Library/Python/3.9/lib/python/site-packages/requests/api.py", line 59, in request
    return session.request(method=method, url=url, **kwargs)
  File "/Users/hiroshi/Library/Python/3.9/lib/python/site-packages/requests/sessions.py", line 589, in request
    resp = self.send(prep, **send_kwargs)
  File "/Users/hiroshi/Library/Python/3.9/lib/python/site-packages/requests/sessions.py", line 703, in send
    r = adapter.send(request, **kwargs)
  File "/Users/hiroshi/Library/Python/3.9/lib/python/site-packages/requests/adapters.py", line 677, in send
    raise ConnectionError(e, request=request)
requests.exceptions.ConnectionError: HTTPSConnectionPool(host='api-apne1.plaud.ai', port=443): Max retries exceeded with url: /file/simple/web?skip=0&limit=50&is_trash=2&sort_by=start_time&is_desc=true (Caused by NameResolutionError("HTTPSConnection(host='api-apne1.plaud.ai', port=443): Failed to resolve 'api-apne1.plaud.ai' ([Errno 8] nodename nor servname provided, or not known)"))
[2026-04-01 00:35:37] ERROR: Auto export failed with exit code 1
[2026-04-01 09:40:19] Starting auto export...
/Users/hiroshi/Library/Python/3.9/lib/python/site-packages/urllib3/__init__.py:35: NotOpenSSLWarning: urllib3 v2 only supports OpenSSL 1.1.1+, currently the 'ssl' module is compiled with 'LibreSSL 2.8.3'. See: https://github.com/urllib3/urllib3/issues/3020
  warnings.warn(
Running in AUTO mode...
Traceback (most recent call last):
  File "/Users/hiroshi/Library/Python/3.9/lib/python/site-packages/urllib3/connection.py", line 204, in _new_conn
    sock = connection.create_connection(
  File "/Users/hiroshi/Library/Python/3.9/lib/python/site-packages/urllib3/util/connection.py", line 60, in create_connection
    for res in socket.getaddrinfo(host, port, family, socket.SOCK_STREAM):
  File "/Library/Developer/CommandLineTools/Library/Frameworks/Python3.framework/Versions/3.9/lib/python3.9/socket.py", line 953, in getaddrinfo
    for res in _socket.getaddrinfo(host, port, family, type, proto, flags):
socket.gaierror: [Errno 8] nodename nor servname provided, or not known

The above exception was the direct cause of the following exception:

Traceback (most recent call last):
  File "/Users/hiroshi/Library/Python/3.9/lib/python/site-packages/urllib3/connectionpool.py", line 787, in urlopen
    response = self._make_request(
  File "/Users/hiroshi/Library/Python/3.9/lib/python/site-packages/urllib3/connectionpool.py", line 488, in _make_request
    raise new_e
  File "/Users/hiroshi/Library/Python/3.9/lib/python/site-packages/urllib3/connectionpool.py", line 464, in _make_request
    self._validate_conn(conn)
  File "/Users/hiroshi/Library/Python/3.9/lib/python/site-packages/urllib3/connectionpool.py", line 1093, in _validate_conn
    conn.connect()
  File "/Users/hiroshi/Library/Python/3.9/lib/python/site-packages/urllib3/connection.py", line 759, in connect
    self.sock = sock = self._new_conn()
  File "/Users/hiroshi/Library/Python/3.9/lib/python/site-packages/urllib3/connection.py", line 211, in _new_conn
    raise NameResolutionError(self.host, self, e) from e
urllib3.exceptions.NameResolutionError: HTTPSConnection(host='api-apne1.plaud.ai', port=443): Failed to resolve 'api-apne1.plaud.ai' ([Errno 8] nodename nor servname provided, or not known)

The above exception was the direct cause of the following exception:

Traceback (most recent call last):
  File "/Users/hiroshi/Library/Python/3.9/lib/python/site-packages/requests/adapters.py", line 644, in send
    resp = conn.urlopen(
  File "/Users/hiroshi/Library/Python/3.9/lib/python/site-packages/urllib3/connectionpool.py", line 841, in urlopen
    retries = retries.increment(
  File "/Users/hiroshi/Library/Python/3.9/lib/python/site-packages/urllib3/util/retry.py", line 519, in increment
    raise MaxRetryError(_pool, url, reason) from reason  # type: ignore[arg-type]
urllib3.exceptions.MaxRetryError: HTTPSConnectionPool(host='api-apne1.plaud.ai', port=443): Max retries exceeded with url: /file/simple/web?skip=0&limit=50&is_trash=2&sort_by=start_time&is_desc=true (Caused by NameResolutionError("HTTPSConnection(host='api-apne1.plaud.ai', port=443): Failed to resolve 'api-apne1.plaud.ai' ([Errno 8] nodename nor servname provided, or not known)"))

During handling of the above exception, another exception occurred:

Traceback (most recent call last):
  File "/Users/hiroshi/cursor/plaud_exports/plaud_export.py", line 322, in <module>
    main()
  File "/Users/hiroshi/cursor/plaud_exports/plaud_export.py", line 255, in main
    files = list_files(args.token, args.limit)
  File "/Users/hiroshi/cursor/plaud_exports/plaud_export.py", line 173, in list_files
    response = requests.get(url, headers=headers, params=params)
  File "/Users/hiroshi/Library/Python/3.9/lib/python/site-packages/requests/api.py", line 73, in get
    return request("get", url, params=params, **kwargs)
  File "/Users/hiroshi/Library/Python/3.9/lib/python/site-packages/requests/api.py", line 59, in request
    return session.request(method=method, url=url, **kwargs)
  File "/Users/hiroshi/Library/Python/3.9/lib/python/site-packages/requests/sessions.py", line 589, in request
    resp = self.send(prep, **send_kwargs)
  File "/Users/hiroshi/Library/Python/3.9/lib/python/site-packages/requests/sessions.py", line 703, in send
    r = adapter.send(request, **kwargs)
  File "/Users/hiroshi/Library/Python/3.9/lib/python/site-packages/requests/adapters.py", line 677, in send
    raise ConnectionError(e, request=request)
requests.exceptions.ConnectionError: HTTPSConnectionPool(host='api-apne1.plaud.ai', port=443): Max retries exceeded with url: /file/simple/web?skip=0&limit=50&is_trash=2&sort_by=start_time&is_desc=true (Caused by NameResolutionError("HTTPSConnection(host='api-apne1.plaud.ai', port=443): Failed to resolve 'api-apne1.plaud.ai' ([Errno 8] nodename nor servname provided, or not known)"))
[2026-04-01 09:40:19] ERROR: Auto export failed with exit code 1
[2026-04-01 20:49:50] Starting auto export...
/Users/hiroshi/Library/Python/3.9/lib/python/site-packages/urllib3/__init__.py:35: NotOpenSSLWarning: urllib3 v2 only supports OpenSSL 1.1.1+, currently the 'ssl' module is compiled with 'LibreSSL 2.8.3'. See: https://github.com/urllib3/urllib3/issues/3020
  warnings.warn(
Running in AUTO mode...
Traceback (most recent call last):
  File "/Users/hiroshi/Library/Python/3.9/lib/python/site-packages/urllib3/connection.py", line 204, in _new_conn
    sock = connection.create_connection(
  File "/Users/hiroshi/Library/Python/3.9/lib/python/site-packages/urllib3/util/connection.py", line 60, in create_connection
    for res in socket.getaddrinfo(host, port, family, socket.SOCK_STREAM):
  File "/Library/Developer/CommandLineTools/Library/Frameworks/Python3.framework/Versions/3.9/lib/python3.9/socket.py", line 953, in getaddrinfo
    for res in _socket.getaddrinfo(host, port, family, type, proto, flags):
socket.gaierror: [Errno 8] nodename nor servname provided, or not known

The above exception was the direct cause of the following exception:

Traceback (most recent call last):
  File "/Users/hiroshi/Library/Python/3.9/lib/python/site-packages/urllib3/connectionpool.py", line 787, in urlopen
    response = self._make_request(
  File "/Users/hiroshi/Library/Python/3.9/lib/python/site-packages/urllib3/connectionpool.py", line 488, in _make_request
    raise new_e
  File "/Users/hiroshi/Library/Python/3.9/lib/python/site-packages/urllib3/connectionpool.py", line 464, in _make_request
    self._validate_conn(conn)
  File "/Users/hiroshi/Library/Python/3.9/lib/python/site-packages/urllib3/connectionpool.py", line 1093, in _validate_conn
    conn.connect()
  File "/Users/hiroshi/Library/Python/3.9/lib/python/site-packages/urllib3/connection.py", line 759, in connect
    self.sock = sock = self._new_conn()
  File "/Users/hiroshi/Library/Python/3.9/lib/python/site-packages/urllib3/connection.py", line 211, in _new_conn
    raise NameResolutionError(self.host, self, e) from e
urllib3.exceptions.NameResolutionError: HTTPSConnection(host='api-apne1.plaud.ai', port=443): Failed to resolve 'api-apne1.plaud.ai' ([Errno 8] nodename nor servname provided, or not known)

The above exception was the direct cause of the following exception:

Traceback (most recent call last):
  File "/Users/hiroshi/Library/Python/3.9/lib/python/site-packages/requests/adapters.py", line 644, in send
    resp = conn.urlopen(
  File "/Users/hiroshi/Library/Python/3.9/lib/python/site-packages/urllib3/connectionpool.py", line 841, in urlopen
    retries = retries.increment(
  File "/Users/hiroshi/Library/Python/3.9/lib/python/site-packages/urllib3/util/retry.py", line 519, in increment
    raise MaxRetryError(_pool, url, reason) from reason  # type: ignore[arg-type]
urllib3.exceptions.MaxRetryError: HTTPSConnectionPool(host='api-apne1.plaud.ai', port=443): Max retries exceeded with url: /file/simple/web?skip=0&limit=50&is_trash=2&sort_by=start_time&is_desc=true (Caused by NameResolutionError("HTTPSConnection(host='api-apne1.plaud.ai', port=443): Failed to resolve 'api-apne1.plaud.ai' ([Errno 8] nodename nor servname provided, or not known)"))

During handling of the above exception, another exception occurred:

Traceback (most recent call last):
  File "/Users/hiroshi/cursor/plaud_exports/plaud_export.py", line 322, in <module>
    main()
  File "/Users/hiroshi/cursor/plaud_exports/plaud_export.py", line 255, in main
    files = list_files(args.token, args.limit)
  File "/Users/hiroshi/cursor/plaud_exports/plaud_export.py", line 173, in list_files
    response = requests.get(url, headers=headers, params=params)
  File "/Users/hiroshi/Library/Python/3.9/lib/python/site-packages/requests/api.py", line 73, in get
    return request("get", url, params=params, **kwargs)
  File "/Users/hiroshi/Library/Python/3.9/lib/python/site-packages/requests/api.py", line 59, in request
    return session.request(method=method, url=url, **kwargs)
  File "/Users/hiroshi/Library/Python/3.9/lib/python/site-packages/requests/sessions.py", line 589, in request
    resp = self.send(prep, **send_kwargs)
  File "/Users/hiroshi/Library/Python/3.9/lib/python/site-packages/requests/sessions.py", line 703, in send
    r = adapter.send(request, **kwargs)
  File "/Users/hiroshi/Library/Python/3.9/lib/python/site-packages/requests/adapters.py", line 677, in send
    raise ConnectionError(e, request=request)
requests.exceptions.ConnectionError: HTTPSConnectionPool(host='api-apne1.plaud.ai', port=443): Max retries exceeded with url: /file/simple/web?skip=0&limit=50&is_trash=2&sort_by=start_time&is_desc=true (Caused by NameResolutionError("HTTPSConnection(host='api-apne1.plaud.ai', port=443): Failed to resolve 'api-apne1.plaud.ai' ([Errno 8] nodename nor servname provided, or not known)"))
[2026-04-01 20:49:50] ERROR: Auto export failed with exit code 1
[2026-04-02 00:40:45] Starting auto export...
/Users/hiroshi/Library/Python/3.9/lib/python/site-packages/urllib3/__init__.py:35: NotOpenSSLWarning: urllib3 v2 only supports OpenSSL 1.1.1+, currently the 'ssl' module is compiled with 'LibreSSL 2.8.3'. See: https://github.com/urllib3/urllib3/issues/3020
  warnings.warn(
Running in AUTO mode...
Found 4 new files out of 50 total.
Skipping 2026-03-03 11:40:52 (5ee14a603a0eb00dc0cd014131634a49) - AI processing not yet complete.
Skipping 2026-03-02 22:55:37 (f8e768606308a898b656297de98ecdf0) - AI processing not yet complete.
Skipping 2026-03-02 18:19:41 (e2e964c6239c49aa1ac0d62fa7a9b149) - AI processing not yet complete.
Skipping 2026-02-22 03:25:10 (2091a2244a8f229875ad1e486c0de2a0) - AI processing not yet complete.
Auto mode complete.
[2026-04-02 00:40:46] Auto export completed successfully.
[2026-04-02 01:40:46] Starting auto export...
/Users/hiroshi/Library/Python/3.9/lib/python/site-packages/urllib3/__init__.py:35: NotOpenSSLWarning: urllib3 v2 only supports OpenSSL 1.1.1+, currently the 'ssl' module is compiled with 'LibreSSL 2.8.3'. See: https://github.com/urllib3/urllib3/issues/3020
  warnings.warn(
Running in AUTO mode...
Found 4 new files out of 50 total.
Skipping 2026-03-03 11:40:52 (5ee14a603a0eb00dc0cd014131634a49) - AI processing not yet complete.
Skipping 2026-03-02 22:55:37 (f8e768606308a898b656297de98ecdf0) - AI processing not yet complete.
Skipping 2026-03-02 18:19:41 (e2e964c6239c49aa1ac0d62fa7a9b149) - AI processing not yet complete.
Skipping 2026-02-22 03:25:10 (2091a2244a8f229875ad1e486c0de2a0) - AI processing not yet complete.
Auto mode complete.
[2026-04-02 01:40:47] Auto export completed successfully.
[2026-04-02 02:40:47] Starting auto export...
/Users/hiroshi/Library/Python/3.9/lib/python/site-packages/urllib3/__init__.py:35: NotOpenSSLWarning: urllib3 v2 only supports OpenSSL 1.1.1+, currently the 'ssl' module is compiled with 'LibreSSL 2.8.3'. See: https://github.com/urllib3/urllib3/issues/3020
  warnings.warn(
Running in AUTO mode...
Found 4 new files out of 50 total.
Skipping 2026-03-03 11:40:52 (5ee14a603a0eb00dc0cd014131634a49) - AI processing not yet complete.
Skipping 2026-03-02 22:55:37 (f8e768606308a898b656297de98ecdf0) - AI processing not yet complete.
Skipping 2026-03-02 18:19:41 (e2e964c6239c49aa1ac0d62fa7a9b149) - AI processing not yet complete.
Skipping 2026-02-22 03:25:10 (2091a2244a8f229875ad1e486c0de2a0) - AI processing not yet complete.
Auto mode complete.
[2026-04-02 02:40:48] Auto export completed successfully.
[2026-04-02 03:40:48] Starting auto export...
/Users/hiroshi/Library/Python/3.9/lib/python/site-packages/urllib3/__init__.py:35: NotOpenSSLWarning: urllib3 v2 only supports OpenSSL 1.1.1+, currently the 'ssl' module is compiled with 'LibreSSL 2.8.3'. See: https://github.com/urllib3/urllib3/issues/3020
  warnings.warn(
Running in AUTO mode...
Found 4 new files out of 50 total.
Skipping 2026-03-03 11:40:52 (5ee14a603a0eb00dc0cd014131634a49) - AI processing not yet complete.
Skipping 2026-03-02 22:55:37 (f8e768606308a898b656297de98ecdf0) - AI processing not yet complete.
Skipping 2026-03-02 18:19:41 (e2e964c6239c49aa1ac0d62fa7a9b149) - AI processing not yet complete.
Skipping 2026-02-22 03:25:10 (2091a2244a8f229875ad1e486c0de2a0) - AI processing not yet complete.
Auto mode complete.
[2026-04-02 03:40:49] Auto export completed successfully.
[2026-04-02 04:40:49] Starting auto export...
/Users/hiroshi/Library/Python/3.9/lib/python/site-packages/urllib3/__init__.py:35: NotOpenSSLWarning: urllib3 v2 only supports OpenSSL 1.1.1+, currently the 'ssl' module is compiled with 'LibreSSL 2.8.3'. See: https://github.com/urllib3/urllib3/issues/3020
  warnings.warn(
Running in AUTO mode...
Found 4 new files out of 50 total.
Skipping 2026-03-03 11:40:52 (5ee14a603a0eb00dc0cd014131634a49) - AI processing not yet complete.
Skipping 2026-03-02 22:55:37 (f8e768606308a898b656297de98ecdf0) - AI processing not yet complete.
Skipping 2026-03-02 18:19:41 (e2e964c6239c49aa1ac0d62fa7a9b149) - AI processing not yet complete.
Skipping 2026-02-22 03:25:10 (2091a2244a8f229875ad1e486c0de2a0) - AI processing not yet complete.
Auto mode complete.
[2026-04-02 04:40:50] Auto export completed successfully.
[2026-04-02 05:40:50] Starting auto export...
/Users/hiroshi/Library/Python/3.9/lib/python/site-packages/urllib3/__init__.py:35: NotOpenSSLWarning: urllib3 v2 only supports OpenSSL 1.1.1+, currently the 'ssl' module is compiled with 'LibreSSL 2.8.3'. See: https://github.com/urllib3/urllib3/issues/3020
  warnings.warn(
Running in AUTO mode...
Found 4 new files out of 50 total.
Skipping 2026-03-03 11:40:52 (5ee14a603a0eb00dc0cd014131634a49) - AI processing not yet complete.
Skipping 2026-03-02 22:55:37 (f8e768606308a898b656297de98ecdf0) - AI processing not yet complete.
Skipping 2026-03-02 18:19:41 (e2e964c6239c49aa1ac0d62fa7a9b149) - AI processing not yet complete.
Skipping 2026-02-22 03:25:10 (2091a2244a8f229875ad1e486c0de2a0) - AI processing not yet complete.
Auto mode complete.
[2026-04-02 05:40:51] Auto export completed successfully.
[2026-04-02 13:12:06] Starting auto export...
/Users/hiroshi/Library/Python/3.9/lib/python/site-packages/urllib3/__init__.py:35: NotOpenSSLWarning: urllib3 v2 only supports OpenSSL 1.1.1+, currently the 'ssl' module is compiled with 'LibreSSL 2.8.3'. See: https://github.com/urllib3/urllib3/issues/3020
  warnings.warn(
Running in AUTO mode...
Found 4 new files out of 50 total.
Skipping 2026-03-03 11:40:52 (5ee14a603a0eb00dc0cd014131634a49) - AI processing not yet complete.
Skipping 2026-03-02 22:55:37 (f8e768606308a898b656297de98ecdf0) - AI processing not yet complete.
Skipping 2026-03-02 18:19:41 (e2e964c6239c49aa1ac0d62fa7a9b149) - AI processing not yet complete.
Skipping 2026-02-22 03:25:10 (2091a2244a8f229875ad1e486c0de2a0) - AI processing not yet complete.
Auto mode complete.
[2026-04-02 13:12:07] Auto export completed successfully.
[2026-04-02 14:56:00] Starting auto export...
/Users/hiroshi/Library/Python/3.9/lib/python/site-packages/urllib3/__init__.py:35: NotOpenSSLWarning: urllib3 v2 only supports OpenSSL 1.1.1+, currently the 'ssl' module is compiled with 'LibreSSL 2.8.3'. See: https://github.com/urllib3/urllib3/issues/3020
  warnings.warn(
Running in AUTO mode...
Found 4 new files out of 50 total.
Skipping 2026-03-03 11:40:52 (5ee14a603a0eb00dc0cd014131634a49) - AI processing not yet complete.
Skipping 2026-03-02 22:55:37 (f8e768606308a898b656297de98ecdf0) - AI processing not yet complete.
Skipping 2026-03-02 18:19:41 (e2e964c6239c49aa1ac0d62fa7a9b149) - AI processing not yet complete.
Skipping 2026-02-22 03:25:10 (2091a2244a8f229875ad1e486c0de2a0) - AI processing not yet complete.
Auto mode complete.
[2026-04-02 14:56:01] Auto export completed successfully.
[2026-04-02 15:56:01] Starting auto export...
/Users/hiroshi/Library/Python/3.9/lib/python/site-packages/urllib3/__init__.py:35: NotOpenSSLWarning: urllib3 v2 only supports OpenSSL 1.1.1+, currently the 'ssl' module is compiled with 'LibreSSL 2.8.3'. See: https://github.com/urllib3/urllib3/issues/3020
  warnings.warn(
Running in AUTO mode...
Found 4 new files out of 50 total.
Skipping 2026-03-03 11:40:52 (5ee14a603a0eb00dc0cd014131634a49) - AI processing not yet complete.
Skipping 2026-03-02 22:55:37 (f8e768606308a898b656297de98ecdf0) - AI processing not yet complete.
Skipping 2026-03-02 18:19:41 (e2e964c6239c49aa1ac0d62fa7a9b149) - AI processing not yet complete.
Skipping 2026-02-22 03:25:10 (2091a2244a8f229875ad1e486c0de2a0) - AI processing not yet complete.
Auto mode complete.
[2026-04-02 15:56:01] Auto export completed successfully.
[2026-04-02 16:56:01] Starting auto export...
/Users/hiroshi/Library/Python/3.9/lib/python/site-packages/urllib3/__init__.py:35: NotOpenSSLWarning: urllib3 v2 only supports OpenSSL 1.1.1+, currently the 'ssl' module is compiled with 'LibreSSL 2.8.3'. See: https://github.com/urllib3/urllib3/issues/3020
  warnings.warn(
Running in AUTO mode...
Found 4 new files out of 50 total.
Skipping 2026-03-03 11:40:52 (5ee14a603a0eb00dc0cd014131634a49) - AI processing not yet complete.
Skipping 2026-03-02 22:55:37 (f8e768606308a898b656297de98ecdf0) - AI processing not yet complete.
Skipping 2026-03-02 18:19:41 (e2e964c6239c49aa1ac0d62fa7a9b149) - AI processing not yet complete.
Skipping 2026-02-22 03:25:10 (2091a2244a8f229875ad1e486c0de2a0) - AI processing not yet complete.
Auto mode complete.
[2026-04-02 16:56:02] Auto export completed successfully.
[2026-04-02 17:56:02] Starting auto export...
/Users/hiroshi/Library/Python/3.9/lib/python/site-packages/urllib3/__init__.py:35: NotOpenSSLWarning: urllib3 v2 only supports OpenSSL 1.1.1+, currently the 'ssl' module is compiled with 'LibreSSL 2.8.3'. See: https://github.com/urllib3/urllib3/issues/3020
  warnings.warn(
Running in AUTO mode...
Found 4 new files out of 50 total.
Skipping 2026-03-03 11:40:52 (5ee14a603a0eb00dc0cd014131634a49) - AI processing not yet complete.
Skipping 2026-03-02 22:55:37 (f8e768606308a898b656297de98ecdf0) - AI processing not yet complete.
Skipping 2026-03-02 18:19:41 (e2e964c6239c49aa1ac0d62fa7a9b149) - AI processing not yet complete.
Skipping 2026-02-22 03:25:10 (2091a2244a8f229875ad1e486c0de2a0) - AI processing not yet complete.
Auto mode complete.
[2026-04-02 17:56:03] Auto export completed successfully.
[2026-04-02 18:56:03] Starting auto export...
/Users/hiroshi/Library/Python/3.9/lib/python/site-packages/urllib3/__init__.py:35: NotOpenSSLWarning: urllib3 v2 only supports OpenSSL 1.1.1+, currently the 'ssl' module is compiled with 'LibreSSL 2.8.3'. See: https://github.com/urllib3/urllib3/issues/3020
  warnings.warn(
Running in AUTO mode...
Found 4 new files out of 50 total.
Skipping 2026-03-03 11:40:52 (5ee14a603a0eb00dc0cd014131634a49) - AI processing not yet complete.
Skipping 2026-03-02 22:55:37 (f8e768606308a898b656297de98ecdf0) - AI processing not yet complete.
Skipping 2026-03-02 18:19:41 (e2e964c6239c49aa1ac0d62fa7a9b149) - AI processing not yet complete.
Skipping 2026-02-22 03:25:10 (2091a2244a8f229875ad1e486c0de2a0) - AI processing not yet complete.
Auto mode complete.
[2026-04-02 18:56:04] Auto export completed successfully.
[2026-04-02 19:56:04] Starting auto export...
/Users/hiroshi/Library/Python/3.9/lib/python/site-packages/urllib3/__init__.py:35: NotOpenSSLWarning: urllib3 v2 only supports OpenSSL 1.1.1+, currently the 'ssl' module is compiled with 'LibreSSL 2.8.3'. See: https://github.com/urllib3/urllib3/issues/3020
  warnings.warn(
Running in AUTO mode...
Found 4 new files out of 50 total.
Skipping 2026-03-03 11:40:52 (5ee14a603a0eb00dc0cd014131634a49) - AI processing not yet complete.
Skipping 2026-03-02 22:55:37 (f8e768606308a898b656297de98ecdf0) - AI processing not yet complete.
Skipping 2026-03-02 18:19:41 (e2e964c6239c49aa1ac0d62fa7a9b149) - AI processing not yet complete.
Skipping 2026-02-22 03:25:10 (2091a2244a8f229875ad1e486c0de2a0) - AI processing not yet complete.
Auto mode complete.
[2026-04-02 19:56:04] Auto export completed successfully.
[2026-04-02 20:56:05] Starting auto export...
/Users/hiroshi/Library/Python/3.9/lib/python/site-packages/urllib3/__init__.py:35: NotOpenSSLWarning: urllib3 v2 only supports OpenSSL 1.1.1+, currently the 'ssl' module is compiled with 'LibreSSL 2.8.3'. See: https://github.com/urllib3/urllib3/issues/3020
  warnings.warn(
Running in AUTO mode...
Found 4 new files out of 50 total.
Skipping 2026-03-03 11:40:52 (5ee14a603a0eb00dc0cd014131634a49) - AI processing not yet complete.
Skipping 2026-03-02 22:55:37 (f8e768606308a898b656297de98ecdf0) - AI processing not yet complete.
Skipping 2026-03-02 18:19:41 (e2e964c6239c49aa1ac0d62fa7a9b149) - AI processing not yet complete.
Skipping 2026-02-22 03:25:10 (2091a2244a8f229875ad1e486c0de2a0) - AI processing not yet complete.
Auto mode complete.
[2026-04-02 20:56:05] Auto export completed successfully.
[2026-04-02 21:56:05] Starting auto export...
/Users/hiroshi/Library/Python/3.9/lib/python/site-packages/urllib3/__init__.py:35: NotOpenSSLWarning: urllib3 v2 only supports OpenSSL 1.1.1+, currently the 'ssl' module is compiled with 'LibreSSL 2.8.3'. See: https://github.com/urllib3/urllib3/issues/3020
  warnings.warn(
Running in AUTO mode...
Found 4 new files out of 50 total.
Skipping 2026-03-03 11:40:52 (5ee14a603a0eb00dc0cd014131634a49) - AI processing not yet complete.
Skipping 2026-03-02 22:55:37 (f8e768606308a898b656297de98ecdf0) - AI processing not yet complete.
Skipping 2026-03-02 18:19:41 (e2e964c6239c49aa1ac0d62fa7a9b149) - AI processing not yet complete.
Skipping 2026-02-22 03:25:10 (2091a2244a8f229875ad1e486c0de2a0) - AI processing not yet complete.
Auto mode complete.
[2026-04-02 21:56:06] Auto export completed successfully.
[2026-04-03 00:50:37] Starting auto export...
/Users/hiroshi/Library/Python/3.9/lib/python/site-packages/urllib3/__init__.py:35: NotOpenSSLWarning: urllib3 v2 only supports OpenSSL 1.1.1+, currently the 'ssl' module is compiled with 'LibreSSL 2.8.3'. See: https://github.com/urllib3/urllib3/issues/3020
  warnings.warn(
Running in AUTO mode...
Found 4 new files out of 50 total.
Skipping 2026-03-03 11:40:52 (5ee14a603a0eb00dc0cd014131634a49) - AI processing not yet complete.
Skipping 2026-03-02 22:55:37 (f8e768606308a898b656297de98ecdf0) - AI processing not yet complete.
Skipping 2026-03-02 18:19:41 (e2e964c6239c49aa1ac0d62fa7a9b149) - AI processing not yet complete.
Skipping 2026-02-22 03:25:10 (2091a2244a8f229875ad1e486c0de2a0) - AI processing not yet complete.
Auto mode complete.
[2026-04-03 00:50:38] Auto export completed successfully.
[2026-04-03 01:50:38] Starting auto export...
/Users/hiroshi/Library/Python/3.9/lib/python/site-packages/urllib3/__init__.py:35: NotOpenSSLWarning: urllib3 v2 only supports OpenSSL 1.1.1+, currently the 'ssl' module is compiled with 'LibreSSL 2.8.3'. See: https://github.com/urllib3/urllib3/issues/3020
  warnings.warn(
Running in AUTO mode...
Found 4 new files out of 50 total.
Skipping 2026-03-03 11:40:52 (5ee14a603a0eb00dc0cd014131634a49) - AI processing not yet complete.
Skipping 2026-03-02 22:55:37 (f8e768606308a898b656297de98ecdf0) - AI processing not yet complete.
Skipping 2026-03-02 18:19:41 (e2e964c6239c49aa1ac0d62fa7a9b149) - AI processing not yet complete.
Skipping 2026-02-22 03:25:10 (2091a2244a8f229875ad1e486c0de2a0) - AI processing not yet complete.
Auto mode complete.
[2026-04-03 01:50:39] Auto export completed successfully.
[2026-04-03 02:50:39] Starting auto export...
/Users/hiroshi/Library/Python/3.9/lib/python/site-packages/urllib3/__init__.py:35: NotOpenSSLWarning: urllib3 v2 only supports OpenSSL 1.1.1+, currently the 'ssl' module is compiled with 'LibreSSL 2.8.3'. See: https://github.com/urllib3/urllib3/issues/3020
  warnings.warn(
Running in AUTO mode...
Found 4 new files out of 50 total.
Skipping 2026-03-03 11:40:52 (5ee14a603a0eb00dc0cd014131634a49) - AI processing not yet complete.
Skipping 2026-03-02 22:55:37 (f8e768606308a898b656297de98ecdf0) - AI processing not yet complete.
Skipping 2026-03-02 18:19:41 (e2e964c6239c49aa1ac0d62fa7a9b149) - AI processing not yet complete.
Skipping 2026-02-22 03:25:10 (2091a2244a8f229875ad1e486c0de2a0) - AI processing not yet complete.
Auto mode complete.
[2026-04-03 02:50:40] Auto export completed successfully.
[2026-04-03 03:50:40] Starting auto export...
/Users/hiroshi/Library/Python/3.9/lib/python/site-packages/urllib3/__init__.py:35: NotOpenSSLWarning: urllib3 v2 only supports OpenSSL 1.1.1+, currently the 'ssl' module is compiled with 'LibreSSL 2.8.3'. See: https://github.com/urllib3/urllib3/issues/3020
  warnings.warn(
Running in AUTO mode...
Found 4 new files out of 50 total.
Skipping 2026-03-03 11:40:52 (5ee14a603a0eb00dc0cd014131634a49) - AI processing not yet complete.
Skipping 2026-03-02 22:55:37 (f8e768606308a898b656297de98ecdf0) - AI processing not yet complete.
Skipping 2026-03-02 18:19:41 (e2e964c6239c49aa1ac0d62fa7a9b149) - AI processing not yet complete.
Skipping 2026-02-22 03:25:10 (2091a2244a8f229875ad1e486c0de2a0) - AI processing not yet complete.
Auto mode complete.
[2026-04-03 03:50:40] Auto export completed successfully.
[2026-04-03 04:50:40] Starting auto export...
/Users/hiroshi/Library/Python/3.9/lib/python/site-packages/urllib3/__init__.py:35: NotOpenSSLWarning: urllib3 v2 only supports OpenSSL 1.1.1+, currently the 'ssl' module is compiled with 'LibreSSL 2.8.3'. See: https://github.com/urllib3/urllib3/issues/3020
  warnings.warn(
Running in AUTO mode...
Found 4 new files out of 50 total.
Skipping 2026-03-03 11:40:52 (5ee14a603a0eb00dc0cd014131634a49) - AI processing not yet complete.
Skipping 2026-03-02 22:55:37 (f8e768606308a898b656297de98ecdf0) - AI processing not yet complete.
Skipping 2026-03-02 18:19:41 (e2e964c6239c49aa1ac0d62fa7a9b149) - AI processing not yet complete.
Skipping 2026-02-22 03:25:10 (2091a2244a8f229875ad1e486c0de2a0) - AI processing not yet complete.
Auto mode complete.
[2026-04-03 04:50:41] Auto export completed successfully.
[2026-04-03 05:50:41] Starting auto export...
/Users/hiroshi/Library/Python/3.9/lib/python/site-packages/urllib3/__init__.py:35: NotOpenSSLWarning: urllib3 v2 only supports OpenSSL 1.1.1+, currently the 'ssl' module is compiled with 'LibreSSL 2.8.3'. See: https://github.com/urllib3/urllib3/issues/3020
  warnings.warn(
Running in AUTO mode...
Found 4 new files out of 50 total.
Skipping 2026-03-03 11:40:52 (5ee14a603a0eb00dc0cd014131634a49) - AI processing not yet complete.
Skipping 2026-03-02 22:55:37 (f8e768606308a898b656297de98ecdf0) - AI processing not yet complete.
Skipping 2026-03-02 18:19:41 (e2e964c6239c49aa1ac0d62fa7a9b149) - AI processing not yet complete.
Skipping 2026-02-22 03:25:10 (2091a2244a8f229875ad1e486c0de2a0) - AI processing not yet complete.
Auto mode complete.
[2026-04-03 05:50:43] Auto export completed successfully.
[2026-04-03 06:50:43] Starting auto export...
/Users/hiroshi/Library/Python/3.9/lib/python/site-packages/urllib3/__init__.py:35: NotOpenSSLWarning: urllib3 v2 only supports OpenSSL 1.1.1+, currently the 'ssl' module is compiled with 'LibreSSL 2.8.3'. See: https://github.com/urllib3/urllib3/issues/3020
  warnings.warn(
Running in AUTO mode...
Found 4 new files out of 50 total.
Skipping 2026-03-03 11:40:52 (5ee14a603a0eb00dc0cd014131634a49) - AI processing not yet complete.
Skipping 2026-03-02 22:55:37 (f8e768606308a898b656297de98ecdf0) - AI processing not yet complete.
Skipping 2026-03-02 18:19:41 (e2e964c6239c49aa1ac0d62fa7a9b149) - AI processing not yet complete.
Skipping 2026-02-22 03:25:10 (2091a2244a8f229875ad1e486c0de2a0) - AI processing not yet complete.
Auto mode complete.
[2026-04-03 06:50:44] Auto export completed successfully.
[2026-04-03 07:50:44] Starting auto export...
/Users/hiroshi/Library/Python/3.9/lib/python/site-packages/urllib3/__init__.py:35: NotOpenSSLWarning: urllib3 v2 only supports OpenSSL 1.1.1+, currently the 'ssl' module is compiled with 'LibreSSL 2.8.3'. See: https://github.com/urllib3/urllib3/issues/3020
  warnings.warn(
Running in AUTO mode...
Found 4 new files out of 50 total.
Skipping 2026-03-03 11:40:52 (5ee14a603a0eb00dc0cd014131634a49) - AI processing not yet complete.
Skipping 2026-03-02 22:55:37 (f8e768606308a898b656297de98ecdf0) - AI processing not yet complete.
Skipping 2026-03-02 18:19:41 (e2e964c6239c49aa1ac0d62fa7a9b149) - AI processing not yet complete.
Skipping 2026-02-22 03:25:10 (2091a2244a8f229875ad1e486c0de2a0) - AI processing not yet complete.
Auto mode complete.
[2026-04-03 07:50:45] Auto export completed successfully.
[2026-04-03 08:50:45] Starting auto export...
/Users/hiroshi/Library/Python/3.9/lib/python/site-packages/urllib3/__init__.py:35: NotOpenSSLWarning: urllib3 v2 only supports OpenSSL 1.1.1+, currently the 'ssl' module is compiled with 'LibreSSL 2.8.3'. See: https://github.com/urllib3/urllib3/issues/3020
  warnings.warn(
Running in AUTO mode...
Found 4 new files out of 50 total.
Skipping 2026-03-03 11:40:52 (5ee14a603a0eb00dc0cd014131634a49) - AI processing not yet complete.
Skipping 2026-03-02 22:55:37 (f8e768606308a898b656297de98ecdf0) - AI processing not yet complete.
Skipping 2026-03-02 18:19:41 (e2e964c6239c49aa1ac0d62fa7a9b149) - AI processing not yet complete.
Skipping 2026-02-22 03:25:10 (2091a2244a8f229875ad1e486c0de2a0) - AI processing not yet complete.
Auto mode complete.
[2026-04-03 08:50:45] Auto export completed successfully.
[2026-04-03 09:50:45] Starting auto export...
/Users/hiroshi/Library/Python/3.9/lib/python/site-packages/urllib3/__init__.py:35: NotOpenSSLWarning: urllib3 v2 only supports OpenSSL 1.1.1+, currently the 'ssl' module is compiled with 'LibreSSL 2.8.3'. See: https://github.com/urllib3/urllib3/issues/3020
  warnings.warn(
Running in AUTO mode...
Found 4 new files out of 50 total.
Skipping 2026-03-03 11:40:52 (5ee14a603a0eb00dc0cd014131634a49) - AI processing not yet complete.
Skipping 2026-03-02 22:55:37 (f8e768606308a898b656297de98ecdf0) - AI processing not yet complete.
Skipping 2026-03-02 18:19:41 (e2e964c6239c49aa1ac0d62fa7a9b149) - AI processing not yet complete.
Skipping 2026-02-22 03:25:10 (2091a2244a8f229875ad1e486c0de2a0) - AI processing not yet complete.
Auto mode complete.
[2026-04-03 09:50:46] Auto export completed successfully.
[2026-04-03 10:50:46] Starting auto export...
/Users/hiroshi/Library/Python/3.9/lib/python/site-packages/urllib3/__init__.py:35: NotOpenSSLWarning: urllib3 v2 only supports OpenSSL 1.1.1+, currently the 'ssl' module is compiled with 'LibreSSL 2.8.3'. See: https://github.com/urllib3/urllib3/issues/3020
  warnings.warn(
Running in AUTO mode...
Found 4 new files out of 50 total.
Skipping 2026-03-03 11:40:52 (5ee14a603a0eb00dc0cd014131634a49) - AI processing not yet complete.
Skipping 2026-03-02 22:55:37 (f8e768606308a898b656297de98ecdf0) - AI processing not yet complete.
Skipping 2026-03-02 18:19:41 (e2e964c6239c49aa1ac0d62fa7a9b149) - AI processing not yet complete.
Skipping 2026-02-22 03:25:10 (2091a2244a8f229875ad1e486c0de2a0) - AI processing not yet complete.
Auto mode complete.
[2026-04-03 10:50:47] Auto export completed successfully.
[2026-04-03 11:50:47] Starting auto export...
/Users/hiroshi/Library/Python/3.9/lib/python/site-packages/urllib3/__init__.py:35: NotOpenSSLWarning: urllib3 v2 only supports OpenSSL 1.1.1+, currently the 'ssl' module is compiled with 'LibreSSL 2.8.3'. See: https://github.com/urllib3/urllib3/issues/3020
  warnings.warn(
Running in AUTO mode...
Found 4 new files out of 50 total.
Skipping 2026-03-03 11:40:52 (5ee14a603a0eb00dc0cd014131634a49) - AI processing not yet complete.
Skipping 2026-03-02 22:55:37 (f8e768606308a898b656297de98ecdf0) - AI processing not yet complete.
Skipping 2026-03-02 18:19:41 (e2e964c6239c49aa1ac0d62fa7a9b149) - AI processing not yet complete.
Skipping 2026-02-22 03:25:10 (2091a2244a8f229875ad1e486c0de2a0) - AI processing not yet complete.
Auto mode complete.
[2026-04-03 11:50:48] Auto export completed successfully.
[2026-04-03 12:50:48] Starting auto export...
/Users/hiroshi/Library/Python/3.9/lib/python/site-packages/urllib3/__init__.py:35: NotOpenSSLWarning: urllib3 v2 only supports OpenSSL 1.1.1+, currently the 'ssl' module is compiled with 'LibreSSL 2.8.3'. See: https://github.com/urllib3/urllib3/issues/3020
  warnings.warn(
Running in AUTO mode...
Found 4 new files out of 50 total.
Skipping 2026-03-03 11:40:52 (5ee14a603a0eb00dc0cd014131634a49) - AI processing not yet complete.
Skipping 2026-03-02 22:55:37 (f8e768606308a898b656297de98ecdf0) - AI processing not yet complete.
Skipping 2026-03-02 18:19:41 (e2e964c6239c49aa1ac0d62fa7a9b149) - AI processing not yet complete.
Skipping 2026-02-22 03:25:10 (2091a2244a8f229875ad1e486c0de2a0) - AI processing not yet complete.
Auto mode complete.
[2026-04-03 12:50:49] Auto export completed successfully.
[2026-04-03 13:50:49] Starting auto export...
/Users/hiroshi/Library/Python/3.9/lib/python/site-packages/urllib3/__init__.py:35: NotOpenSSLWarning: urllib3 v2 only supports OpenSSL 1.1.1+, currently the 'ssl' module is compiled with 'LibreSSL 2.8.3'. See: https://github.com/urllib3/urllib3/issues/3020
  warnings.warn(
Running in AUTO mode...
Found 4 new files out of 50 total.
Skipping 2026-03-03 11:40:52 (5ee14a603a0eb00dc0cd014131634a49) - AI processing not yet complete.
Skipping 2026-03-02 22:55:37 (f8e768606308a898b656297de98ecdf0) - AI processing not yet complete.
Skipping 2026-03-02 18:19:41 (e2e964c6239c49aa1ac0d62fa7a9b149) - AI processing not yet complete.
Skipping 2026-02-22 03:25:10 (2091a2244a8f229875ad1e486c0de2a0) - AI processing not yet complete.
Auto mode complete.
[2026-04-03 13:50:50] Auto export completed successfully.
[2026-04-03 14:50:50] Starting auto export...
/Users/hiroshi/Library/Python/3.9/lib/python/site-packages/urllib3/__init__.py:35: NotOpenSSLWarning: urllib3 v2 only supports OpenSSL 1.1.1+, currently the 'ssl' module is compiled with 'LibreSSL 2.8.3'. See: https://github.com/urllib3/urllib3/issues/3020
  warnings.warn(
Running in AUTO mode...
Found 4 new files out of 50 total.
Skipping 2026-03-03 11:40:52 (5ee14a603a0eb00dc0cd014131634a49) - AI processing not yet complete.
Skipping 2026-03-02 22:55:37 (f8e768606308a898b656297de98ecdf0) - AI processing not yet complete.
Skipping 2026-03-02 18:19:41 (e2e964c6239c49aa1ac0d62fa7a9b149) - AI processing not yet complete.
Skipping 2026-02-22 03:25:10 (2091a2244a8f229875ad1e486c0de2a0) - AI processing not yet complete.
Auto mode complete.
[2026-04-03 14:50:50] Auto export completed successfully.
[2026-04-03 15:50:51] Starting auto export...
/Users/hiroshi/Library/Python/3.9/lib/python/site-packages/urllib3/__init__.py:35: NotOpenSSLWarning: urllib3 v2 only supports OpenSSL 1.1.1+, currently the 'ssl' module is compiled with 'LibreSSL 2.8.3'. See: https://github.com/urllib3/urllib3/issues/3020
  warnings.warn(
Running in AUTO mode...
Found 4 new files out of 50 total.
Skipping 2026-03-03 11:40:52 (5ee14a603a0eb00dc0cd014131634a49) - AI processing not yet complete.
Skipping 2026-03-02 22:55:37 (f8e768606308a898b656297de98ecdf0) - AI processing not yet complete.
Skipping 2026-03-02 18:19:41 (e2e964c6239c49aa1ac0d62fa7a9b149) - AI processing not yet complete.
Skipping 2026-02-22 03:25:10 (2091a2244a8f229875ad1e486c0de2a0) - AI processing not yet complete.
Auto mode complete.
[2026-04-03 15:50:51] Auto export completed successfully.
[2026-04-03 16:50:51] Starting auto export...
/Users/hiroshi/Library/Python/3.9/lib/python/site-packages/urllib3/__init__.py:35: NotOpenSSLWarning: urllib3 v2 only supports OpenSSL 1.1.1+, currently the 'ssl' module is compiled with 'LibreSSL 2.8.3'. See: https://github.com/urllib3/urllib3/issues/3020
  warnings.warn(
Running in AUTO mode...
Found 4 new files out of 50 total.
Skipping 2026-03-03 11:40:52 (5ee14a603a0eb00dc0cd014131634a49) - AI processing not yet complete.
Skipping 2026-03-02 22:55:37 (f8e768606308a898b656297de98ecdf0) - AI processing not yet complete.
Skipping 2026-03-02 18:19:41 (e2e964c6239c49aa1ac0d62fa7a9b149) - AI processing not yet complete.
Skipping 2026-02-22 03:25:10 (2091a2244a8f229875ad1e486c0de2a0) - AI processing not yet complete.
Auto mode complete.
[2026-04-03 16:50:52] Auto export completed successfully.
[2026-04-03 17:50:52] Starting auto export...
/Users/hiroshi/Library/Python/3.9/lib/python/site-packages/urllib3/__init__.py:35: NotOpenSSLWarning: urllib3 v2 only supports OpenSSL 1.1.1+, currently the 'ssl' module is compiled with 'LibreSSL 2.8.3'. See: https://github.com/urllib3/urllib3/issues/3020
  warnings.warn(
Running in AUTO mode...
Found 4 new files out of 50 total.
Skipping 2026-03-03 11:40:52 (5ee14a603a0eb00dc0cd014131634a49) - AI processing not yet complete.
Skipping 2026-03-02 22:55:37 (f8e768606308a898b656297de98ecdf0) - AI processing not yet complete.
Skipping 2026-03-02 18:19:41 (e2e964c6239c49aa1ac0d62fa7a9b149) - AI processing not yet complete.
Skipping 2026-02-22 03:25:10 (2091a2244a8f229875ad1e486c0de2a0) - AI processing not yet complete.
Auto mode complete.
[2026-04-03 17:50:53] Auto export completed successfully.
[2026-04-03 18:50:53] Starting auto export...
/Users/hiroshi/Library/Python/3.9/lib/python/site-packages/urllib3/__init__.py:35: NotOpenSSLWarning: urllib3 v2 only supports OpenSSL 1.1.1+, currently the 'ssl' module is compiled with 'LibreSSL 2.8.3'. See: https://github.com/urllib3/urllib3/issues/3020
  warnings.warn(
Running in AUTO mode...
Found 4 new files out of 50 total.
Skipping 2026-03-03 11:40:52 (5ee14a603a0eb00dc0cd014131634a49) - AI processing not yet complete.
Skipping 2026-03-02 22:55:37 (f8e768606308a898b656297de98ecdf0) - AI processing not yet complete.
Skipping 2026-03-02 18:19:41 (e2e964c6239c49aa1ac0d62fa7a9b149) - AI processing not yet complete.
Skipping 2026-02-22 03:25:10 (2091a2244a8f229875ad1e486c0de2a0) - AI processing not yet complete.
Auto mode complete.
[2026-04-03 18:50:54] Auto export completed successfully.
[2026-04-03 19:50:54] Starting auto export...
/Users/hiroshi/Library/Python/3.9/lib/python/site-packages/urllib3/__init__.py:35: NotOpenSSLWarning: urllib3 v2 only supports OpenSSL 1.1.1+, currently the 'ssl' module is compiled with 'LibreSSL 2.8.3'. See: https://github.com/urllib3/urllib3/issues/3020
  warnings.warn(
Running in AUTO mode...
Found 4 new files out of 50 total.
Skipping 2026-03-03 11:40:52 (5ee14a603a0eb00dc0cd014131634a49) - AI processing not yet complete.
Skipping 2026-03-02 22:55:37 (f8e768606308a898b656297de98ecdf0) - AI processing not yet complete.
Skipping 2026-03-02 18:19:41 (e2e964c6239c49aa1ac0d62fa7a9b149) - AI processing not yet complete.
Skipping 2026-02-22 03:25:10 (2091a2244a8f229875ad1e486c0de2a0) - AI processing not yet complete.
Auto mode complete.
[2026-04-03 19:50:55] Auto export completed successfully.
[2026-04-03 20:50:55] Starting auto export...
/Users/hiroshi/Library/Python/3.9/lib/python/site-packages/urllib3/__init__.py:35: NotOpenSSLWarning: urllib3 v2 only supports OpenSSL 1.1.1+, currently the 'ssl' module is compiled with 'LibreSSL 2.8.3'. See: https://github.com/urllib3/urllib3/issues/3020
  warnings.warn(
Running in AUTO mode...
Found 4 new files out of 50 total.
Skipping 2026-03-03 11:40:52 (5ee14a603a0eb00dc0cd014131634a49) - AI processing not yet complete.
Skipping 2026-03-02 22:55:37 (f8e768606308a898b656297de98ecdf0) - AI processing not yet complete.
Skipping 2026-03-02 18:19:41 (e2e964c6239c49aa1ac0d62fa7a9b149) - AI processing not yet complete.
Skipping 2026-02-22 03:25:10 (2091a2244a8f229875ad1e486c0de2a0) - AI processing not yet complete.
Auto mode complete.
[2026-04-03 20:50:55] Auto export completed successfully.
[2026-04-03 21:50:56] Starting auto export...
/Users/hiroshi/Library/Python/3.9/lib/python/site-packages/urllib3/__init__.py:35: NotOpenSSLWarning: urllib3 v2 only supports OpenSSL 1.1.1+, currently the 'ssl' module is compiled with 'LibreSSL 2.8.3'. See: https://github.com/urllib3/urllib3/issues/3020
  warnings.warn(
Running in AUTO mode...
Found 4 new files out of 50 total.
Skipping 2026-03-03 11:40:52 (5ee14a603a0eb00dc0cd014131634a49) - AI processing not yet complete.
Skipping 2026-03-02 22:55:37 (f8e768606308a898b656297de98ecdf0) - AI processing not yet complete.
Skipping 2026-03-02 18:19:41 (e2e964c6239c49aa1ac0d62fa7a9b149) - AI processing not yet complete.
Skipping 2026-02-22 03:25:10 (2091a2244a8f229875ad1e486c0de2a0) - AI processing not yet complete.
Auto mode complete.
[2026-04-03 21:50:56] Auto export completed successfully.
[2026-04-03 22:50:56] Starting auto export...
/Users/hiroshi/Library/Python/3.9/lib/python/site-packages/urllib3/__init__.py:35: NotOpenSSLWarning: urllib3 v2 only supports OpenSSL 1.1.1+, currently the 'ssl' module is compiled with 'LibreSSL 2.8.3'. See: https://github.com/urllib3/urllib3/issues/3020
  warnings.warn(
Running in AUTO mode...
Found 4 new files out of 50 total.
Skipping 2026-03-03 11:40:52 (5ee14a603a0eb00dc0cd014131634a49) - AI processing not yet complete.
Skipping 2026-03-02 22:55:37 (f8e768606308a898b656297de98ecdf0) - AI processing not yet complete.
Skipping 2026-03-02 18:19:41 (e2e964c6239c49aa1ac0d62fa7a9b149) - AI processing not yet complete.
Skipping 2026-02-22 03:25:10 (2091a2244a8f229875ad1e486c0de2a0) - AI processing not yet complete.
Auto mode complete.
[2026-04-03 22:50:57] Auto export completed successfully.
[2026-04-03 23:50:57] Starting auto export...
/Users/hiroshi/Library/Python/3.9/lib/python/site-packages/urllib3/__init__.py:35: NotOpenSSLWarning: urllib3 v2 only supports OpenSSL 1.1.1+, currently the 'ssl' module is compiled with 'LibreSSL 2.8.3'. See: https://github.com/urllib3/urllib3/issues/3020
  warnings.warn(
Running in AUTO mode...
Found 4 new files out of 50 total.
Skipping 2026-03-03 11:40:52 (5ee14a603a0eb00dc0cd014131634a49) - AI processing not yet complete.
Skipping 2026-03-02 22:55:37 (f8e768606308a898b656297de98ecdf0) - AI processing not yet complete.
Skipping 2026-03-02 18:19:41 (e2e964c6239c49aa1ac0d62fa7a9b149) - AI processing not yet complete.
Skipping 2026-02-22 03:25:10 (2091a2244a8f229875ad1e486c0de2a0) - AI processing not yet complete.
Auto mode complete.
[2026-04-03 23:50:58] Auto export completed successfully.
[2026-04-04 06:50:04] Starting auto export...
/Users/hiroshi/Library/Python/3.9/lib/python/site-packages/urllib3/__init__.py:35: NotOpenSSLWarning: urllib3 v2 only supports OpenSSL 1.1.1+, currently the 'ssl' module is compiled with 'LibreSSL 2.8.3'. See: https://github.com/urllib3/urllib3/issues/3020
  warnings.warn(
Running in AUTO mode...
Found 4 new files out of 50 total.
Skipping 2026-03-03 11:40:52 (5ee14a603a0eb00dc0cd014131634a49) - AI processing not yet complete.
Skipping 2026-03-02 22:55:37 (f8e768606308a898b656297de98ecdf0) - AI processing not yet complete.
Skipping 2026-03-02 18:19:41 (e2e964c6239c49aa1ac0d62fa7a9b149) - AI processing not yet complete.
Skipping 2026-02-22 03:25:10 (2091a2244a8f229875ad1e486c0de2a0) - AI processing not yet complete.
Auto mode complete.
[2026-04-04 06:50:05] Auto export completed successfully.
[2026-04-04 10:55:53] Starting auto export...
/Users/hiroshi/Library/Python/3.9/lib/python/site-packages/urllib3/__init__.py:35: NotOpenSSLWarning: urllib3 v2 only supports OpenSSL 1.1.1+, currently the 'ssl' module is compiled with 'LibreSSL 2.8.3'. See: https://github.com/urllib3/urllib3/issues/3020
  warnings.warn(
Running in AUTO mode...
Found 4 new files out of 50 total.
Skipping 2026-03-03 11:40:52 (5ee14a603a0eb00dc0cd014131634a49) - AI processing not yet complete.
Skipping 2026-03-02 22:55:37 (f8e768606308a898b656297de98ecdf0) - AI processing not yet complete.
Skipping 2026-03-02 18:19:41 (e2e964c6239c49aa1ac0d62fa7a9b149) - AI processing not yet complete.
Skipping 2026-02-22 03:25:10 (2091a2244a8f229875ad1e486c0de2a0) - AI processing not yet complete.
Auto mode complete.
[2026-04-04 10:55:54] Auto export completed successfully.
[2026-04-04 11:55:54] Starting auto export...
/Users/hiroshi/Library/Python/3.9/lib/python/site-packages/urllib3/__init__.py:35: NotOpenSSLWarning: urllib3 v2 only supports OpenSSL 1.1.1+, currently the 'ssl' module is compiled with 'LibreSSL 2.8.3'. See: https://github.com/urllib3/urllib3/issues/3020
  warnings.warn(
Running in AUTO mode...
Found 4 new files out of 50 total.
Skipping 2026-03-03 11:40:52 (5ee14a603a0eb00dc0cd014131634a49) - AI processing not yet complete.
Skipping 2026-03-02 22:55:37 (f8e768606308a898b656297de98ecdf0) - AI processing not yet complete.
Skipping 2026-03-02 18:19:41 (e2e964c6239c49aa1ac0d62fa7a9b149) - AI processing not yet complete.
Skipping 2026-02-22 03:25:10 (2091a2244a8f229875ad1e486c0de2a0) - AI processing not yet complete.
Auto mode complete.
[2026-04-04 11:55:55] Auto export completed successfully.
[2026-04-04 12:55:55] Starting auto export...
/Users/hiroshi/Library/Python/3.9/lib/python/site-packages/urllib3/__init__.py:35: NotOpenSSLWarning: urllib3 v2 only supports OpenSSL 1.1.1+, currently the 'ssl' module is compiled with 'LibreSSL 2.8.3'. See: https://github.com/urllib3/urllib3/issues/3020
  warnings.warn(
Running in AUTO mode...
Found 4 new files out of 50 total.
Skipping 2026-03-03 11:40:52 (5ee14a603a0eb00dc0cd014131634a49) - AI processing not yet complete.
Skipping 2026-03-02 22:55:37 (f8e768606308a898b656297de98ecdf0) - AI processing not yet complete.
Skipping 2026-03-02 18:19:41 (e2e964c6239c49aa1ac0d62fa7a9b149) - AI processing not yet complete.
Skipping 2026-02-22 03:25:10 (2091a2244a8f229875ad1e486c0de2a0) - AI processing not yet complete.
Auto mode complete.
[2026-04-04 12:55:55] Auto export completed successfully.
[2026-04-04 13:55:56] Starting auto export...
/Users/hiroshi/Library/Python/3.9/lib/python/site-packages/urllib3/__init__.py:35: NotOpenSSLWarning: urllib3 v2 only supports OpenSSL 1.1.1+, currently the 'ssl' module is compiled with 'LibreSSL 2.8.3'. See: https://github.com/urllib3/urllib3/issues/3020
  warnings.warn(
Running in AUTO mode...
Found 4 new files out of 50 total.
Skipping 2026-03-03 11:40:52 (5ee14a603a0eb00dc0cd014131634a49) - AI processing not yet complete.
Skipping 2026-03-02 22:55:37 (f8e768606308a898b656297de98ecdf0) - AI processing not yet complete.
Skipping 2026-03-02 18:19:41 (e2e964c6239c49aa1ac0d62fa7a9b149) - AI processing not yet complete.
Skipping 2026-02-22 03:25:10 (2091a2244a8f229875ad1e486c0de2a0) - AI processing not yet complete.
Auto mode complete.
[2026-04-04 13:55:56] Auto export completed successfully.
[2026-04-04 17:16:25] Starting auto export...
/Users/hiroshi/Library/Python/3.9/lib/python/site-packages/urllib3/__init__.py:35: NotOpenSSLWarning: urllib3 v2 only supports OpenSSL 1.1.1+, currently the 'ssl' module is compiled with 'LibreSSL 2.8.3'. See: https://github.com/urllib3/urllib3/issues/3020
  warnings.warn(
Running in AUTO mode...
Found 4 new files out of 50 total.
Skipping 2026-03-03 11:40:52 (5ee14a603a0eb00dc0cd014131634a49) - AI processing not yet complete.
Skipping 2026-03-02 22:55:37 (f8e768606308a898b656297de98ecdf0) - AI processing not yet complete.
Skipping 2026-03-02 18:19:41 (e2e964c6239c49aa1ac0d62fa7a9b149) - AI processing not yet complete.
Skipping 2026-02-22 03:25:10 (2091a2244a8f229875ad1e486c0de2a0) - AI processing not yet complete.
Auto mode complete.
[2026-04-04 17:16:29] Auto export completed successfully.
[2026-04-04 18:16:29] Starting auto export...
/Users/hiroshi/Library/Python/3.9/lib/python/site-packages/urllib3/__init__.py:35: NotOpenSSLWarning: urllib3 v2 only supports OpenSSL 1.1.1+, currently the 'ssl' module is compiled with 'LibreSSL 2.8.3'. See: https://github.com/urllib3/urllib3/issues/3020
  warnings.warn(
Running in AUTO mode...
Found 4 new files out of 50 total.
Skipping 2026-03-03 11:40:52 (5ee14a603a0eb00dc0cd014131634a49) - AI processing not yet complete.
Skipping 2026-03-02 22:55:37 (f8e768606308a898b656297de98ecdf0) - AI processing not yet complete.
Skipping 2026-03-02 18:19:41 (e2e964c6239c49aa1ac0d62fa7a9b149) - AI processing not yet complete.
Skipping 2026-02-22 03:25:10 (2091a2244a8f229875ad1e486c0de2a0) - AI processing not yet complete.
Auto mode complete.
[2026-04-04 18:16:30] Auto export completed successfully.
[2026-04-05 00:37:21] Starting auto export...
/Users/hiroshi/Library/Python/3.9/lib/python/site-packages/urllib3/__init__.py:35: NotOpenSSLWarning: urllib3 v2 only supports OpenSSL 1.1.1+, currently the 'ssl' module is compiled with 'LibreSSL 2.8.3'. See: https://github.com/urllib3/urllib3/issues/3020
  warnings.warn(
Running in AUTO mode...
Traceback (most recent call last):
  File "/Users/hiroshi/Library/Python/3.9/lib/python/site-packages/urllib3/connection.py", line 204, in _new_conn
    sock = connection.create_connection(
  File "/Users/hiroshi/Library/Python/3.9/lib/python/site-packages/urllib3/util/connection.py", line 60, in create_connection
    for res in socket.getaddrinfo(host, port, family, socket.SOCK_STREAM):
  File "/Library/Developer/CommandLineTools/Library/Frameworks/Python3.framework/Versions/3.9/lib/python3.9/socket.py", line 953, in getaddrinfo
    for res in _socket.getaddrinfo(host, port, family, type, proto, flags):
socket.gaierror: [Errno 8] nodename nor servname provided, or not known

The above exception was the direct cause of the following exception:

Traceback (most recent call last):
  File "/Users/hiroshi/Library/Python/3.9/lib/python/site-packages/urllib3/connectionpool.py", line 787, in urlopen
    response = self._make_request(
  File "/Users/hiroshi/Library/Python/3.9/lib/python/site-packages/urllib3/connectionpool.py", line 488, in _make_request
    raise new_e
  File "/Users/hiroshi/Library/Python/3.9/lib/python/site-packages/urllib3/connectionpool.py", line 464, in _make_request
    self._validate_conn(conn)
  File "/Users/hiroshi/Library/Python/3.9/lib/python/site-packages/urllib3/connectionpool.py", line 1093, in _validate_conn
    conn.connect()
  File "/Users/hiroshi/Library/Python/3.9/lib/python/site-packages/urllib3/connection.py", line 759, in connect
    self.sock = sock = self._new_conn()
  File "/Users/hiroshi/Library/Python/3.9/lib/python/site-packages/urllib3/connection.py", line 211, in _new_conn
    raise NameResolutionError(self.host, self, e) from e
urllib3.exceptions.NameResolutionError: HTTPSConnection(host='api-apne1.plaud.ai', port=443): Failed to resolve 'api-apne1.plaud.ai' ([Errno 8] nodename nor servname provided, or not known)

The above exception was the direct cause of the following exception:

Traceback (most recent call last):
  File "/Users/hiroshi/Library/Python/3.9/lib/python/site-packages/requests/adapters.py", line 644, in send
    resp = conn.urlopen(
  File "/Users/hiroshi/Library/Python/3.9/lib/python/site-packages/urllib3/connectionpool.py", line 841, in urlopen
    retries = retries.increment(
  File "/Users/hiroshi/Library/Python/3.9/lib/python/site-packages/urllib3/util/retry.py", line 519, in increment
    raise MaxRetryError(_pool, url, reason) from reason  # type: ignore[arg-type]
urllib3.exceptions.MaxRetryError: HTTPSConnectionPool(host='api-apne1.plaud.ai', port=443): Max retries exceeded with url: /file/simple/web?skip=0&limit=50&is_trash=2&sort_by=start_time&is_desc=true (Caused by NameResolutionError("HTTPSConnection(host='api-apne1.plaud.ai', port=443): Failed to resolve 'api-apne1.plaud.ai' ([Errno 8] nodename nor servname provided, or not known)"))

During handling of the above exception, another exception occurred:

Traceback (most recent call last):
  File "/Users/hiroshi/cursor/plaud_exports/plaud_export.py", line 322, in <module>
    main()
  File "/Users/hiroshi/cursor/plaud_exports/plaud_export.py", line 255, in main
    files = list_files(args.token, args.limit)
  File "/Users/hiroshi/cursor/plaud_exports/plaud_export.py", line 173, in list_files
    response = requests.get(url, headers=headers, params=params)
  File "/Users/hiroshi/Library/Python/3.9/lib/python/site-packages/requests/api.py", line 73, in get
    return request("get", url, params=params, **kwargs)
  File "/Users/hiroshi/Library/Python/3.9/lib/python/site-packages/requests/api.py", line 59, in request
    return session.request(method=method, url=url, **kwargs)
  File "/Users/hiroshi/Library/Python/3.9/lib/python/site-packages/requests/sessions.py", line 589, in request
    resp = self.send(prep, **send_kwargs)
  File "/Users/hiroshi/Library/Python/3.9/lib/python/site-packages/requests/sessions.py", line 703, in send
    r = adapter.send(request, **kwargs)
  File "/Users/hiroshi/Library/Python/3.9/lib/python/site-packages/requests/adapters.py", line 677, in send
    raise ConnectionError(e, request=request)
requests.exceptions.ConnectionError: HTTPSConnectionPool(host='api-apne1.plaud.ai', port=443): Max retries exceeded with url: /file/simple/web?skip=0&limit=50&is_trash=2&sort_by=start_time&is_desc=true (Caused by NameResolutionError("HTTPSConnection(host='api-apne1.plaud.ai', port=443): Failed to resolve 'api-apne1.plaud.ai' ([Errno 8] nodename nor servname provided, or not known)"))
[2026-04-05 00:37:21] ERROR: Auto export failed with exit code 1
[2026-04-05 12:54:24] Starting auto export...
/Users/hiroshi/Library/Python/3.9/lib/python/site-packages/urllib3/__init__.py:35: NotOpenSSLWarning: urllib3 v2 only supports OpenSSL 1.1.1+, currently the 'ssl' module is compiled with 'LibreSSL 2.8.3'. See: https://github.com/urllib3/urllib3/issues/3020
  warnings.warn(
Running in AUTO mode...
Traceback (most recent call last):
  File "/Users/hiroshi/Library/Python/3.9/lib/python/site-packages/urllib3/connection.py", line 204, in _new_conn
    sock = connection.create_connection(
  File "/Users/hiroshi/Library/Python/3.9/lib/python/site-packages/urllib3/util/connection.py", line 60, in create_connection
    for res in socket.getaddrinfo(host, port, family, socket.SOCK_STREAM):
  File "/Library/Developer/CommandLineTools/Library/Frameworks/Python3.framework/Versions/3.9/lib/python3.9/socket.py", line 953, in getaddrinfo
    for res in _socket.getaddrinfo(host, port, family, type, proto, flags):
socket.gaierror: [Errno 8] nodename nor servname provided, or not known

The above exception was the direct cause of the following exception:

Traceback (most recent call last):
  File "/Users/hiroshi/Library/Python/3.9/lib/python/site-packages/urllib3/connectionpool.py", line 787, in urlopen
    response = self._make_request(
  File "/Users/hiroshi/Library/Python/3.9/lib/python/site-packages/urllib3/connectionpool.py", line 488, in _make_request
    raise new_e
  File "/Users/hiroshi/Library/Python/3.9/lib/python/site-packages/urllib3/connectionpool.py", line 464, in _make_request
    self._validate_conn(conn)
  File "/Users/hiroshi/Library/Python/3.9/lib/python/site-packages/urllib3/connectionpool.py", line 1093, in _validate_conn
    conn.connect()
  File "/Users/hiroshi/Library/Python/3.9/lib/python/site-packages/urllib3/connection.py", line 759, in connect
    self.sock = sock = self._new_conn()
  File "/Users/hiroshi/Library/Python/3.9/lib/python/site-packages/urllib3/connection.py", line 211, in _new_conn
    raise NameResolutionError(self.host, self, e) from e
urllib3.exceptions.NameResolutionError: HTTPSConnection(host='api-apne1.plaud.ai', port=443): Failed to resolve 'api-apne1.plaud.ai' ([Errno 8] nodename nor servname provided, or not known)

The above exception was the direct cause of the following exception:

Traceback (most recent call last):
  File "/Users/hiroshi/Library/Python/3.9/lib/python/site-packages/requests/adapters.py", line 644, in send
    resp = conn.urlopen(
  File "/Users/hiroshi/Library/Python/3.9/lib/python/site-packages/urllib3/connectionpool.py", line 841, in urlopen
    retries = retries.increment(
  File "/Users/hiroshi/Library/Python/3.9/lib/python/site-packages/urllib3/util/retry.py", line 519, in increment
    raise MaxRetryError(_pool, url, reason) from reason  # type: ignore[arg-type]
urllib3.exceptions.MaxRetryError: HTTPSConnectionPool(host='api-apne1.plaud.ai', port=443): Max retries exceeded with url: /file/simple/web?skip=0&limit=50&is_trash=2&sort_by=start_time&is_desc=true (Caused by NameResolutionError("HTTPSConnection(host='api-apne1.plaud.ai', port=443): Failed to resolve 'api-apne1.plaud.ai' ([Errno 8] nodename nor servname provided, or not known)"))

During handling of the above exception, another exception occurred:

Traceback (most recent call last):
  File "/Users/hiroshi/cursor/plaud_exports/plaud_export.py", line 322, in <module>
    main()
  File "/Users/hiroshi/cursor/plaud_exports/plaud_export.py", line 255, in main
    files = list_files(args.token, args.limit)
  File "/Users/hiroshi/cursor/plaud_exports/plaud_export.py", line 173, in list_files
    response = requests.get(url, headers=headers, params=params)
  File "/Users/hiroshi/Library/Python/3.9/lib/python/site-packages/requests/api.py", line 73, in get
    return request("get", url, params=params, **kwargs)
  File "/Users/hiroshi/Library/Python/3.9/lib/python/site-packages/requests/api.py", line 59, in request
    return session.request(method=method, url=url, **kwargs)
  File "/Users/hiroshi/Library/Python/3.9/lib/python/site-packages/requests/sessions.py", line 589, in request
    resp = self.send(prep, **send_kwargs)
  File "/Users/hiroshi/Library/Python/3.9/lib/python/site-packages/requests/sessions.py", line 703, in send
    r = adapter.send(request, **kwargs)
  File "/Users/hiroshi/Library/Python/3.9/lib/python/site-packages/requests/adapters.py", line 677, in send
    raise ConnectionError(e, request=request)
requests.exceptions.ConnectionError: HTTPSConnectionPool(host='api-apne1.plaud.ai', port=443): Max retries exceeded with url: /file/simple/web?skip=0&limit=50&is_trash=2&sort_by=start_time&is_desc=true (Caused by NameResolutionError("HTTPSConnection(host='api-apne1.plaud.ai', port=443): Failed to resolve 'api-apne1.plaud.ai' ([Errno 8] nodename nor servname provided, or not known)"))
[2026-04-05 12:54:24] ERROR: Auto export failed with exit code 1
[2026-04-05 14:03:00] Starting auto export...
/Users/hiroshi/Library/Python/3.9/lib/python/site-packages/urllib3/__init__.py:35: NotOpenSSLWarning: urllib3 v2 only supports OpenSSL 1.1.1+, currently the 'ssl' module is compiled with 'LibreSSL 2.8.3'. See: https://github.com/urllib3/urllib3/issues/3020
  warnings.warn(
Running in AUTO mode...
Traceback (most recent call last):
  File "/Users/hiroshi/Library/Python/3.9/lib/python/site-packages/urllib3/connection.py", line 204, in _new_conn
    sock = connection.create_connection(
  File "/Users/hiroshi/Library/Python/3.9/lib/python/site-packages/urllib3/util/connection.py", line 60, in create_connection
    for res in socket.getaddrinfo(host, port, family, socket.SOCK_STREAM):
  File "/Library/Developer/CommandLineTools/Library/Frameworks/Python3.framework/Versions/3.9/lib/python3.9/socket.py", line 953, in getaddrinfo
    for res in _socket.getaddrinfo(host, port, family, type, proto, flags):
socket.gaierror: [Errno 8] nodename nor servname provided, or not known

The above exception was the direct cause of the following exception:

Traceback (most recent call last):
  File "/Users/hiroshi/Library/Python/3.9/lib/python/site-packages/urllib3/connectionpool.py", line 787, in urlopen
    response = self._make_request(
  File "/Users/hiroshi/Library/Python/3.9/lib/python/site-packages/urllib3/connectionpool.py", line 488, in _make_request
    raise new_e
  File "/Users/hiroshi/Library/Python/3.9/lib/python/site-packages/urllib3/connectionpool.py", line 464, in _make_request
    self._validate_conn(conn)
  File "/Users/hiroshi/Library/Python/3.9/lib/python/site-packages/urllib3/connectionpool.py", line 1093, in _validate_conn
    conn.connect()
  File "/Users/hiroshi/Library/Python/3.9/lib/python/site-packages/urllib3/connection.py", line 759, in connect
    self.sock = sock = self._new_conn()
  File "/Users/hiroshi/Library/Python/3.9/lib/python/site-packages/urllib3/connection.py", line 211, in _new_conn
    raise NameResolutionError(self.host, self, e) from e
urllib3.exceptions.NameResolutionError: HTTPSConnection(host='api-apne1.plaud.ai', port=443): Failed to resolve 'api-apne1.plaud.ai' ([Errno 8] nodename nor servname provided, or not known)

The above exception was the direct cause of the following exception:

Traceback (most recent call last):
  File "/Users/hiroshi/Library/Python/3.9/lib/python/site-packages/requests/adapters.py", line 644, in send
    resp = conn.urlopen(
  File "/Users/hiroshi/Library/Python/3.9/lib/python/site-packages/urllib3/connectionpool.py", line 841, in urlopen
    retries = retries.increment(
  File "/Users/hiroshi/Library/Python/3.9/lib/python/site-packages/urllib3/util/retry.py", line 519, in increment
    raise MaxRetryError(_pool, url, reason) from reason  # type: ignore[arg-type]
urllib3.exceptions.MaxRetryError: HTTPSConnectionPool(host='api-apne1.plaud.ai', port=443): Max retries exceeded with url: /file/simple/web?skip=0&limit=50&is_trash=2&sort_by=start_time&is_desc=true (Caused by NameResolutionError("HTTPSConnection(host='api-apne1.plaud.ai', port=443): Failed to resolve 'api-apne1.plaud.ai' ([Errno 8] nodename nor servname provided, or not known)"))

During handling of the above exception, another exception occurred:

Traceback (most recent call last):
  File "/Users/hiroshi/cursor/plaud_exports/plaud_export.py", line 322, in <module>
    main()
  File "/Users/hiroshi/cursor/plaud_exports/plaud_export.py", line 255, in main
    files = list_files(args.token, args.limit)
  File "/Users/hiroshi/cursor/plaud_exports/plaud_export.py", line 173, in list_files
    response = requests.get(url, headers=headers, params=params)
  File "/Users/hiroshi/Library/Python/3.9/lib/python/site-packages/requests/api.py", line 73, in get
    return request("get", url, params=params, **kwargs)
  File "/Users/hiroshi/Library/Python/3.9/lib/python/site-packages/requests/api.py", line 59, in request
    return session.request(method=method, url=url, **kwargs)
  File "/Users/hiroshi/Library/Python/3.9/lib/python/site-packages/requests/sessions.py", line 589, in request
    resp = self.send(prep, **send_kwargs)
  File "/Users/hiroshi/Library/Python/3.9/lib/python/site-packages/requests/sessions.py", line 703, in send
    r = adapter.send(request, **kwargs)
  File "/Users/hiroshi/Library/Python/3.9/lib/python/site-packages/requests/adapters.py", line 677, in send
    raise ConnectionError(e, request=request)
requests.exceptions.ConnectionError: HTTPSConnectionPool(host='api-apne1.plaud.ai', port=443): Max retries exceeded with url: /file/simple/web?skip=0&limit=50&is_trash=2&sort_by=start_time&is_desc=true (Caused by NameResolutionError("HTTPSConnection(host='api-apne1.plaud.ai', port=443): Failed to resolve 'api-apne1.plaud.ai' ([Errno 8] nodename nor servname provided, or not known)"))
[2026-04-05 14:03:00] ERROR: Auto export failed with exit code 1
[2026-04-05 15:26:28] Starting auto export...
/Users/hiroshi/Library/Python/3.9/lib/python/site-packages/urllib3/__init__.py:35: NotOpenSSLWarning: urllib3 v2 only supports OpenSSL 1.1.1+, currently the 'ssl' module is compiled with 'LibreSSL 2.8.3'. See: https://github.com/urllib3/urllib3/issues/3020
  warnings.warn(
Running in AUTO mode...
Traceback (most recent call last):
  File "/Users/hiroshi/Library/Python/3.9/lib/python/site-packages/urllib3/connection.py", line 204, in _new_conn
    sock = connection.create_connection(
  File "/Users/hiroshi/Library/Python/3.9/lib/python/site-packages/urllib3/util/connection.py", line 60, in create_connection
    for res in socket.getaddrinfo(host, port, family, socket.SOCK_STREAM):
  File "/Library/Developer/CommandLineTools/Library/Frameworks/Python3.framework/Versions/3.9/lib/python3.9/socket.py", line 953, in getaddrinfo
    for res in _socket.getaddrinfo(host, port, family, type, proto, flags):
socket.gaierror: [Errno 8] nodename nor servname provided, or not known

The above exception was the direct cause of the following exception:

Traceback (most recent call last):
  File "/Users/hiroshi/Library/Python/3.9/lib/python/site-packages/urllib3/connectionpool.py", line 787, in urlopen
    response = self._make_request(
  File "/Users/hiroshi/Library/Python/3.9/lib/python/site-packages/urllib3/connectionpool.py", line 488, in _make_request
    raise new_e
  File "/Users/hiroshi/Library/Python/3.9/lib/python/site-packages/urllib3/connectionpool.py", line 464, in _make_request
    self._validate_conn(conn)
  File "/Users/hiroshi/Library/Python/3.9/lib/python/site-packages/urllib3/connectionpool.py", line 1093, in _validate_conn
    conn.connect()
  File "/Users/hiroshi/Library/Python/3.9/lib/python/site-packages/urllib3/connection.py", line 759, in connect
    self.sock = sock = self._new_conn()
  File "/Users/hiroshi/Library/Python/3.9/lib/python/site-packages/urllib3/connection.py", line 211, in _new_conn
    raise NameResolutionError(self.host, self, e) from e
urllib3.exceptions.NameResolutionError: HTTPSConnection(host='api-apne1.plaud.ai', port=443): Failed to resolve 'api-apne1.plaud.ai' ([Errno 8] nodename nor servname provided, or not known)

The above exception was the direct cause of the following exception:

Traceback (most recent call last):
  File "/Users/hiroshi/Library/Python/3.9/lib/python/site-packages/requests/adapters.py", line 644, in send
    resp = conn.urlopen(
  File "/Users/hiroshi/Library/Python/3.9/lib/python/site-packages/urllib3/connectionpool.py", line 841, in urlopen
    retries = retries.increment(
  File "/Users/hiroshi/Library/Python/3.9/lib/python/site-packages/urllib3/util/retry.py", line 519, in increment
    raise MaxRetryError(_pool, url, reason) from reason  # type: ignore[arg-type]
urllib3.exceptions.MaxRetryError: HTTPSConnectionPool(host='api-apne1.plaud.ai', port=443): Max retries exceeded with url: /file/simple/web?skip=0&limit=50&is_trash=2&sort_by=start_time&is_desc=true (Caused by NameResolutionError("HTTPSConnection(host='api-apne1.plaud.ai', port=443): Failed to resolve 'api-apne1.plaud.ai' ([Errno 8] nodename nor servname provided, or not known)"))

During handling of the above exception, another exception occurred:

Traceback (most recent call last):
  File "/Users/hiroshi/cursor/plaud_exports/plaud_export.py", line 322, in <module>
    main()
  File "/Users/hiroshi/cursor/plaud_exports/plaud_export.py", line 255, in main
    files = list_files(args.token, args.limit)
  File "/Users/hiroshi/cursor/plaud_exports/plaud_export.py", line 173, in list_files
    response = requests.get(url, headers=headers, params=params)
  File "/Users/hiroshi/Library/Python/3.9/lib/python/site-packages/requests/api.py", line 73, in get
    return request("get", url, params=params, **kwargs)
  File "/Users/hiroshi/Library/Python/3.9/lib/python/site-packages/requests/api.py", line 59, in request
    return session.request(method=method, url=url, **kwargs)
  File "/Users/hiroshi/Library/Python/3.9/lib/python/site-packages/requests/sessions.py", line 589, in request
    resp = self.send(prep, **send_kwargs)
  File "/Users/hiroshi/Library/Python/3.9/lib/python/site-packages/requests/sessions.py", line 703, in send
    r = adapter.send(request, **kwargs)
  File "/Users/hiroshi/Library/Python/3.9/lib/python/site-packages/requests/adapters.py", line 677, in send
    raise ConnectionError(e, request=request)
requests.exceptions.ConnectionError: HTTPSConnectionPool(host='api-apne1.plaud.ai', port=443): Max retries exceeded with url: /file/simple/web?skip=0&limit=50&is_trash=2&sort_by=start_time&is_desc=true (Caused by NameResolutionError("HTTPSConnection(host='api-apne1.plaud.ai', port=443): Failed to resolve 'api-apne1.plaud.ai' ([Errno 8] nodename nor servname provided, or not known)"))
[2026-04-05 15:26:28] ERROR: Auto export failed with exit code 1
[2026-04-06 00:46:10] Starting auto export...
/Users/hiroshi/Library/Python/3.9/lib/python/site-packages/urllib3/__init__.py:35: NotOpenSSLWarning: urllib3 v2 only supports OpenSSL 1.1.1+, currently the 'ssl' module is compiled with 'LibreSSL 2.8.3'. See: https://github.com/urllib3/urllib3/issues/3020
  warnings.warn(
Running in AUTO mode...
Traceback (most recent call last):
  File "/Users/hiroshi/Library/Python/3.9/lib/python/site-packages/urllib3/connection.py", line 204, in _new_conn
    sock = connection.create_connection(
  File "/Users/hiroshi/Library/Python/3.9/lib/python/site-packages/urllib3/util/connection.py", line 60, in create_connection
    for res in socket.getaddrinfo(host, port, family, socket.SOCK_STREAM):
  File "/Library/Developer/CommandLineTools/Library/Frameworks/Python3.framework/Versions/3.9/lib/python3.9/socket.py", line 953, in getaddrinfo
    for res in _socket.getaddrinfo(host, port, family, type, proto, flags):
socket.gaierror: [Errno 8] nodename nor servname provided, or not known

The above exception was the direct cause of the following exception:

Traceback (most recent call last):
  File "/Users/hiroshi/Library/Python/3.9/lib/python/site-packages/urllib3/connectionpool.py", line 787, in urlopen
    response = self._make_request(
  File "/Users/hiroshi/Library/Python/3.9/lib/python/site-packages/urllib3/connectionpool.py", line 488, in _make_request
    raise new_e
  File "/Users/hiroshi/Library/Python/3.9/lib/python/site-packages/urllib3/connectionpool.py", line 464, in _make_request
    self._validate_conn(conn)
  File "/Users/hiroshi/Library/Python/3.9/lib/python/site-packages/urllib3/connectionpool.py", line 1093, in _validate_conn
    conn.connect()
  File "/Users/hiroshi/Library/Python/3.9/lib/python/site-packages/urllib3/connection.py", line 759, in connect
    self.sock = sock = self._new_conn()
  File "/Users/hiroshi/Library/Python/3.9/lib/python/site-packages/urllib3/connection.py", line 211, in _new_conn
    raise NameResolutionError(self.host, self, e) from e
urllib3.exceptions.NameResolutionError: HTTPSConnection(host='api-apne1.plaud.ai', port=443): Failed to resolve 'api-apne1.plaud.ai' ([Errno 8] nodename nor servname provided, or not known)

The above exception was the direct cause of the following exception:

Traceback (most recent call last):
  File "/Users/hiroshi/Library/Python/3.9/lib/python/site-packages/requests/adapters.py", line 644, in send
    resp = conn.urlopen(
  File "/Users/hiroshi/Library/Python/3.9/lib/python/site-packages/urllib3/connectionpool.py", line 841, in urlopen
    retries = retries.increment(
  File "/Users/hiroshi/Library/Python/3.9/lib/python/site-packages/urllib3/util/retry.py", line 519, in increment
    raise MaxRetryError(_pool, url, reason) from reason  # type: ignore[arg-type]
urllib3.exceptions.MaxRetryError: HTTPSConnectionPool(host='api-apne1.plaud.ai', port=443): Max retries exceeded with url: /file/simple/web?skip=0&limit=50&is_trash=2&sort_by=start_time&is_desc=true (Caused by NameResolutionError("HTTPSConnection(host='api-apne1.plaud.ai', port=443): Failed to resolve 'api-apne1.plaud.ai' ([Errno 8] nodename nor servname provided, or not known)"))

During handling of the above exception, another exception occurred:

Traceback (most recent call last):
  File "/Users/hiroshi/cursor/plaud_exports/plaud_export.py", line 322, in <module>
    main()
  File "/Users/hiroshi/cursor/plaud_exports/plaud_export.py", line 255, in main
    files = list_files(args.token, args.limit)
  File "/Users/hiroshi/cursor/plaud_exports/plaud_export.py", line 173, in list_files
    response = requests.get(url, headers=headers, params=params)
  File "/Users/hiroshi/Library/Python/3.9/lib/python/site-packages/requests/api.py", line 73, in get
    return request("get", url, params=params, **kwargs)
  File "/Users/hiroshi/Library/Python/3.9/lib/python/site-packages/requests/api.py", line 59, in request
    return session.request(method=method, url=url, **kwargs)
  File "/Users/hiroshi/Library/Python/3.9/lib/python/site-packages/requests/sessions.py", line 589, in request
    resp = self.send(prep, **send_kwargs)
  File "/Users/hiroshi/Library/Python/3.9/lib/python/site-packages/requests/sessions.py", line 703, in send
    r = adapter.send(request, **kwargs)
  File "/Users/hiroshi/Library/Python/3.9/lib/python/site-packages/requests/adapters.py", line 677, in send
    raise ConnectionError(e, request=request)
requests.exceptions.ConnectionError: HTTPSConnectionPool(host='api-apne1.plaud.ai', port=443): Max retries exceeded with url: /file/simple/web?skip=0&limit=50&is_trash=2&sort_by=start_time&is_desc=true (Caused by NameResolutionError("HTTPSConnection(host='api-apne1.plaud.ai', port=443): Failed to resolve 'api-apne1.plaud.ai' ([Errno 8] nodename nor servname provided, or not known)"))
[2026-04-06 00:46:11] ERROR: Auto export failed with exit code 1
[2026-04-06 02:13:00] Starting auto export...
/Users/hiroshi/Library/Python/3.9/lib/python/site-packages/urllib3/__init__.py:35: NotOpenSSLWarning: urllib3 v2 only supports OpenSSL 1.1.1+, currently the 'ssl' module is compiled with 'LibreSSL 2.8.3'. See: https://github.com/urllib3/urllib3/issues/3020
  warnings.warn(
Running in AUTO mode...
Found 4 new files out of 50 total.
Skipping 2026-03-03 11:40:52 (5ee14a603a0eb00dc0cd014131634a49) - AI processing not yet complete.
Skipping 2026-03-02 22:55:37 (f8e768606308a898b656297de98ecdf0) - AI processing not yet complete.
Skipping 2026-03-02 18:19:41 (e2e964c6239c49aa1ac0d62fa7a9b149) - AI processing not yet complete.
Skipping 2026-02-22 03:25:10 (2091a2244a8f229875ad1e486c0de2a0) - AI processing not yet complete.
Auto mode complete.
[2026-04-06 02:13:00] Auto export completed successfully.
[2026-04-06 03:13:01] Starting auto export...
/Users/hiroshi/Library/Python/3.9/lib/python/site-packages/urllib3/__init__.py:35: NotOpenSSLWarning: urllib3 v2 only supports OpenSSL 1.1.1+, currently the 'ssl' module is compiled with 'LibreSSL 2.8.3'. See: https://github.com/urllib3/urllib3/issues/3020
  warnings.warn(
Running in AUTO mode...
Found 4 new files out of 50 total.
Skipping 2026-03-03 11:40:52 (5ee14a603a0eb00dc0cd014131634a49) - AI processing not yet complete.
Skipping 2026-03-02 22:55:37 (f8e768606308a898b656297de98ecdf0) - AI processing not yet complete.
Skipping 2026-03-02 18:19:41 (e2e964c6239c49aa1ac0d62fa7a9b149) - AI processing not yet complete.
Skipping 2026-02-22 03:25:10 (2091a2244a8f229875ad1e486c0de2a0) - AI processing not yet complete.
Auto mode complete.
[2026-04-06 03:13:01] Auto export completed successfully.
[2026-04-06 06:33:51] Starting auto export...
/Users/hiroshi/Library/Python/3.9/lib/python/site-packages/urllib3/__init__.py:35: NotOpenSSLWarning: urllib3 v2 only supports OpenSSL 1.1.1+, currently the 'ssl' module is compiled with 'LibreSSL 2.8.3'. See: https://github.com/urllib3/urllib3/issues/3020
  warnings.warn(
Running in AUTO mode...
Traceback (most recent call last):
  File "/Users/hiroshi/Library/Python/3.9/lib/python/site-packages/urllib3/connection.py", line 204, in _new_conn
    sock = connection.create_connection(
  File "/Users/hiroshi/Library/Python/3.9/lib/python/site-packages/urllib3/util/connection.py", line 60, in create_connection
    for res in socket.getaddrinfo(host, port, family, socket.SOCK_STREAM):
  File "/Library/Developer/CommandLineTools/Library/Frameworks/Python3.framework/Versions/3.9/lib/python3.9/socket.py", line 953, in getaddrinfo
    for res in _socket.getaddrinfo(host, port, family, type, proto, flags):
socket.gaierror: [Errno 8] nodename nor servname provided, or not known

The above exception was the direct cause of the following exception:

Traceback (most recent call last):
  File "/Users/hiroshi/Library/Python/3.9/lib/python/site-packages/urllib3/connectionpool.py", line 787, in urlopen
    response = self._make_request(
  File "/Users/hiroshi/Library/Python/3.9/lib/python/site-packages/urllib3/connectionpool.py", line 488, in _make_request
    raise new_e
  File "/Users/hiroshi/Library/Python/3.9/lib/python/site-packages/urllib3/connectionpool.py", line 464, in _make_request
    self._validate_conn(conn)
  File "/Users/hiroshi/Library/Python/3.9/lib/python/site-packages/urllib3/connectionpool.py", line 1093, in _validate_conn
    conn.connect()
  File "/Users/hiroshi/Library/Python/3.9/lib/python/site-packages/urllib3/connection.py", line 759, in connect
    self.sock = sock = self._new_conn()
  File "/Users/hiroshi/Library/Python/3.9/lib/python/site-packages/urllib3/connection.py", line 211, in _new_conn
    raise NameResolutionError(self.host, self, e) from e
urllib3.exceptions.NameResolutionError: HTTPSConnection(host='api-apne1.plaud.ai', port=443): Failed to resolve 'api-apne1.plaud.ai' ([Errno 8] nodename nor servname provided, or not known)

The above exception was the direct cause of the following exception:

Traceback (most recent call last):
  File "/Users/hiroshi/Library/Python/3.9/lib/python/site-packages/requests/adapters.py", line 644, in send
    resp = conn.urlopen(
  File "/Users/hiroshi/Library/Python/3.9/lib/python/site-packages/urllib3/connectionpool.py", line 841, in urlopen
    retries = retries.increment(
  File "/Users/hiroshi/Library/Python/3.9/lib/python/site-packages/urllib3/util/retry.py", line 519, in increment
    raise MaxRetryError(_pool, url, reason) from reason  # type: ignore[arg-type]
urllib3.exceptions.MaxRetryError: HTTPSConnectionPool(host='api-apne1.plaud.ai', port=443): Max retries exceeded with url: /file/simple/web?skip=0&limit=50&is_trash=2&sort_by=start_time&is_desc=true (Caused by NameResolutionError("HTTPSConnection(host='api-apne1.plaud.ai', port=443): Failed to resolve 'api-apne1.plaud.ai' ([Errno 8] nodename nor servname provided, or not known)"))

During handling of the above exception, another exception occurred:

Traceback (most recent call last):
  File "/Users/hiroshi/cursor/plaud_exports/plaud_export.py", line 322, in <module>
    main()
  File "/Users/hiroshi/cursor/plaud_exports/plaud_export.py", line 255, in main
    files = list_files(args.token, args.limit)
  File "/Users/hiroshi/cursor/plaud_exports/plaud_export.py", line 173, in list_files
    response = requests.get(url, headers=headers, params=params)
  File "/Users/hiroshi/Library/Python/3.9/lib/python/site-packages/requests/api.py", line 73, in get
    return request("get", url, params=params, **kwargs)
  File "/Users/hiroshi/Library/Python/3.9/lib/python/site-packages/requests/api.py", line 59, in request
    return session.request(method=method, url=url, **kwargs)
  File "/Users/hiroshi/Library/Python/3.9/lib/python/site-packages/requests/sessions.py", line 589, in request
    resp = self.send(prep, **send_kwargs)
  File "/Users/hiroshi/Library/Python/3.9/lib/python/site-packages/requests/sessions.py", line 703, in send
    r = adapter.send(request, **kwargs)
  File "/Users/hiroshi/Library/Python/3.9/lib/python/site-packages/requests/adapters.py", line 677, in send
    raise ConnectionError(e, request=request)
requests.exceptions.ConnectionError: HTTPSConnectionPool(host='api-apne1.plaud.ai', port=443): Max retries exceeded with url: /file/simple/web?skip=0&limit=50&is_trash=2&sort_by=start_time&is_desc=true (Caused by NameResolutionError("HTTPSConnection(host='api-apne1.plaud.ai', port=443): Failed to resolve 'api-apne1.plaud.ai' ([Errno 8] nodename nor servname provided, or not known)"))
[2026-04-06 06:33:52] ERROR: Auto export failed with exit code 1
[2026-04-06 18:48:11] Starting auto export...
/Users/hiroshi/Library/Python/3.9/lib/python/site-packages/urllib3/__init__.py:35: NotOpenSSLWarning: urllib3 v2 only supports OpenSSL 1.1.1+, currently the 'ssl' module is compiled with 'LibreSSL 2.8.3'. See: https://github.com/urllib3/urllib3/issues/3020
  warnings.warn(
Running in AUTO mode...
Found 7 new files out of 50 total.
Exporting: 04-06 会議: アフィリエイト施策、企業提携ワークショップ展開、収益モデルと運営体制の確立 (e5ae2c8862f5a6f5090158cb59c0ab39)
  Fetching summary: Summary
  Warning: Failed to fetch summary Summary: Expecting value: line 1 column 1 (char 0)
  Fetching transcript...
Saved to: /Users/hiroshi/cursor/plaud_exports/04-06 会議_ アフィリエイト施策_企業提携ワークショップ展開_収益モデルと運営体制の確立.md
Skipping 2026-03-15 16:23:06 (f741ea39d62b8cce8461e71de8006d15) - AI processing not yet complete.
Skipping 2026-03-12 10:00:47 (f4d99481d2520131e1fe9d35142bd876) - AI processing not yet complete.
Skipping 2026-03-03 11:40:52 (5ee14a603a0eb00dc0cd014131634a49) - AI processing not yet complete.
Skipping 2026-03-02 22:55:37 (f8e768606308a898b656297de98ecdf0) - AI processing not yet complete.
Skipping 2026-03-02 18:19:41 (e2e964c6239c49aa1ac0d62fa7a9b149) - AI processing not yet complete.
Skipping 2026-02-22 03:25:10 (2091a2244a8f229875ad1e486c0de2a0) - AI processing not yet complete.
Auto mode complete.
[2026-04-06 18:48:26] Auto export completed successfully.
[2026-04-07 08:38:50] Starting auto export...
/Users/hiroshi/Library/Python/3.9/lib/python/site-packages/urllib3/__init__.py:35: NotOpenSSLWarning: urllib3 v2 only supports OpenSSL 1.1.1+, currently the 'ssl' module is compiled with 'LibreSSL 2.8.3'. See: https://github.com/urllib3/urllib3/issues/3020
  warnings.warn(
Running in AUTO mode...
Found 6 new files out of 50 total.
Skipping 2026-03-15 16:23:06 (f741ea39d62b8cce8461e71de8006d15) - AI processing not yet complete.
Skipping 2026-03-12 10:00:47 (f4d99481d2520131e1fe9d35142bd876) - AI processing not yet complete.
Skipping 2026-03-03 11:40:52 (5ee14a603a0eb00dc0cd014131634a49) - AI processing not yet complete.
Skipping 2026-03-02 22:55:37 (f8e768606308a898b656297de98ecdf0) - AI processing not yet complete.
Skipping 2026-03-02 18:19:41 (e2e964c6239c49aa1ac0d62fa7a9b149) - AI processing not yet complete.
Skipping 2026-02-22 03:25:10 (2091a2244a8f229875ad1e486c0de2a0) - AI processing not yet complete.
Auto mode complete.
[2026-04-07 08:38:51] Auto export completed successfully.
[2026-04-07 09:38:51] Starting auto export...
/Users/hiroshi/Library/Python/3.9/lib/python/site-packages/urllib3/__init__.py:35: NotOpenSSLWarning: urllib3 v2 only supports OpenSSL 1.1.1+, currently the 'ssl' module is compiled with 'LibreSSL 2.8.3'. See: https://github.com/urllib3/urllib3/issues/3020
  warnings.warn(
Running in AUTO mode...
Found 6 new files out of 50 total.
Skipping 2026-03-15 16:23:06 (f741ea39d62b8cce8461e71de8006d15) - AI processing not yet complete.
Skipping 2026-03-12 10:00:47 (f4d99481d2520131e1fe9d35142bd876) - AI processing not yet complete.
Skipping 2026-03-03 11:40:52 (5ee14a603a0eb00dc0cd014131634a49) - AI processing not yet complete.
Skipping 2026-03-02 22:55:37 (f8e768606308a898b656297de98ecdf0) - AI processing not yet complete.
Skipping 2026-03-02 18:19:41 (e2e964c6239c49aa1ac0d62fa7a9b149) - AI processing not yet complete.
Skipping 2026-02-22 03:25:10 (2091a2244a8f229875ad1e486c0de2a0) - AI processing not yet complete.
Auto mode complete.
[2026-04-07 09:38:53] Auto export completed successfully.
[2026-04-07 11:13:17] Starting auto export...
/Users/hiroshi/Library/Python/3.9/lib/python/site-packages/urllib3/__init__.py:35: NotOpenSSLWarning: urllib3 v2 only supports OpenSSL 1.1.1+, currently the 'ssl' module is compiled with 'LibreSSL 2.8.3'. See: https://github.com/urllib3/urllib3/issues/3020
  warnings.warn(
Running in AUTO mode...
Found 6 new files out of 50 total.
Skipping 2026-03-15 16:23:06 (f741ea39d62b8cce8461e71de8006d15) - AI processing not yet complete.
Skipping 2026-03-12 10:00:47 (f4d99481d2520131e1fe9d35142bd876) - AI processing not yet complete.
Skipping 2026-03-03 11:40:52 (5ee14a603a0eb00dc0cd014131634a49) - AI processing not yet complete.
Skipping 2026-03-02 22:55:37 (f8e768606308a898b656297de98ecdf0) - AI processing not yet complete.
Skipping 2026-03-02 18:19:41 (e2e964c6239c49aa1ac0d62fa7a9b149) - AI processing not yet complete.
Skipping 2026-02-22 03:25:10 (2091a2244a8f229875ad1e486c0de2a0) - AI processing not yet complete.
Auto mode complete.
[2026-04-07 11:13:18] Auto export completed successfully.
[2026-04-07 12:13:18] Starting auto export...
/Users/hiroshi/Library/Python/3.9/lib/python/site-packages/urllib3/__init__.py:35: NotOpenSSLWarning: urllib3 v2 only supports OpenSSL 1.1.1+, currently the 'ssl' module is compiled with 'LibreSSL 2.8.3'. See: https://github.com/urllib3/urllib3/issues/3020
  warnings.warn(
Running in AUTO mode...
Found 6 new files out of 50 total.
Skipping 2026-03-15 16:23:06 (f741ea39d62b8cce8461e71de8006d15) - AI processing not yet complete.
Skipping 2026-03-12 10:00:47 (f4d99481d2520131e1fe9d35142bd876) - AI processing not yet complete.
Skipping 2026-03-03 11:40:52 (5ee14a603a0eb00dc0cd014131634a49) - AI processing not yet complete.
Skipping 2026-03-02 22:55:37 (f8e768606308a898b656297de98ecdf0) - AI processing not yet complete.
Skipping 2026-03-02 18:19:41 (e2e964c6239c49aa1ac0d62fa7a9b149) - AI processing not yet complete.
Skipping 2026-02-22 03:25:10 (2091a2244a8f229875ad1e486c0de2a0) - AI processing not yet complete.
Auto mode complete.
[2026-04-07 12:13:19] Auto export completed successfully.
[2026-04-07 13:13:18] Starting auto export...
/Users/hiroshi/Library/Python/3.9/lib/python/site-packages/urllib3/__init__.py:35: NotOpenSSLWarning: urllib3 v2 only supports OpenSSL 1.1.1+, currently the 'ssl' module is compiled with 'LibreSSL 2.8.3'. See: https://github.com/urllib3/urllib3/issues/3020
  warnings.warn(
Running in AUTO mode...
Found 6 new files out of 50 total.
Skipping 2026-03-15 16:23:06 (f741ea39d62b8cce8461e71de8006d15) - AI processing not yet complete.
Skipping 2026-03-12 10:00:47 (f4d99481d2520131e1fe9d35142bd876) - AI processing not yet complete.
Skipping 2026-03-03 11:40:52 (5ee14a603a0eb00dc0cd014131634a49) - AI processing not yet complete.
Skipping 2026-03-02 22:55:37 (f8e768606308a898b656297de98ecdf0) - AI processing not yet complete.
Skipping 2026-03-02 18:19:41 (e2e964c6239c49aa1ac0d62fa7a9b149) - AI processing not yet complete.
Skipping 2026-02-22 03:25:10 (2091a2244a8f229875ad1e486c0de2a0) - AI processing not yet complete.
Auto mode complete.
[2026-04-07 13:13:19] Auto export completed successfully.
[2026-04-07 14:13:20] Starting auto export...
/Users/hiroshi/Library/Python/3.9/lib/python/site-packages/urllib3/__init__.py:35: NotOpenSSLWarning: urllib3 v2 only supports OpenSSL 1.1.1+, currently the 'ssl' module is compiled with 'LibreSSL 2.8.3'. See: https://github.com/urllib3/urllib3/issues/3020
  warnings.warn(
Running in AUTO mode...
Found 6 new files out of 50 total.
Skipping 2026-03-15 16:23:06 (f741ea39d62b8cce8461e71de8006d15) - AI processing not yet complete.
Skipping 2026-03-12 10:00:47 (f4d99481d2520131e1fe9d35142bd876) - AI processing not yet complete.
Skipping 2026-03-03 11:40:52 (5ee14a603a0eb00dc0cd014131634a49) - AI processing not yet complete.
Skipping 2026-03-02 22:55:37 (f8e768606308a898b656297de98ecdf0) - AI processing not yet complete.
Skipping 2026-03-02 18:19:41 (e2e964c6239c49aa1ac0d62fa7a9b149) - AI processing not yet complete.
Skipping 2026-02-22 03:25:10 (2091a2244a8f229875ad1e486c0de2a0) - AI processing not yet complete.
Auto mode complete.
[2026-04-07 14:13:21] Auto export completed successfully.
[2026-04-07 15:13:21] Starting auto export...
/Users/hiroshi/Library/Python/3.9/lib/python/site-packages/urllib3/__init__.py:35: NotOpenSSLWarning: urllib3 v2 only supports OpenSSL 1.1.1+, currently the 'ssl' module is compiled with 'LibreSSL 2.8.3'. See: https://github.com/urllib3/urllib3/issues/3020
  warnings.warn(
Running in AUTO mode...
Found 7 new files out of 50 total.
Exporting: 04-07 相談ミーティング: コーチング事業の価格設計・商品パッケージ・営業プロセス・ターゲット再定義（顧客: 中山） (83ce92e9f6923ed8fd3d67c0a0750207)
  Fetching summary: Summary
  Fetching summary: 04-07 打合せ: 月20万円パッケージ設計と価格戦略・ターゲット再定義
  Fetching transcript...
Saved to: /Users/hiroshi/cursor/plaud_exports/04-07 相談ミーティング_ コーチング事業の価格設計_商品パッケージ_営業プロセス_ターゲット再定義_顧客_ 中山_.md
Skipping 2026-03-15 16:23:06 (f741ea39d62b8cce8461e71de8006d15) - AI processing not yet complete.
Skipping 2026-03-12 10:00:47 (f4d99481d2520131e1fe9d35142bd876) - AI processing not yet complete.
Skipping 2026-03-03 11:40:52 (5ee14a603a0eb00dc0cd014131634a49) - AI processing not yet complete.
Skipping 2026-03-02 22:55:37 (f8e768606308a898b656297de98ecdf0) - AI processing not yet complete.
Skipping 2026-03-02 18:19:41 (e2e964c6239c49aa1ac0d62fa7a9b149) - AI processing not yet complete.
Skipping 2026-02-22 03:25:10 (2091a2244a8f229875ad1e486c0de2a0) - AI processing not yet complete.
Auto mode complete.
[2026-04-07 15:13:25] Auto export completed successfully.
[2026-04-07 16:13:26] Starting auto export...
/Users/hiroshi/Library/Python/3.9/lib/python/site-packages/urllib3/__init__.py:35: NotOpenSSLWarning: urllib3 v2 only supports OpenSSL 1.1.1+, currently the 'ssl' module is compiled with 'LibreSSL 2.8.3'. See: https://github.com/urllib3/urllib3/issues/3020
  warnings.warn(
Running in AUTO mode...
Found 6 new files out of 50 total.
Skipping 2026-03-15 16:23:06 (f741ea39d62b8cce8461e71de8006d15) - AI processing not yet complete.
Skipping 2026-03-12 10:00:47 (f4d99481d2520131e1fe9d35142bd876) - AI processing not yet complete.
Skipping 2026-03-03 11:40:52 (5ee14a603a0eb00dc0cd014131634a49) - AI processing not yet complete.
Skipping 2026-03-02 22:55:37 (f8e768606308a898b656297de98ecdf0) - AI processing not yet complete.
Skipping 2026-03-02 18:19:41 (e2e964c6239c49aa1ac0d62fa7a9b149) - AI processing not yet complete.
Skipping 2026-02-22 03:25:10 (2091a2244a8f229875ad1e486c0de2a0) - AI processing not yet complete.
Auto mode complete.
[2026-04-07 16:13:27] Auto export completed successfully.
[2026-04-07 17:13:28] Starting auto export...
/Users/hiroshi/Library/Python/3.9/lib/python/site-packages/urllib3/__init__.py:35: NotOpenSSLWarning: urllib3 v2 only supports OpenSSL 1.1.1+, currently the 'ssl' module is compiled with 'LibreSSL 2.8.3'. See: https://github.com/urllib3/urllib3/issues/3020
  warnings.warn(
Running in AUTO mode...
Found 6 new files out of 50 total.
Skipping 2026-03-15 16:23:06 (f741ea39d62b8cce8461e71de8006d15) - AI processing not yet complete.
Skipping 2026-03-12 10:00:47 (f4d99481d2520131e1fe9d35142bd876) - AI processing not yet complete.
Skipping 2026-03-03 11:40:52 (5ee14a603a0eb00dc0cd014131634a49) - AI processing not yet complete.
Skipping 2026-03-02 22:55:37 (f8e768606308a898b656297de98ecdf0) - AI processing not yet complete.
Skipping 2026-03-02 18:19:41 (e2e964c6239c49aa1ac0d62fa7a9b149) - AI processing not yet complete.
Skipping 2026-02-22 03:25:10 (2091a2244a8f229875ad1e486c0de2a0) - AI processing not yet complete.
Auto mode complete.
[2026-04-07 17:13:28] Auto export completed successfully.
[2026-04-07 19:03:54] Starting auto export...
/Users/hiroshi/Library/Python/3.9/lib/python/site-packages/urllib3/__init__.py:35: NotOpenSSLWarning: urllib3 v2 only supports OpenSSL 1.1.1+, currently the 'ssl' module is compiled with 'LibreSSL 2.8.3'. See: https://github.com/urllib3/urllib3/issues/3020
  warnings.warn(
Running in AUTO mode...
Traceback (most recent call last):
  File "/Users/hiroshi/Library/Python/3.9/lib/python/site-packages/urllib3/connection.py", line 204, in _new_conn
    sock = connection.create_connection(
  File "/Users/hiroshi/Library/Python/3.9/lib/python/site-packages/urllib3/util/connection.py", line 60, in create_connection
    for res in socket.getaddrinfo(host, port, family, socket.SOCK_STREAM):
  File "/Library/Developer/CommandLineTools/Library/Frameworks/Python3.framework/Versions/3.9/lib/python3.9/socket.py", line 953, in getaddrinfo
    for res in _socket.getaddrinfo(host, port, family, type, proto, flags):
socket.gaierror: [Errno 8] nodename nor servname provided, or not known

The above exception was the direct cause of the following exception:

Traceback (most recent call last):
  File "/Users/hiroshi/Library/Python/3.9/lib/python/site-packages/urllib3/connectionpool.py", line 787, in urlopen
    response = self._make_request(
  File "/Users/hiroshi/Library/Python/3.9/lib/python/site-packages/urllib3/connectionpool.py", line 488, in _make_request
    raise new_e
  File "/Users/hiroshi/Library/Python/3.9/lib/python/site-packages/urllib3/connectionpool.py", line 464, in _make_request
    self._validate_conn(conn)
  File "/Users/hiroshi/Library/Python/3.9/lib/python/site-packages/urllib3/connectionpool.py", line 1093, in _validate_conn
    conn.connect()
  File "/Users/hiroshi/Library/Python/3.9/lib/python/site-packages/urllib3/connection.py", line 759, in connect
    self.sock = sock = self._new_conn()
  File "/Users/hiroshi/Library/Python/3.9/lib/python/site-packages/urllib3/connection.py", line 211, in _new_conn
    raise NameResolutionError(self.host, self, e) from e
urllib3.exceptions.NameResolutionError: HTTPSConnection(host='api-apne1.plaud.ai', port=443): Failed to resolve 'api-apne1.plaud.ai' ([Errno 8] nodename nor servname provided, or not known)

The above exception was the direct cause of the following exception:

Traceback (most recent call last):
  File "/Users/hiroshi/Library/Python/3.9/lib/python/site-packages/requests/adapters.py", line 644, in send
    resp = conn.urlopen(
  File "/Users/hiroshi/Library/Python/3.9/lib/python/site-packages/urllib3/connectionpool.py", line 841, in urlopen
    retries = retries.increment(
  File "/Users/hiroshi/Library/Python/3.9/lib/python/site-packages/urllib3/util/retry.py", line 519, in increment
    raise MaxRetryError(_pool, url, reason) from reason  # type: ignore[arg-type]
urllib3.exceptions.MaxRetryError: HTTPSConnectionPool(host='api-apne1.plaud.ai', port=443): Max retries exceeded with url: /file/simple/web?skip=0&limit=50&is_trash=2&sort_by=start_time&is_desc=true (Caused by NameResolutionError("HTTPSConnection(host='api-apne1.plaud.ai', port=443): Failed to resolve 'api-apne1.plaud.ai' ([Errno 8] nodename nor servname provided, or not known)"))

During handling of the above exception, another exception occurred:

Traceback (most recent call last):
  File "/Users/hiroshi/cursor/plaud_exports/plaud_export.py", line 322, in <module>
    main()
  File "/Users/hiroshi/cursor/plaud_exports/plaud_export.py", line 255, in main
    files = list_files(args.token, args.limit)
  File "/Users/hiroshi/cursor/plaud_exports/plaud_export.py", line 173, in list_files
    response = requests.get(url, headers=headers, params=params)
  File "/Users/hiroshi/Library/Python/3.9/lib/python/site-packages/requests/api.py", line 73, in get
    return request("get", url, params=params, **kwargs)
  File "/Users/hiroshi/Library/Python/3.9/lib/python/site-packages/requests/api.py", line 59, in request
    return session.request(method=method, url=url, **kwargs)
  File "/Users/hiroshi/Library/Python/3.9/lib/python/site-packages/requests/sessions.py", line 589, in request
    resp = self.send(prep, **send_kwargs)
  File "/Users/hiroshi/Library/Python/3.9/lib/python/site-packages/requests/sessions.py", line 703, in send
    r = adapter.send(request, **kwargs)
  File "/Users/hiroshi/Library/Python/3.9/lib/python/site-packages/requests/adapters.py", line 677, in send
    raise ConnectionError(e, request=request)
requests.exceptions.ConnectionError: HTTPSConnectionPool(host='api-apne1.plaud.ai', port=443): Max retries exceeded with url: /file/simple/web?skip=0&limit=50&is_trash=2&sort_by=start_time&is_desc=true (Caused by NameResolutionError("HTTPSConnection(host='api-apne1.plaud.ai', port=443): Failed to resolve 'api-apne1.plaud.ai' ([Errno 8] nodename nor servname provided, or not known)"))
[2026-04-07 19:03:55] ERROR: Auto export failed with exit code 1
[2026-04-07 21:21:54] Starting auto export...
/Users/hiroshi/Library/Python/3.9/lib/python/site-packages/urllib3/__init__.py:35: NotOpenSSLWarning: urllib3 v2 only supports OpenSSL 1.1.1+, currently the 'ssl' module is compiled with 'LibreSSL 2.8.3'. See: https://github.com/urllib3/urllib3/issues/3020
  warnings.warn(
Running in AUTO mode...
Found 6 new files out of 50 total.
Skipping 2026-03-15 16:23:06 (f741ea39d62b8cce8461e71de8006d15) - AI processing not yet complete.
Skipping 2026-03-12 10:00:47 (f4d99481d2520131e1fe9d35142bd876) - AI processing not yet complete.
Skipping 2026-03-03 11:40:52 (5ee14a603a0eb00dc0cd014131634a49) - AI processing not yet complete.
Skipping 2026-03-02 22:55:37 (f8e768606308a898b656297de98ecdf0) - AI processing not yet complete.
Skipping 2026-03-02 18:19:41 (e2e964c6239c49aa1ac0d62fa7a9b149) - AI processing not yet complete.
Skipping 2026-02-22 03:25:10 (2091a2244a8f229875ad1e486c0de2a0) - AI processing not yet complete.
Auto mode complete.
[2026-04-07 21:21:55] Auto export completed successfully.
[2026-04-07 23:38:03] Starting auto export...
/Users/hiroshi/Library/Python/3.9/lib/python/site-packages/urllib3/__init__.py:35: NotOpenSSLWarning: urllib3 v2 only supports OpenSSL 1.1.1+, currently the 'ssl' module is compiled with 'LibreSSL 2.8.3'. See: https://github.com/urllib3/urllib3/issues/3020
  warnings.warn(
Running in AUTO mode...
Found 7 new files out of 50 total.
Exporting: 04-07 相談記録: テレセールスで10万円商材を即時販売し今月末50万円達成を狙う設計と導線構築 (ded911523ee16bf1ead587c091b4ce6c)
  Fetching summary: Summary
  Fetching summary: 04-07 戦略ブリーフィング：短期キャッシュ目標50万円達成と3日間セールス指導の価格設計
  Fetching summary: 04-07 コンサルティング: 木村さんの10万円商材をテレアポで販売する方法
  Fetching transcript...
Saved to: /Users/hiroshi/cursor/plaud_exports/04-07 相談記録_ テレセールスで10万円商材を即時販売し今月末50万円達成を狙う設計と導線構築.md
Skipping 2026-03-15 16:23:06 (f741ea39d62b8cce8461e71de8006d15) - AI processing not yet complete.
Skipping 2026-03-12 10:00:47 (f4d99481d2520131e1fe9d35142bd876) - AI processing not yet complete.
Skipping 2026-03-03 11:40:52 (5ee14a603a0eb00dc0cd014131634a49) - AI processing not yet complete.
Skipping 2026-03-02 22:55:37 (f8e768606308a898b656297de98ecdf0) - AI processing not yet complete.
Skipping 2026-03-02 18:19:41 (e2e964c6239c49aa1ac0d62fa7a9b149) - AI processing not yet complete.
Skipping 2026-02-22 03:25:10 (2091a2244a8f229875ad1e486c0de2a0) - AI processing not yet complete.
Auto mode complete.
[2026-04-07 23:38:07] Auto export completed successfully.
[2026-04-08 04:37:36] Starting auto export...
/Users/hiroshi/Library/Python/3.9/lib/python/site-packages/urllib3/__init__.py:35: NotOpenSSLWarning: urllib3 v2 only supports OpenSSL 1.1.1+, currently the 'ssl' module is compiled with 'LibreSSL 2.8.3'. See: https://github.com/urllib3/urllib3/issues/3020
  warnings.warn(
Running in AUTO mode...
Traceback (most recent call last):
  File "/Users/hiroshi/Library/Python/3.9/lib/python/site-packages/urllib3/connection.py", line 204, in _new_conn
    sock = connection.create_connection(
  File "/Users/hiroshi/Library/Python/3.9/lib/python/site-packages/urllib3/util/connection.py", line 60, in create_connection
    for res in socket.getaddrinfo(host, port, family, socket.SOCK_STREAM):
  File "/Library/Developer/CommandLineTools/Library/Frameworks/Python3.framework/Versions/3.9/lib/python3.9/socket.py", line 953, in getaddrinfo
    for res in _socket.getaddrinfo(host, port, family, type, proto, flags):
socket.gaierror: [Errno 8] nodename nor servname provided, or not known

The above exception was the direct cause of the following exception:

Traceback (most recent call last):
  File "/Users/hiroshi/Library/Python/3.9/lib/python/site-packages/urllib3/connectionpool.py", line 787, in urlopen
    response = self._make_request(
  File "/Users/hiroshi/Library/Python/3.9/lib/python/site-packages/urllib3/connectionpool.py", line 488, in _make_request
    raise new_e
  File "/Users/hiroshi/Library/Python/3.9/lib/python/site-packages/urllib3/connectionpool.py", line 464, in _make_request
    self._validate_conn(conn)
  File "/Users/hiroshi/Library/Python/3.9/lib/python/site-packages/urllib3/connectionpool.py", line 1093, in _validate_conn
    conn.connect()
  File "/Users/hiroshi/Library/Python/3.9/lib/python/site-packages/urllib3/connection.py", line 759, in connect
    self.sock = sock = self._new_conn()
  File "/Users/hiroshi/Library/Python/3.9/lib/python/site-packages/urllib3/connection.py", line 211, in _new_conn
    raise NameResolutionError(self.host, self, e) from e
urllib3.exceptions.NameResolutionError: HTTPSConnection(host='api-apne1.plaud.ai', port=443): Failed to resolve 'api-apne1.plaud.ai' ([Errno 8] nodename nor servname provided, or not known)

The above exception was the direct cause of the following exception:

Traceback (most recent call last):
  File "/Users/hiroshi/Library/Python/3.9/lib/python/site-packages/requests/adapters.py", line 644, in send
    resp = conn.urlopen(
  File "/Users/hiroshi/Library/Python/3.9/lib/python/site-packages/urllib3/connectionpool.py", line 841, in urlopen
    retries = retries.increment(
  File "/Users/hiroshi/Library/Python/3.9/lib/python/site-packages/urllib3/util/retry.py", line 519, in increment
    raise MaxRetryError(_pool, url, reason) from reason  # type: ignore[arg-type]
urllib3.exceptions.MaxRetryError: HTTPSConnectionPool(host='api-apne1.plaud.ai', port=443): Max retries exceeded with url: /file/simple/web?skip=0&limit=50&is_trash=2&sort_by=start_time&is_desc=true (Caused by NameResolutionError("HTTPSConnection(host='api-apne1.plaud.ai', port=443): Failed to resolve 'api-apne1.plaud.ai' ([Errno 8] nodename nor servname provided, or not known)"))

During handling of the above exception, another exception occurred:

Traceback (most recent call last):
  File "/Users/hiroshi/cursor/plaud_exports/plaud_export.py", line 322, in <module>
    main()
  File "/Users/hiroshi/cursor/plaud_exports/plaud_export.py", line 255, in main
    files = list_files(args.token, args.limit)
  File "/Users/hiroshi/cursor/plaud_exports/plaud_export.py", line 173, in list_files
    response = requests.get(url, headers=headers, params=params)
  File "/Users/hiroshi/Library/Python/3.9/lib/python/site-packages/requests/api.py", line 73, in get
    return request("get", url, params=params, **kwargs)
  File "/Users/hiroshi/Library/Python/3.9/lib/python/site-packages/requests/api.py", line 59, in request
    return session.request(method=method, url=url, **kwargs)
  File "/Users/hiroshi/Library/Python/3.9/lib/python/site-packages/requests/sessions.py", line 589, in request
    resp = self.send(prep, **send_kwargs)
  File "/Users/hiroshi/Library/Python/3.9/lib/python/site-packages/requests/sessions.py", line 703, in send
    r = adapter.send(request, **kwargs)
  File "/Users/hiroshi/Library/Python/3.9/lib/python/site-packages/requests/adapters.py", line 677, in send
    raise ConnectionError(e, request=request)
requests.exceptions.ConnectionError: HTTPSConnectionPool(host='api-apne1.plaud.ai', port=443): Max retries exceeded with url: /file/simple/web?skip=0&limit=50&is_trash=2&sort_by=start_time&is_desc=true (Caused by NameResolutionError("HTTPSConnection(host='api-apne1.plaud.ai', port=443): Failed to resolve 'api-apne1.plaud.ai' ([Errno 8] nodename nor servname provided, or not known)"))
[2026-04-08 04:37:36] ERROR: Auto export failed with exit code 1
[2026-04-08 11:35:04] Starting auto export...
/Users/hiroshi/Library/Python/3.9/lib/python/site-packages/urllib3/__init__.py:35: NotOpenSSLWarning: urllib3 v2 only supports OpenSSL 1.1.1+, currently the 'ssl' module is compiled with 'LibreSSL 2.8.3'. See: https://github.com/urllib3/urllib3/issues/3020
  warnings.warn(
Running in AUTO mode...
Found 7 new files out of 50 total.
Skipping 2026-04-07 23:11:41 (e01ef6b7345b55cb2bd9db7af6ad0a1e) - AI processing not yet complete.
Skipping 2026-03-15 16:23:06 (f741ea39d62b8cce8461e71de8006d15) - AI processing not yet complete.
Skipping 2026-03-12 10:00:47 (f4d99481d2520131e1fe9d35142bd876) - AI processing not yet complete.
Skipping 2026-03-03 11:40:52 (5ee14a603a0eb00dc0cd014131634a49) - AI processing not yet complete.
Skipping 2026-03-02 22:55:37 (f8e768606308a898b656297de98ecdf0) - AI processing not yet complete.
Skipping 2026-03-02 18:19:41 (e2e964c6239c49aa1ac0d62fa7a9b149) - AI processing not yet complete.
Skipping 2026-02-22 03:25:10 (2091a2244a8f229875ad1e486c0de2a0) - AI processing not yet complete.
Auto mode complete.
[2026-04-08 11:35:04] Auto export completed successfully.
[2026-04-08 12:35:04] Starting auto export...
/Users/hiroshi/Library/Python/3.9/lib/python/site-packages/urllib3/__init__.py:35: NotOpenSSLWarning: urllib3 v2 only supports OpenSSL 1.1.1+, currently the 'ssl' module is compiled with 'LibreSSL 2.8.3'. See: https://github.com/urllib3/urllib3/issues/3020
  warnings.warn(
Running in AUTO mode...
Found 7 new files out of 50 total.
Skipping 2026-04-07 23:11:41 (e01ef6b7345b55cb2bd9db7af6ad0a1e) - AI processing not yet complete.
Skipping 2026-03-15 16:23:06 (f741ea39d62b8cce8461e71de8006d15) - AI processing not yet complete.
Skipping 2026-03-12 10:00:47 (f4d99481d2520131e1fe9d35142bd876) - AI processing not yet complete.
Skipping 2026-03-03 11:40:52 (5ee14a603a0eb00dc0cd014131634a49) - AI processing not yet complete.
Skipping 2026-03-02 22:55:37 (f8e768606308a898b656297de98ecdf0) - AI processing not yet complete.
Skipping 2026-03-02 18:19:41 (e2e964c6239c49aa1ac0d62fa7a9b149) - AI processing not yet complete.
Skipping 2026-02-22 03:25:10 (2091a2244a8f229875ad1e486c0de2a0) - AI processing not yet complete.
Auto mode complete.
[2026-04-08 12:35:05] Auto export completed successfully.
[2026-04-08 13:35:05] Starting auto export...
/Users/hiroshi/Library/Python/3.9/lib/python/site-packages/urllib3/__init__.py:35: NotOpenSSLWarning: urllib3 v2 only supports OpenSSL 1.1.1+, currently the 'ssl' module is compiled with 'LibreSSL 2.8.3'. See: https://github.com/urllib3/urllib3/issues/3020
  warnings.warn(
Running in AUTO mode...
Found 7 new files out of 50 total.
Skipping 2026-04-07 23:11:41 (e01ef6b7345b55cb2bd9db7af6ad0a1e) - AI processing not yet complete.
Skipping 2026-03-15 16:23:06 (f741ea39d62b8cce8461e71de8006d15) - AI processing not yet complete.
Skipping 2026-03-12 10:00:47 (f4d99481d2520131e1fe9d35142bd876) - AI processing not yet complete.
Skipping 2026-03-03 11:40:52 (5ee14a603a0eb00dc0cd014131634a49) - AI processing not yet complete.
Skipping 2026-03-02 22:55:37 (f8e768606308a898b656297de98ecdf0) - AI processing not yet complete.
Skipping 2026-03-02 18:19:41 (e2e964c6239c49aa1ac0d62fa7a9b149) - AI processing not yet complete.
Skipping 2026-02-22 03:25:10 (2091a2244a8f229875ad1e486c0de2a0) - AI processing not yet complete.
Auto mode complete.
[2026-04-08 13:35:06] Auto export completed successfully.
[2026-04-08 14:35:06] Starting auto export...
/Users/hiroshi/Library/Python/3.9/lib/python/site-packages/urllib3/__init__.py:35: NotOpenSSLWarning: urllib3 v2 only supports OpenSSL 1.1.1+, currently the 'ssl' module is compiled with 'LibreSSL 2.8.3'. See: https://github.com/urllib3/urllib3/issues/3020
  warnings.warn(
Running in AUTO mode...
Found 7 new files out of 50 total.
Skipping 2026-04-07 23:11:41 (e01ef6b7345b55cb2bd9db7af6ad0a1e) - AI processing not yet complete.
Skipping 2026-03-15 16:23:06 (f741ea39d62b8cce8461e71de8006d15) - AI processing not yet complete.
Skipping 2026-03-12 10:00:47 (f4d99481d2520131e1fe9d35142bd876) - AI processing not yet complete.
Skipping 2026-03-03 11:40:52 (5ee14a603a0eb00dc0cd014131634a49) - AI processing not yet complete.
Skipping 2026-03-02 22:55:37 (f8e768606308a898b656297de98ecdf0) - AI processing not yet complete.
Skipping 2026-03-02 18:19:41 (e2e964c6239c49aa1ac0d62fa7a9b149) - AI processing not yet complete.
Skipping 2026-02-22 03:25:10 (2091a2244a8f229875ad1e486c0de2a0) - AI processing not yet complete.
Auto mode complete.
[2026-04-08 14:35:07] Auto export completed successfully.
[2026-04-08 15:35:07] Starting auto export...
/Users/hiroshi/Library/Python/3.9/lib/python/site-packages/urllib3/__init__.py:35: NotOpenSSLWarning: urllib3 v2 only supports OpenSSL 1.1.1+, currently the 'ssl' module is compiled with 'LibreSSL 2.8.3'. See: https://github.com/urllib3/urllib3/issues/3020
  warnings.warn(
Running in AUTO mode...
Found 7 new files out of 50 total.
Skipping 2026-04-07 23:11:41 (e01ef6b7345b55cb2bd9db7af6ad0a1e) - AI processing not yet complete.
Skipping 2026-03-15 16:23:06 (f741ea39d62b8cce8461e71de8006d15) - AI processing not yet complete.
Skipping 2026-03-12 10:00:47 (f4d99481d2520131e1fe9d35142bd876) - AI processing not yet complete.
Skipping 2026-03-03 11:40:52 (5ee14a603a0eb00dc0cd014131634a49) - AI processing not yet complete.
Skipping 2026-03-02 22:55:37 (f8e768606308a898b656297de98ecdf0) - AI processing not yet complete.
Skipping 2026-03-02 18:19:41 (e2e964c6239c49aa1ac0d62fa7a9b149) - AI processing not yet complete.
Skipping 2026-02-22 03:25:10 (2091a2244a8f229875ad1e486c0de2a0) - AI processing not yet complete.
Auto mode complete.
[2026-04-08 15:35:08] Auto export completed successfully.
[2026-04-08 16:35:08] Starting auto export...
/Users/hiroshi/Library/Python/3.9/lib/python/site-packages/urllib3/__init__.py:35: NotOpenSSLWarning: urllib3 v2 only supports OpenSSL 1.1.1+, currently the 'ssl' module is compiled with 'LibreSSL 2.8.3'. See: https://github.com/urllib3/urllib3/issues/3020
  warnings.warn(
Running in AUTO mode...
Found 7 new files out of 50 total.
Skipping 2026-04-07 23:11:41 (e01ef6b7345b55cb2bd9db7af6ad0a1e) - AI processing not yet complete.
Skipping 2026-03-15 16:23:06 (f741ea39d62b8cce8461e71de8006d15) - AI processing not yet complete.
Skipping 2026-03-12 10:00:47 (f4d99481d2520131e1fe9d35142bd876) - AI processing not yet complete.
Skipping 2026-03-03 11:40:52 (5ee14a603a0eb00dc0cd014131634a49) - AI processing not yet complete.
Skipping 2026-03-02 22:55:37 (f8e768606308a898b656297de98ecdf0) - AI processing not yet complete.
Skipping 2026-03-02 18:19:41 (e2e964c6239c49aa1ac0d62fa7a9b149) - AI processing not yet complete.
Skipping 2026-02-22 03:25:10 (2091a2244a8f229875ad1e486c0de2a0) - AI processing not yet complete.
Auto mode complete.
[2026-04-08 16:35:09] Auto export completed successfully.
[2026-04-08 17:35:09] Starting auto export...
/Users/hiroshi/Library/Python/3.9/lib/python/site-packages/urllib3/__init__.py:35: NotOpenSSLWarning: urllib3 v2 only supports OpenSSL 1.1.1+, currently the 'ssl' module is compiled with 'LibreSSL 2.8.3'. See: https://github.com/urllib3/urllib3/issues/3020
  warnings.warn(
Running in AUTO mode...
Found 7 new files out of 50 total.
Skipping 2026-04-07 23:11:41 (e01ef6b7345b55cb2bd9db7af6ad0a1e) - AI processing not yet complete.
Skipping 2026-03-15 16:23:06 (f741ea39d62b8cce8461e71de8006d15) - AI processing not yet complete.
Skipping 2026-03-12 10:00:47 (f4d99481d2520131e1fe9d35142bd876) - AI processing not yet complete.
Skipping 2026-03-03 11:40:52 (5ee14a603a0eb00dc0cd014131634a49) - AI processing not yet complete.
Skipping 2026-03-02 22:55:37 (f8e768606308a898b656297de98ecdf0) - AI processing not yet complete.
Skipping 2026-03-02 18:19:41 (e2e964c6239c49aa1ac0d62fa7a9b149) - AI processing not yet complete.
Skipping 2026-02-22 03:25:10 (2091a2244a8f229875ad1e486c0de2a0) - AI processing not yet complete.
Auto mode complete.
[2026-04-08 17:35:10] Auto export completed successfully.
[2026-04-08 18:35:10] Starting auto export...
/Users/hiroshi/Library/Python/3.9/lib/python/site-packages/urllib3/__init__.py:35: NotOpenSSLWarning: urllib3 v2 only supports OpenSSL 1.1.1+, currently the 'ssl' module is compiled with 'LibreSSL 2.8.3'. See: https://github.com/urllib3/urllib3/issues/3020
  warnings.warn(
Running in AUTO mode...
Found 7 new files out of 50 total.
Skipping 2026-04-07 23:11:41 (e01ef6b7345b55cb2bd9db7af6ad0a1e) - AI processing not yet complete.
Skipping 2026-03-15 16:23:06 (f741ea39d62b8cce8461e71de8006d15) - AI processing not yet complete.
Skipping 2026-03-12 10:00:47 (f4d99481d2520131e1fe9d35142bd876) - AI processing not yet complete.
Skipping 2026-03-03 11:40:52 (5ee14a603a0eb00dc0cd014131634a49) - AI processing not yet complete.
Skipping 2026-03-02 22:55:37 (f8e768606308a898b656297de98ecdf0) - AI processing not yet complete.
Skipping 2026-03-02 18:19:41 (e2e964c6239c49aa1ac0d62fa7a9b149) - AI processing not yet complete.
Skipping 2026-02-22 03:25:10 (2091a2244a8f229875ad1e486c0de2a0) - AI processing not yet complete.
Auto mode complete.
[2026-04-08 18:35:11] Auto export completed successfully.
[2026-04-08 19:35:11] Starting auto export...
/Users/hiroshi/Library/Python/3.9/lib/python/site-packages/urllib3/__init__.py:35: NotOpenSSLWarning: urllib3 v2 only supports OpenSSL 1.1.1+, currently the 'ssl' module is compiled with 'LibreSSL 2.8.3'. See: https://github.com/urllib3/urllib3/issues/3020
  warnings.warn(
Running in AUTO mode...
Found 7 new files out of 50 total.
Skipping 2026-04-07 23:11:41 (e01ef6b7345b55cb2bd9db7af6ad0a1e) - AI processing not yet complete.
Skipping 2026-03-15 16:23:06 (f741ea39d62b8cce8461e71de8006d15) - AI processing not yet complete.
Skipping 2026-03-12 10:00:47 (f4d99481d2520131e1fe9d35142bd876) - AI processing not yet complete.
Skipping 2026-03-03 11:40:52 (5ee14a603a0eb00dc0cd014131634a49) - AI processing not yet complete.
Skipping 2026-03-02 22:55:37 (f8e768606308a898b656297de98ecdf0) - AI processing not yet complete.
Skipping 2026-03-02 18:19:41 (e2e964c6239c49aa1ac0d62fa7a9b149) - AI processing not yet complete.
Skipping 2026-02-22 03:25:10 (2091a2244a8f229875ad1e486c0de2a0) - AI processing not yet complete.
Auto mode complete.
[2026-04-08 19:35:12] Auto export completed successfully.
[2026-04-08 20:35:12] Starting auto export...
/Users/hiroshi/Library/Python/3.9/lib/python/site-packages/urllib3/__init__.py:35: NotOpenSSLWarning: urllib3 v2 only supports OpenSSL 1.1.1+, currently the 'ssl' module is compiled with 'LibreSSL 2.8.3'. See: https://github.com/urllib3/urllib3/issues/3020
  warnings.warn(
Running in AUTO mode...
Found 7 new files out of 50 total.
Skipping 2026-04-07 23:11:41 (e01ef6b7345b55cb2bd9db7af6ad0a1e) - AI processing not yet complete.
Skipping 2026-03-15 16:23:06 (f741ea39d62b8cce8461e71de8006d15) - AI processing not yet complete.
Skipping 2026-03-12 10:00:47 (f4d99481d2520131e1fe9d35142bd876) - AI processing not yet complete.
Skipping 2026-03-03 11:40:52 (5ee14a603a0eb00dc0cd014131634a49) - AI processing not yet complete.
Skipping 2026-03-02 22:55:37 (f8e768606308a898b656297de98ecdf0) - AI processing not yet complete.
Skipping 2026-03-02 18:19:41 (e2e964c6239c49aa1ac0d62fa7a9b149) - AI processing not yet complete.
Skipping 2026-02-22 03:25:10 (2091a2244a8f229875ad1e486c0de2a0) - AI processing not yet complete.
Auto mode complete.
[2026-04-08 20:35:12] Auto export completed successfully.
[2026-04-08 21:35:13] Starting auto export...
/Users/hiroshi/Library/Python/3.9/lib/python/site-packages/urllib3/__init__.py:35: NotOpenSSLWarning: urllib3 v2 only supports OpenSSL 1.1.1+, currently the 'ssl' module is compiled with 'LibreSSL 2.8.3'. See: https://github.com/urllib3/urllib3/issues/3020
  warnings.warn(
Running in AUTO mode...
Found 7 new files out of 50 total.
Skipping 2026-04-07 23:11:41 (e01ef6b7345b55cb2bd9db7af6ad0a1e) - AI processing not yet complete.
Skipping 2026-03-15 16:23:06 (f741ea39d62b8cce8461e71de8006d15) - AI processing not yet complete.
Skipping 2026-03-12 10:00:47 (f4d99481d2520131e1fe9d35142bd876) - AI processing not yet complete.
Skipping 2026-03-03 11:40:52 (5ee14a603a0eb00dc0cd014131634a49) - AI processing not yet complete.
Skipping 2026-03-02 22:55:37 (f8e768606308a898b656297de98ecdf0) - AI processing not yet complete.
Skipping 2026-03-02 18:19:41 (e2e964c6239c49aa1ac0d62fa7a9b149) - AI processing not yet complete.
Skipping 2026-02-22 03:25:10 (2091a2244a8f229875ad1e486c0de2a0) - AI processing not yet complete.
Auto mode complete.
[2026-04-08 21:35:13] Auto export completed successfully.
[2026-04-08 22:35:13] Starting auto export...
/Users/hiroshi/Library/Python/3.9/lib/python/site-packages/urllib3/__init__.py:35: NotOpenSSLWarning: urllib3 v2 only supports OpenSSL 1.1.1+, currently the 'ssl' module is compiled with 'LibreSSL 2.8.3'. See: https://github.com/urllib3/urllib3/issues/3020
  warnings.warn(
Running in AUTO mode...
Found 7 new files out of 50 total.
Skipping 2026-04-07 23:11:41 (e01ef6b7345b55cb2bd9db7af6ad0a1e) - AI processing not yet complete.
Skipping 2026-03-15 16:23:06 (f741ea39d62b8cce8461e71de8006d15) - AI processing not yet complete.
Skipping 2026-03-12 10:00:47 (f4d99481d2520131e1fe9d35142bd876) - AI processing not yet complete.
Skipping 2026-03-03 11:40:52 (5ee14a603a0eb00dc0cd014131634a49) - AI processing not yet complete.
Skipping 2026-03-02 22:55:37 (f8e768606308a898b656297de98ecdf0) - AI processing not yet complete.
Skipping 2026-03-02 18:19:41 (e2e964c6239c49aa1ac0d62fa7a9b149) - AI processing not yet complete.
Skipping 2026-02-22 03:25:10 (2091a2244a8f229875ad1e486c0de2a0) - AI processing not yet complete.
Auto mode complete.
[2026-04-08 22:35:14] Auto export completed successfully.
[2026-04-08 23:35:14] Starting auto export...
/Users/hiroshi/Library/Python/3.9/lib/python/site-packages/urllib3/__init__.py:35: NotOpenSSLWarning: urllib3 v2 only supports OpenSSL 1.1.1+, currently the 'ssl' module is compiled with 'LibreSSL 2.8.3'. See: https://github.com/urllib3/urllib3/issues/3020
  warnings.warn(
Running in AUTO mode...
Found 7 new files out of 50 total.
Skipping 2026-04-07 23:11:41 (e01ef6b7345b55cb2bd9db7af6ad0a1e) - AI processing not yet complete.
Skipping 2026-03-15 16:23:06 (f741ea39d62b8cce8461e71de8006d15) - AI processing not yet complete.
Skipping 2026-03-12 10:00:47 (f4d99481d2520131e1fe9d35142bd876) - AI processing not yet complete.
Skipping 2026-03-03 11:40:52 (5ee14a603a0eb00dc0cd014131634a49) - AI processing not yet complete.
Skipping 2026-03-02 22:55:37 (f8e768606308a898b656297de98ecdf0) - AI processing not yet complete.
Skipping 2026-03-02 18:19:41 (e2e964c6239c49aa1ac0d62fa7a9b149) - AI processing not yet complete.
Skipping 2026-02-22 03:25:10 (2091a2244a8f229875ad1e486c0de2a0) - AI processing not yet complete.
Auto mode complete.
[2026-04-08 23:35:15] Auto export completed successfully.
[2026-04-09 00:35:15] Starting auto export...
/Users/hiroshi/Library/Python/3.9/lib/python/site-packages/urllib3/__init__.py:35: NotOpenSSLWarning: urllib3 v2 only supports OpenSSL 1.1.1+, currently the 'ssl' module is compiled with 'LibreSSL 2.8.3'. See: https://github.com/urllib3/urllib3/issues/3020
  warnings.warn(
Running in AUTO mode...
Found 7 new files out of 50 total.
Skipping 2026-04-07 23:11:41 (e01ef6b7345b55cb2bd9db7af6ad0a1e) - AI processing not yet complete.
Skipping 2026-03-15 16:23:06 (f741ea39d62b8cce8461e71de8006d15) - AI processing not yet complete.
Skipping 2026-03-12 10:00:47 (f4d99481d2520131e1fe9d35142bd876) - AI processing not yet complete.
Skipping 2026-03-03 11:40:52 (5ee14a603a0eb00dc0cd014131634a49) - AI processing not yet complete.
Skipping 2026-03-02 22:55:37 (f8e768606308a898b656297de98ecdf0) - AI processing not yet complete.
Skipping 2026-03-02 18:19:41 (e2e964c6239c49aa1ac0d62fa7a9b149) - AI processing not yet complete.
Skipping 2026-02-22 03:25:10 (2091a2244a8f229875ad1e486c0de2a0) - AI processing not yet complete.
Auto mode complete.
[2026-04-09 00:35:16] Auto export completed successfully.
[2026-04-09 01:35:16] Starting auto export...
/Users/hiroshi/Library/Python/3.9/lib/python/site-packages/urllib3/__init__.py:35: NotOpenSSLWarning: urllib3 v2 only supports OpenSSL 1.1.1+, currently the 'ssl' module is compiled with 'LibreSSL 2.8.3'. See: https://github.com/urllib3/urllib3/issues/3020
  warnings.warn(
Running in AUTO mode...
Found 7 new files out of 50 total.
Skipping 2026-04-07 23:11:41 (e01ef6b7345b55cb2bd9db7af6ad0a1e) - AI processing not yet complete.
Skipping 2026-03-15 16:23:06 (f741ea39d62b8cce8461e71de8006d15) - AI processing not yet complete.
Skipping 2026-03-12 10:00:47 (f4d99481d2520131e1fe9d35142bd876) - AI processing not yet complete.
Skipping 2026-03-03 11:40:52 (5ee14a603a0eb00dc0cd014131634a49) - AI processing not yet complete.
Skipping 2026-03-02 22:55:37 (f8e768606308a898b656297de98ecdf0) - AI processing not yet complete.
Skipping 2026-03-02 18:19:41 (e2e964c6239c49aa1ac0d62fa7a9b149) - AI processing not yet complete.
Skipping 2026-02-22 03:25:10 (2091a2244a8f229875ad1e486c0de2a0) - AI processing not yet complete.
Auto mode complete.
[2026-04-09 01:35:17] Auto export completed successfully.
[2026-04-09 02:35:17] Starting auto export...
/Users/hiroshi/Library/Python/3.9/lib/python/site-packages/urllib3/__init__.py:35: NotOpenSSLWarning: urllib3 v2 only supports OpenSSL 1.1.1+, currently the 'ssl' module is compiled with 'LibreSSL 2.8.3'. See: https://github.com/urllib3/urllib3/issues/3020
  warnings.warn(
Running in AUTO mode...
Found 7 new files out of 50 total.
Skipping 2026-04-07 23:11:41 (e01ef6b7345b55cb2bd9db7af6ad0a1e) - AI processing not yet complete.
Skipping 2026-03-15 16:23:06 (f741ea39d62b8cce8461e71de8006d15) - AI processing not yet complete.
Skipping 2026-03-12 10:00:47 (f4d99481d2520131e1fe9d35142bd876) - AI processing not yet complete.
Skipping 2026-03-03 11:40:52 (5ee14a603a0eb00dc0cd014131634a49) - AI processing not yet complete.
Skipping 2026-03-02 22:55:37 (f8e768606308a898b656297de98ecdf0) - AI processing not yet complete.
Skipping 2026-03-02 18:19:41 (e2e964c6239c49aa1ac0d62fa7a9b149) - AI processing not yet complete.
Skipping 2026-02-22 03:25:10 (2091a2244a8f229875ad1e486c0de2a0) - AI processing not yet complete.
Auto mode complete.
[2026-04-09 02:35:18] Auto export completed successfully.
[2026-04-09 03:35:18] Starting auto export...
/Users/hiroshi/Library/Python/3.9/lib/python/site-packages/urllib3/__init__.py:35: NotOpenSSLWarning: urllib3 v2 only supports OpenSSL 1.1.1+, currently the 'ssl' module is compiled with 'LibreSSL 2.8.3'. See: https://github.com/urllib3/urllib3/issues/3020
  warnings.warn(
Running in AUTO mode...
Found 7 new files out of 50 total.
Skipping 2026-04-07 23:11:41 (e01ef6b7345b55cb2bd9db7af6ad0a1e) - AI processing not yet complete.
Skipping 2026-03-15 16:23:06 (f741ea39d62b8cce8461e71de8006d15) - AI processing not yet complete.
Skipping 2026-03-12 10:00:47 (f4d99481d2520131e1fe9d35142bd876) - AI processing not yet complete.
Skipping 2026-03-03 11:40:52 (5ee14a603a0eb00dc0cd014131634a49) - AI processing not yet complete.
Skipping 2026-03-02 22:55:37 (f8e768606308a898b656297de98ecdf0) - AI processing not yet complete.
Skipping 2026-03-02 18:19:41 (e2e964c6239c49aa1ac0d62fa7a9b149) - AI processing not yet complete.
Skipping 2026-02-22 03:25:10 (2091a2244a8f229875ad1e486c0de2a0) - AI processing not yet complete.
Auto mode complete.
[2026-04-09 03:35:19] Auto export completed successfully.
[2026-04-09 04:35:19] Starting auto export...
/Users/hiroshi/Library/Python/3.9/lib/python/site-packages/urllib3/__init__.py:35: NotOpenSSLWarning: urllib3 v2 only supports OpenSSL 1.1.1+, currently the 'ssl' module is compiled with 'LibreSSL 2.8.3'. See: https://github.com/urllib3/urllib3/issues/3020
  warnings.warn(
Running in AUTO mode...
Found 7 new files out of 50 total.
Skipping 2026-04-07 23:11:41 (e01ef6b7345b55cb2bd9db7af6ad0a1e) - AI processing not yet complete.
Skipping 2026-03-15 16:23:06 (f741ea39d62b8cce8461e71de8006d15) - AI processing not yet complete.
Skipping 2026-03-12 10:00:47 (f4d99481d2520131e1fe9d35142bd876) - AI processing not yet complete.
Skipping 2026-03-03 11:40:52 (5ee14a603a0eb00dc0cd014131634a49) - AI processing not yet complete.
Skipping 2026-03-02 22:55:37 (f8e768606308a898b656297de98ecdf0) - AI processing not yet complete.
Skipping 2026-03-02 18:19:41 (e2e964c6239c49aa1ac0d62fa7a9b149) - AI processing not yet complete.
Skipping 2026-02-22 03:25:10 (2091a2244a8f229875ad1e486c0de2a0) - AI processing not yet complete.
Auto mode complete.
[2026-04-09 04:35:19] Auto export completed successfully.
[2026-04-09 05:35:20] Starting auto export...
/Users/hiroshi/Library/Python/3.9/lib/python/site-packages/urllib3/__init__.py:35: NotOpenSSLWarning: urllib3 v2 only supports OpenSSL 1.1.1+, currently the 'ssl' module is compiled with 'LibreSSL 2.8.3'. See: https://github.com/urllib3/urllib3/issues/3020
  warnings.warn(
Running in AUTO mode...
Found 7 new files out of 50 total.
Skipping 2026-04-07 23:11:41 (e01ef6b7345b55cb2bd9db7af6ad0a1e) - AI processing not yet complete.
Skipping 2026-03-15 16:23:06 (f741ea39d62b8cce8461e71de8006d15) - AI processing not yet complete.
Skipping 2026-03-12 10:00:47 (f4d99481d2520131e1fe9d35142bd876) - AI processing not yet complete.
Skipping 2026-03-03 11:40:52 (5ee14a603a0eb00dc0cd014131634a49) - AI processing not yet complete.
Skipping 2026-03-02 22:55:37 (f8e768606308a898b656297de98ecdf0) - AI processing not yet complete.
Skipping 2026-03-02 18:19:41 (e2e964c6239c49aa1ac0d62fa7a9b149) - AI processing not yet complete.
Skipping 2026-02-22 03:25:10 (2091a2244a8f229875ad1e486c0de2a0) - AI processing not yet complete.
Auto mode complete.
[2026-04-09 05:35:21] Auto export completed successfully.
[2026-04-09 06:35:21] Starting auto export...
/Users/hiroshi/Library/Python/3.9/lib/python/site-packages/urllib3/__init__.py:35: NotOpenSSLWarning: urllib3 v2 only supports OpenSSL 1.1.1+, currently the 'ssl' module is compiled with 'LibreSSL 2.8.3'. See: https://github.com/urllib3/urllib3/issues/3020
  warnings.warn(
Running in AUTO mode...
Found 7 new files out of 50 total.
Skipping 2026-04-07 23:11:41 (e01ef6b7345b55cb2bd9db7af6ad0a1e) - AI processing not yet complete.
Skipping 2026-03-15 16:23:06 (f741ea39d62b8cce8461e71de8006d15) - AI processing not yet complete.
Skipping 2026-03-12 10:00:47 (f4d99481d2520131e1fe9d35142bd876) - AI processing not yet complete.
Skipping 2026-03-03 11:40:52 (5ee14a603a0eb00dc0cd014131634a49) - AI processing not yet complete.
Skipping 2026-03-02 22:55:37 (f8e768606308a898b656297de98ecdf0) - AI processing not yet complete.
Skipping 2026-03-02 18:19:41 (e2e964c6239c49aa1ac0d62fa7a9b149) - AI processing not yet complete.
Skipping 2026-02-22 03:25:10 (2091a2244a8f229875ad1e486c0de2a0) - AI processing not yet complete.
Auto mode complete.
[2026-04-09 06:35:21] Auto export completed successfully.
[2026-04-09 07:35:21] Starting auto export...
/Users/hiroshi/Library/Python/3.9/lib/python/site-packages/urllib3/__init__.py:35: NotOpenSSLWarning: urllib3 v2 only supports OpenSSL 1.1.1+, currently the 'ssl' module is compiled with 'LibreSSL 2.8.3'. See: https://github.com/urllib3/urllib3/issues/3020
  warnings.warn(
Running in AUTO mode...
Found 7 new files out of 50 total.
Skipping 2026-04-07 23:11:41 (e01ef6b7345b55cb2bd9db7af6ad0a1e) - AI processing not yet complete.
Skipping 2026-03-15 16:23:06 (f741ea39d62b8cce8461e71de8006d15) - AI processing not yet complete.
Skipping 2026-03-12 10:00:47 (f4d99481d2520131e1fe9d35142bd876) - AI processing not yet complete.
Skipping 2026-03-03 11:40:52 (5ee14a603a0eb00dc0cd014131634a49) - AI processing not yet complete.
Skipping 2026-03-02 22:55:37 (f8e768606308a898b656297de98ecdf0) - AI processing not yet complete.
Skipping 2026-03-02 18:19:41 (e2e964c6239c49aa1ac0d62fa7a9b149) - AI processing not yet complete.
Skipping 2026-02-22 03:25:10 (2091a2244a8f229875ad1e486c0de2a0) - AI processing not yet complete.
Auto mode complete.
[2026-04-09 07:35:22] Auto export completed successfully.
[2026-04-09 08:35:22] Starting auto export...
/Users/hiroshi/Library/Python/3.9/lib/python/site-packages/urllib3/__init__.py:35: NotOpenSSLWarning: urllib3 v2 only supports OpenSSL 1.1.1+, currently the 'ssl' module is compiled with 'LibreSSL 2.8.3'. See: https://github.com/urllib3/urllib3/issues/3020
  warnings.warn(
Running in AUTO mode...
Found 7 new files out of 50 total.
Skipping 2026-04-07 23:11:41 (e01ef6b7345b55cb2bd9db7af6ad0a1e) - AI processing not yet complete.
Skipping 2026-03-15 16:23:06 (f741ea39d62b8cce8461e71de8006d15) - AI processing not yet complete.
Skipping 2026-03-12 10:00:47 (f4d99481d2520131e1fe9d35142bd876) - AI processing not yet complete.
Skipping 2026-03-03 11:40:52 (5ee14a603a0eb00dc0cd014131634a49) - AI processing not yet complete.
Skipping 2026-03-02 22:55:37 (f8e768606308a898b656297de98ecdf0) - AI processing not yet complete.
Skipping 2026-03-02 18:19:41 (e2e964c6239c49aa1ac0d62fa7a9b149) - AI processing not yet complete.
Skipping 2026-02-22 03:25:10 (2091a2244a8f229875ad1e486c0de2a0) - AI processing not yet complete.
Auto mode complete.
[2026-04-09 08:35:23] Auto export completed successfully.
[2026-04-09 09:35:23] Starting auto export...
/Users/hiroshi/Library/Python/3.9/lib/python/site-packages/urllib3/__init__.py:35: NotOpenSSLWarning: urllib3 v2 only supports OpenSSL 1.1.1+, currently the 'ssl' module is compiled with 'LibreSSL 2.8.3'. See: https://github.com/urllib3/urllib3/issues/3020
  warnings.warn(
Running in AUTO mode...
Found 7 new files out of 50 total.
Skipping 2026-04-07 23:11:41 (e01ef6b7345b55cb2bd9db7af6ad0a1e) - AI processing not yet complete.
Skipping 2026-03-15 16:23:06 (f741ea39d62b8cce8461e71de8006d15) - AI processing not yet complete.
Skipping 2026-03-12 10:00:47 (f4d99481d2520131e1fe9d35142bd876) - AI processing not yet complete.
Skipping 2026-03-03 11:40:52 (5ee14a603a0eb00dc0cd014131634a49) - AI processing not yet complete.
Skipping 2026-03-02 22:55:37 (f8e768606308a898b656297de98ecdf0) - AI processing not yet complete.
Skipping 2026-03-02 18:19:41 (e2e964c6239c49aa1ac0d62fa7a9b149) - AI processing not yet complete.
Skipping 2026-02-22 03:25:10 (2091a2244a8f229875ad1e486c0de2a0) - AI processing not yet complete.
Auto mode complete.
[2026-04-09 09:35:24] Auto export completed successfully.
[2026-04-09 10:35:24] Starting auto export...
/Users/hiroshi/Library/Python/3.9/lib/python/site-packages/urllib3/__init__.py:35: NotOpenSSLWarning: urllib3 v2 only supports OpenSSL 1.1.1+, currently the 'ssl' module is compiled with 'LibreSSL 2.8.3'. See: https://github.com/urllib3/urllib3/issues/3020
  warnings.warn(
Running in AUTO mode...
Found 7 new files out of 50 total.
Skipping 2026-04-07 23:11:41 (e01ef6b7345b55cb2bd9db7af6ad0a1e) - AI processing not yet complete.
Skipping 2026-03-15 16:23:06 (f741ea39d62b8cce8461e71de8006d15) - AI processing not yet complete.
Skipping 2026-03-12 10:00:47 (f4d99481d2520131e1fe9d35142bd876) - AI processing not yet complete.
Skipping 2026-03-03 11:40:52 (5ee14a603a0eb00dc0cd014131634a49) - AI processing not yet complete.
Skipping 2026-03-02 22:55:37 (f8e768606308a898b656297de98ecdf0) - AI processing not yet complete.
Skipping 2026-03-02 18:19:41 (e2e964c6239c49aa1ac0d62fa7a9b149) - AI processing not yet complete.
Skipping 2026-02-22 03:25:10 (2091a2244a8f229875ad1e486c0de2a0) - AI processing not yet complete.
Auto mode complete.
[2026-04-09 10:35:25] Auto export completed successfully.
[2026-04-09 11:35:25] Starting auto export...
/Users/hiroshi/Library/Python/3.9/lib/python/site-packages/urllib3/__init__.py:35: NotOpenSSLWarning: urllib3 v2 only supports OpenSSL 1.1.1+, currently the 'ssl' module is compiled with 'LibreSSL 2.8.3'. See: https://github.com/urllib3/urllib3/issues/3020
  warnings.warn(
Running in AUTO mode...
Found 7 new files out of 50 total.
Skipping 2026-04-07 23:11:41 (e01ef6b7345b55cb2bd9db7af6ad0a1e) - AI processing not yet complete.
Skipping 2026-03-15 16:23:06 (f741ea39d62b8cce8461e71de8006d15) - AI processing not yet complete.
Skipping 2026-03-12 10:00:47 (f4d99481d2520131e1fe9d35142bd876) - AI processing not yet complete.
Skipping 2026-03-03 11:40:52 (5ee14a603a0eb00dc0cd014131634a49) - AI processing not yet complete.
Skipping 2026-03-02 22:55:37 (f8e768606308a898b656297de98ecdf0) - AI processing not yet complete.
Skipping 2026-03-02 18:19:41 (e2e964c6239c49aa1ac0d62fa7a9b149) - AI processing not yet complete.
Skipping 2026-02-22 03:25:10 (2091a2244a8f229875ad1e486c0de2a0) - AI processing not yet complete.
Auto mode complete.
[2026-04-09 11:35:26] Auto export completed successfully.
[2026-04-10 00:38:58] Starting auto export...
/Users/hiroshi/Library/Python/3.9/lib/python/site-packages/urllib3/__init__.py:35: NotOpenSSLWarning: urllib3 v2 only supports OpenSSL 1.1.1+, currently the 'ssl' module is compiled with 'LibreSSL 2.8.3'. See: https://github.com/urllib3/urllib3/issues/3020
  warnings.warn(
Running in AUTO mode...
Found 7 new files out of 50 total.
Skipping 2026-04-07 23:11:41 (e01ef6b7345b55cb2bd9db7af6ad0a1e) - AI processing not yet complete.
Skipping 2026-03-15 16:23:06 (f741ea39d62b8cce8461e71de8006d15) - AI processing not yet complete.
Skipping 2026-03-12 10:00:47 (f4d99481d2520131e1fe9d35142bd876) - AI processing not yet complete.
Skipping 2026-03-03 11:40:52 (5ee14a603a0eb00dc0cd014131634a49) - AI processing not yet complete.
Skipping 2026-03-02 22:55:37 (f8e768606308a898b656297de98ecdf0) - AI processing not yet complete.
Skipping 2026-03-02 18:19:41 (e2e964c6239c49aa1ac0d62fa7a9b149) - AI processing not yet complete.
Skipping 2026-02-22 03:25:10 (2091a2244a8f229875ad1e486c0de2a0) - AI processing not yet complete.
Auto mode complete.
[2026-04-10 00:38:59] Auto export completed successfully.
[2026-04-10 16:15:46] Starting auto export...
/Users/hiroshi/Library/Python/3.9/lib/python/site-packages/urllib3/__init__.py:35: NotOpenSSLWarning: urllib3 v2 only supports OpenSSL 1.1.1+, currently the 'ssl' module is compiled with 'LibreSSL 2.8.3'. See: https://github.com/urllib3/urllib3/issues/3020
  warnings.warn(
Running in AUTO mode...
Found 7 new files out of 50 total.
Skipping 2026-04-07 23:11:41 (e01ef6b7345b55cb2bd9db7af6ad0a1e) - AI processing not yet complete.
Skipping 2026-03-15 16:23:06 (f741ea39d62b8cce8461e71de8006d15) - AI processing not yet complete.
Skipping 2026-03-12 10:00:47 (f4d99481d2520131e1fe9d35142bd876) - AI processing not yet complete.
Skipping 2026-03-03 11:40:52 (5ee14a603a0eb00dc0cd014131634a49) - AI processing not yet complete.
Skipping 2026-03-02 22:55:37 (f8e768606308a898b656297de98ecdf0) - AI processing not yet complete.
Skipping 2026-03-02 18:19:41 (e2e964c6239c49aa1ac0d62fa7a9b149) - AI processing not yet complete.
Skipping 2026-02-22 03:25:10 (2091a2244a8f229875ad1e486c0de2a0) - AI processing not yet complete.
Auto mode complete.
[2026-04-10 16:15:51] Auto export completed successfully.
[2026-04-10 20:07:14] Starting auto export...
/Users/hiroshi/Library/Python/3.9/lib/python/site-packages/urllib3/__init__.py:35: NotOpenSSLWarning: urllib3 v2 only supports OpenSSL 1.1.1+, currently the 'ssl' module is compiled with 'LibreSSL 2.8.3'. See: https://github.com/urllib3/urllib3/issues/3020
  warnings.warn(
Running in AUTO mode...
Found 7 new files out of 50 total.
Skipping 2026-04-07 23:11:41 (e01ef6b7345b55cb2bd9db7af6ad0a1e) - AI processing not yet complete.
Skipping 2026-03-15 16:23:06 (f741ea39d62b8cce8461e71de8006d15) - AI processing not yet complete.
Skipping 2026-03-12 10:00:47 (f4d99481d2520131e1fe9d35142bd876) - AI processing not yet complete.
Skipping 2026-03-03 11:40:52 (5ee14a603a0eb00dc0cd014131634a49) - AI processing not yet complete.
Skipping 2026-03-02 22:55:37 (f8e768606308a898b656297de98ecdf0) - AI processing not yet complete.
Skipping 2026-03-02 18:19:41 (e2e964c6239c49aa1ac0d62fa7a9b149) - AI processing not yet complete.
Skipping 2026-02-22 03:25:10 (2091a2244a8f229875ad1e486c0de2a0) - AI processing not yet complete.
Auto mode complete.
[2026-04-10 20:07:15] Auto export completed successfully.
[2026-04-10 21:07:15] Starting auto export...
/Users/hiroshi/Library/Python/3.9/lib/python/site-packages/urllib3/__init__.py:35: NotOpenSSLWarning: urllib3 v2 only supports OpenSSL 1.1.1+, currently the 'ssl' module is compiled with 'LibreSSL 2.8.3'. See: https://github.com/urllib3/urllib3/issues/3020
  warnings.warn(
Running in AUTO mode...
Found 7 new files out of 50 total.
Skipping 2026-04-07 23:11:41 (e01ef6b7345b55cb2bd9db7af6ad0a1e) - AI processing not yet complete.
Skipping 2026-03-15 16:23:06 (f741ea39d62b8cce8461e71de8006d15) - AI processing not yet complete.
Skipping 2026-03-12 10:00:47 (f4d99481d2520131e1fe9d35142bd876) - AI processing not yet complete.
Skipping 2026-03-03 11:40:52 (5ee14a603a0eb00dc0cd014131634a49) - AI processing not yet complete.
Skipping 2026-03-02 22:55:37 (f8e768606308a898b656297de98ecdf0) - AI processing not yet complete.
Skipping 2026-03-02 18:19:41 (e2e964c6239c49aa1ac0d62fa7a9b149) - AI processing not yet complete.
Skipping 2026-02-22 03:25:10 (2091a2244a8f229875ad1e486c0de2a0) - AI processing not yet complete.
Auto mode complete.
[2026-04-10 21:07:15] Auto export completed successfully.
[2026-04-11 00:29:24] Starting auto export...
/Users/hiroshi/Library/Python/3.9/lib/python/site-packages/urllib3/__init__.py:35: NotOpenSSLWarning: urllib3 v2 only supports OpenSSL 1.1.1+, currently the 'ssl' module is compiled with 'LibreSSL 2.8.3'. See: https://github.com/urllib3/urllib3/issues/3020
  warnings.warn(
Running in AUTO mode...
Found 7 new files out of 50 total.
Skipping 2026-04-07 23:11:41 (e01ef6b7345b55cb2bd9db7af6ad0a1e) - AI processing not yet complete.
Skipping 2026-03-15 16:23:06 (f741ea39d62b8cce8461e71de8006d15) - AI processing not yet complete.
Skipping 2026-03-12 10:00:47 (f4d99481d2520131e1fe9d35142bd876) - AI processing not yet complete.
Skipping 2026-03-03 11:40:52 (5ee14a603a0eb00dc0cd014131634a49) - AI processing not yet complete.
Skipping 2026-03-02 22:55:37 (f8e768606308a898b656297de98ecdf0) - AI processing not yet complete.
Skipping 2026-03-02 18:19:41 (e2e964c6239c49aa1ac0d62fa7a9b149) - AI processing not yet complete.
Skipping 2026-02-22 03:25:10 (2091a2244a8f229875ad1e486c0de2a0) - AI processing not yet complete.
Auto mode complete.
[2026-04-11 00:29:25] Auto export completed successfully.
[2026-04-11 06:25:00] Starting auto export...
/Users/hiroshi/Library/Python/3.9/lib/python/site-packages/urllib3/__init__.py:35: NotOpenSSLWarning: urllib3 v2 only supports OpenSSL 1.1.1+, currently the 'ssl' module is compiled with 'LibreSSL 2.8.3'. See: https://github.com/urllib3/urllib3/issues/3020
  warnings.warn(
Running in AUTO mode...
Found 7 new files out of 50 total.
Skipping 2026-04-07 23:11:41 (e01ef6b7345b55cb2bd9db7af6ad0a1e) - AI processing not yet complete.
Skipping 2026-03-15 16:23:06 (f741ea39d62b8cce8461e71de8006d15) - AI processing not yet complete.
Skipping 2026-03-12 10:00:47 (f4d99481d2520131e1fe9d35142bd876) - AI processing not yet complete.
Skipping 2026-03-03 11:40:52 (5ee14a603a0eb00dc0cd014131634a49) - AI processing not yet complete.
Skipping 2026-03-02 22:55:37 (f8e768606308a898b656297de98ecdf0) - AI processing not yet complete.
Skipping 2026-03-02 18:19:41 (e2e964c6239c49aa1ac0d62fa7a9b149) - AI processing not yet complete.
Skipping 2026-02-22 03:25:10 (2091a2244a8f229875ad1e486c0de2a0) - AI processing not yet complete.
Auto mode complete.
[2026-04-11 06:25:00] Auto export completed successfully.
[2026-04-11 10:48:31] Starting auto export...
/Users/hiroshi/Library/Python/3.9/lib/python/site-packages/urllib3/__init__.py:35: NotOpenSSLWarning: urllib3 v2 only supports OpenSSL 1.1.1+, currently the 'ssl' module is compiled with 'LibreSSL 2.8.3'. See: https://github.com/urllib3/urllib3/issues/3020
  warnings.warn(
Running in AUTO mode...
Found 7 new files out of 50 total.
Skipping 2026-04-07 23:11:41 (e01ef6b7345b55cb2bd9db7af6ad0a1e) - AI processing not yet complete.
Skipping 2026-03-15 16:23:06 (f741ea39d62b8cce8461e71de8006d15) - AI processing not yet complete.
Skipping 2026-03-12 10:00:47 (f4d99481d2520131e1fe9d35142bd876) - AI processing not yet complete.
Skipping 2026-03-03 11:40:52 (5ee14a603a0eb00dc0cd014131634a49) - AI processing not yet complete.
Skipping 2026-03-02 22:55:37 (f8e768606308a898b656297de98ecdf0) - AI processing not yet complete.
Skipping 2026-03-02 18:19:41 (e2e964c6239c49aa1ac0d62fa7a9b149) - AI processing not yet complete.
Skipping 2026-02-22 03:25:10 (2091a2244a8f229875ad1e486c0de2a0) - AI processing not yet complete.
Auto mode complete.
[2026-04-11 10:48:32] Auto export completed successfully.
[2026-04-11 14:48:39] Starting auto export...
/Users/hiroshi/Library/Python/3.9/lib/python/site-packages/urllib3/__init__.py:35: NotOpenSSLWarning: urllib3 v2 only supports OpenSSL 1.1.1+, currently the 'ssl' module is compiled with 'LibreSSL 2.8.3'. See: https://github.com/urllib3/urllib3/issues/3020
  warnings.warn(
Running in AUTO mode...
Found 7 new files out of 50 total.
Skipping 2026-04-07 23:11:41 (e01ef6b7345b55cb2bd9db7af6ad0a1e) - AI processing not yet complete.
Skipping 2026-03-15 16:23:06 (f741ea39d62b8cce8461e71de8006d15) - AI processing not yet complete.
Skipping 2026-03-12 10:00:47 (f4d99481d2520131e1fe9d35142bd876) - AI processing not yet complete.
Skipping 2026-03-03 11:40:52 (5ee14a603a0eb00dc0cd014131634a49) - AI processing not yet complete.
Skipping 2026-03-02 22:55:37 (f8e768606308a898b656297de98ecdf0) - AI processing not yet complete.
Skipping 2026-03-02 18:19:41 (e2e964c6239c49aa1ac0d62fa7a9b149) - AI processing not yet complete.
Skipping 2026-02-22 03:25:10 (2091a2244a8f229875ad1e486c0de2a0) - AI processing not yet complete.
Auto mode complete.
[2026-04-11 14:48:40] Auto export completed successfully.
[2026-04-11 18:52:12] Starting auto export...
/Users/hiroshi/Library/Python/3.9/lib/python/site-packages/urllib3/__init__.py:35: NotOpenSSLWarning: urllib3 v2 only supports OpenSSL 1.1.1+, currently the 'ssl' module is compiled with 'LibreSSL 2.8.3'. See: https://github.com/urllib3/urllib3/issues/3020
  warnings.warn(
Running in AUTO mode...
Found 7 new files out of 50 total.
Skipping 2026-04-07 23:11:41 (e01ef6b7345b55cb2bd9db7af6ad0a1e) - AI processing not yet complete.
Skipping 2026-03-15 16:23:06 (f741ea39d62b8cce8461e71de8006d15) - AI processing not yet complete.
Skipping 2026-03-12 10:00:47 (f4d99481d2520131e1fe9d35142bd876) - AI processing not yet complete.
Skipping 2026-03-03 11:40:52 (5ee14a603a0eb00dc0cd014131634a49) - AI processing not yet complete.
Skipping 2026-03-02 22:55:37 (f8e768606308a898b656297de98ecdf0) - AI processing not yet complete.
Skipping 2026-03-02 18:19:41 (e2e964c6239c49aa1ac0d62fa7a9b149) - AI processing not yet complete.
Skipping 2026-02-22 03:25:10 (2091a2244a8f229875ad1e486c0de2a0) - AI processing not yet complete.
Auto mode complete.
[2026-04-11 18:52:17] Auto export completed successfully.
[2026-04-11 19:52:17] Starting auto export...
/Users/hiroshi/Library/Python/3.9/lib/python/site-packages/urllib3/__init__.py:35: NotOpenSSLWarning: urllib3 v2 only supports OpenSSL 1.1.1+, currently the 'ssl' module is compiled with 'LibreSSL 2.8.3'. See: https://github.com/urllib3/urllib3/issues/3020
  warnings.warn(
Running in AUTO mode...
Found 7 new files out of 50 total.
Skipping 2026-04-07 23:11:41 (e01ef6b7345b55cb2bd9db7af6ad0a1e) - AI processing not yet complete.
Skipping 2026-03-15 16:23:06 (f741ea39d62b8cce8461e71de8006d15) - AI processing not yet complete.
Skipping 2026-03-12 10:00:47 (f4d99481d2520131e1fe9d35142bd876) - AI processing not yet complete.
Skipping 2026-03-03 11:40:52 (5ee14a603a0eb00dc0cd014131634a49) - AI processing not yet complete.
Skipping 2026-03-02 22:55:37 (f8e768606308a898b656297de98ecdf0) - AI processing not yet complete.
Skipping 2026-03-02 18:19:41 (e2e964c6239c49aa1ac0d62fa7a9b149) - AI processing not yet complete.
Skipping 2026-02-22 03:25:10 (2091a2244a8f229875ad1e486c0de2a0) - AI processing not yet complete.
Auto mode complete.
[2026-04-11 19:52:19] Auto export completed successfully.
[2026-04-12 02:28:24] Starting auto export...
/Users/hiroshi/Library/Python/3.9/lib/python/site-packages/urllib3/__init__.py:35: NotOpenSSLWarning: urllib3 v2 only supports OpenSSL 1.1.1+, currently the 'ssl' module is compiled with 'LibreSSL 2.8.3'. See: https://github.com/urllib3/urllib3/issues/3020
  warnings.warn(
Running in AUTO mode...
Found 7 new files out of 50 total.
Skipping 2026-04-07 23:11:41 (e01ef6b7345b55cb2bd9db7af6ad0a1e) - AI processing not yet complete.
Skipping 2026-03-15 16:23:06 (f741ea39d62b8cce8461e71de8006d15) - AI processing not yet complete.
Skipping 2026-03-12 10:00:47 (f4d99481d2520131e1fe9d35142bd876) - AI processing not yet complete.
Skipping 2026-03-03 11:40:52 (5ee14a603a0eb00dc0cd014131634a49) - AI processing not yet complete.
Skipping 2026-03-02 22:55:37 (f8e768606308a898b656297de98ecdf0) - AI processing not yet complete.
Skipping 2026-03-02 18:19:41 (e2e964c6239c49aa1ac0d62fa7a9b149) - AI processing not yet complete.
Skipping 2026-02-22 03:25:10 (2091a2244a8f229875ad1e486c0de2a0) - AI processing not yet complete.
Auto mode complete.
[2026-04-12 02:28:25] Auto export completed successfully.
[2026-04-12 06:13:09] Starting auto export...
/Users/hiroshi/Library/Python/3.9/lib/python/site-packages/urllib3/__init__.py:35: NotOpenSSLWarning: urllib3 v2 only supports OpenSSL 1.1.1+, currently the 'ssl' module is compiled with 'LibreSSL 2.8.3'. See: https://github.com/urllib3/urllib3/issues/3020
  warnings.warn(
Running in AUTO mode...
Found 7 new files out of 50 total.
Skipping 2026-04-07 23:11:41 (e01ef6b7345b55cb2bd9db7af6ad0a1e) - AI processing not yet complete.
Skipping 2026-03-15 16:23:06 (f741ea39d62b8cce8461e71de8006d15) - AI processing not yet complete.
Skipping 2026-03-12 10:00:47 (f4d99481d2520131e1fe9d35142bd876) - AI processing not yet complete.
Skipping 2026-03-03 11:40:52 (5ee14a603a0eb00dc0cd014131634a49) - AI processing not yet complete.
Skipping 2026-03-02 22:55:37 (f8e768606308a898b656297de98ecdf0) - AI processing not yet complete.
Skipping 2026-03-02 18:19:41 (e2e964c6239c49aa1ac0d62fa7a9b149) - AI processing not yet complete.
Skipping 2026-02-22 03:25:10 (2091a2244a8f229875ad1e486c0de2a0) - AI processing not yet complete.
Auto mode complete.
[2026-04-12 06:13:10] Auto export completed successfully.
[2026-04-12 08:21:54] Starting auto export...
/Users/hiroshi/Library/Python/3.9/lib/python/site-packages/urllib3/__init__.py:35: NotOpenSSLWarning: urllib3 v2 only supports OpenSSL 1.1.1+, currently the 'ssl' module is compiled with 'LibreSSL 2.8.3'. See: https://github.com/urllib3/urllib3/issues/3020
  warnings.warn(
Running in AUTO mode...
Found 7 new files out of 50 total.
Skipping 2026-04-07 23:11:41 (e01ef6b7345b55cb2bd9db7af6ad0a1e) - AI processing not yet complete.
Skipping 2026-03-15 16:23:06 (f741ea39d62b8cce8461e71de8006d15) - AI processing not yet complete.
Skipping 2026-03-12 10:00:47 (f4d99481d2520131e1fe9d35142bd876) - AI processing not yet complete.
Skipping 2026-03-03 11:40:52 (5ee14a603a0eb00dc0cd014131634a49) - AI processing not yet complete.
Skipping 2026-03-02 22:55:37 (f8e768606308a898b656297de98ecdf0) - AI processing not yet complete.
Skipping 2026-03-02 18:19:41 (e2e964c6239c49aa1ac0d62fa7a9b149) - AI processing not yet complete.
Skipping 2026-02-22 03:25:10 (2091a2244a8f229875ad1e486c0de2a0) - AI processing not yet complete.
Auto mode complete.
[2026-04-12 08:21:55] Auto export completed successfully.
[2026-04-12 09:30:34] Starting auto export...
/Users/hiroshi/Library/Python/3.9/lib/python/site-packages/urllib3/__init__.py:35: NotOpenSSLWarning: urllib3 v2 only supports OpenSSL 1.1.1+, currently the 'ssl' module is compiled with 'LibreSSL 2.8.3'. See: https://github.com/urllib3/urllib3/issues/3020
  warnings.warn(
Running in AUTO mode...
Traceback (most recent call last):
  File "/Users/hiroshi/Library/Python/3.9/lib/python/site-packages/urllib3/connection.py", line 204, in _new_conn
    sock = connection.create_connection(
  File "/Users/hiroshi/Library/Python/3.9/lib/python/site-packages/urllib3/util/connection.py", line 60, in create_connection
    for res in socket.getaddrinfo(host, port, family, socket.SOCK_STREAM):
  File "/Library/Developer/CommandLineTools/Library/Frameworks/Python3.framework/Versions/3.9/lib/python3.9/socket.py", line 953, in getaddrinfo
    for res in _socket.getaddrinfo(host, port, family, type, proto, flags):
socket.gaierror: [Errno 8] nodename nor servname provided, or not known

The above exception was the direct cause of the following exception:

Traceback (most recent call last):
  File "/Users/hiroshi/Library/Python/3.9/lib/python/site-packages/urllib3/connectionpool.py", line 787, in urlopen
    response = self._make_request(
  File "/Users/hiroshi/Library/Python/3.9/lib/python/site-packages/urllib3/connectionpool.py", line 488, in _make_request
    raise new_e
  File "/Users/hiroshi/Library/Python/3.9/lib/python/site-packages/urllib3/connectionpool.py", line 464, in _make_request
    self._validate_conn(conn)
  File "/Users/hiroshi/Library/Python/3.9/lib/python/site-packages/urllib3/connectionpool.py", line 1093, in _validate_conn
    conn.connect()
  File "/Users/hiroshi/Library/Python/3.9/lib/python/site-packages/urllib3/connection.py", line 759, in connect
    self.sock = sock = self._new_conn()
  File "/Users/hiroshi/Library/Python/3.9/lib/python/site-packages/urllib3/connection.py", line 211, in _new_conn
    raise NameResolutionError(self.host, self, e) from e
urllib3.exceptions.NameResolutionError: HTTPSConnection(host='api-apne1.plaud.ai', port=443): Failed to resolve 'api-apne1.plaud.ai' ([Errno 8] nodename nor servname provided, or not known)

The above exception was the direct cause of the following exception:

Traceback (most recent call last):
  File "/Users/hiroshi/Library/Python/3.9/lib/python/site-packages/requests/adapters.py", line 644, in send
    resp = conn.urlopen(
  File "/Users/hiroshi/Library/Python/3.9/lib/python/site-packages/urllib3/connectionpool.py", line 841, in urlopen
    retries = retries.increment(
  File "/Users/hiroshi/Library/Python/3.9/lib/python/site-packages/urllib3/util/retry.py", line 519, in increment
    raise MaxRetryError(_pool, url, reason) from reason  # type: ignore[arg-type]
urllib3.exceptions.MaxRetryError: HTTPSConnectionPool(host='api-apne1.plaud.ai', port=443): Max retries exceeded with url: /file/simple/web?skip=0&limit=50&is_trash=2&sort_by=start_time&is_desc=true (Caused by NameResolutionError("HTTPSConnection(host='api-apne1.plaud.ai', port=443): Failed to resolve 'api-apne1.plaud.ai' ([Errno 8] nodename nor servname provided, or not known)"))

During handling of the above exception, another exception occurred:

Traceback (most recent call last):
  File "/Users/hiroshi/cursor/plaud_exports/plaud_export.py", line 322, in <module>
    main()
  File "/Users/hiroshi/cursor/plaud_exports/plaud_export.py", line 255, in main
    files = list_files(args.token, args.limit)
  File "/Users/hiroshi/cursor/plaud_exports/plaud_export.py", line 173, in list_files
    response = requests.get(url, headers=headers, params=params)
  File "/Users/hiroshi/Library/Python/3.9/lib/python/site-packages/requests/api.py", line 73, in get
    return request("get", url, params=params, **kwargs)
  File "/Users/hiroshi/Library/Python/3.9/lib/python/site-packages/requests/api.py", line 59, in request
    return session.request(method=method, url=url, **kwargs)
  File "/Users/hiroshi/Library/Python/3.9/lib/python/site-packages/requests/sessions.py", line 589, in request
    resp = self.send(prep, **send_kwargs)
  File "/Users/hiroshi/Library/Python/3.9/lib/python/site-packages/requests/sessions.py", line 703, in send
    r = adapter.send(request, **kwargs)
  File "/Users/hiroshi/Library/Python/3.9/lib/python/site-packages/requests/adapters.py", line 677, in send
    raise ConnectionError(e, request=request)
requests.exceptions.ConnectionError: HTTPSConnectionPool(host='api-apne1.plaud.ai', port=443): Max retries exceeded with url: /file/simple/web?skip=0&limit=50&is_trash=2&sort_by=start_time&is_desc=true (Caused by NameResolutionError("HTTPSConnection(host='api-apne1.plaud.ai', port=443): Failed to resolve 'api-apne1.plaud.ai' ([Errno 8] nodename nor servname provided, or not known)"))
[2026-04-12 09:30:34] ERROR: Auto export failed with exit code 1
[2026-04-12 10:52:42] Starting auto export...
/Users/hiroshi/Library/Python/3.9/lib/python/site-packages/urllib3/__init__.py:35: NotOpenSSLWarning: urllib3 v2 only supports OpenSSL 1.1.1+, currently the 'ssl' module is compiled with 'LibreSSL 2.8.3'. See: https://github.com/urllib3/urllib3/issues/3020
  warnings.warn(
Running in AUTO mode...
Traceback (most recent call last):
  File "/Users/hiroshi/Library/Python/3.9/lib/python/site-packages/urllib3/connection.py", line 204, in _new_conn
    sock = connection.create_connection(
  File "/Users/hiroshi/Library/Python/3.9/lib/python/site-packages/urllib3/util/connection.py", line 60, in create_connection
    for res in socket.getaddrinfo(host, port, family, socket.SOCK_STREAM):
  File "/Library/Developer/CommandLineTools/Library/Frameworks/Python3.framework/Versions/3.9/lib/python3.9/socket.py", line 953, in getaddrinfo
    for res in _socket.getaddrinfo(host, port, family, type, proto, flags):
socket.gaierror: [Errno 8] nodename nor servname provided, or not known

The above exception was the direct cause of the following exception:

Traceback (most recent call last):
  File "/Users/hiroshi/Library/Python/3.9/lib/python/site-packages/urllib3/connectionpool.py", line 787, in urlopen
    response = self._make_request(
  File "/Users/hiroshi/Library/Python/3.9/lib/python/site-packages/urllib3/connectionpool.py", line 488, in _make_request
    raise new_e
  File "/Users/hiroshi/Library/Python/3.9/lib/python/site-packages/urllib3/connectionpool.py", line 464, in _make_request
    self._validate_conn(conn)
  File "/Users/hiroshi/Library/Python/3.9/lib/python/site-packages/urllib3/connectionpool.py", line 1093, in _validate_conn
    conn.connect()
  File "/Users/hiroshi/Library/Python/3.9/lib/python/site-packages/urllib3/connection.py", line 759, in connect
    self.sock = sock = self._new_conn()
  File "/Users/hiroshi/Library/Python/3.9/lib/python/site-packages/urllib3/connection.py", line 211, in _new_conn
    raise NameResolutionError(self.host, self, e) from e
urllib3.exceptions.NameResolutionError: HTTPSConnection(host='api-apne1.plaud.ai', port=443): Failed to resolve 'api-apne1.plaud.ai' ([Errno 8] nodename nor servname provided, or not known)

The above exception was the direct cause of the following exception:

Traceback (most recent call last):
  File "/Users/hiroshi/Library/Python/3.9/lib/python/site-packages/requests/adapters.py", line 644, in send
    resp = conn.urlopen(
  File "/Users/hiroshi/Library/Python/3.9/lib/python/site-packages/urllib3/connectionpool.py", line 841, in urlopen
    retries = retries.increment(
  File "/Users/hiroshi/Library/Python/3.9/lib/python/site-packages/urllib3/util/retry.py", line 519, in increment
    raise MaxRetryError(_pool, url, reason) from reason  # type: ignore[arg-type]
urllib3.exceptions.MaxRetryError: HTTPSConnectionPool(host='api-apne1.plaud.ai', port=443): Max retries exceeded with url: /file/simple/web?skip=0&limit=50&is_trash=2&sort_by=start_time&is_desc=true (Caused by NameResolutionError("HTTPSConnection(host='api-apne1.plaud.ai', port=443): Failed to resolve 'api-apne1.plaud.ai' ([Errno 8] nodename nor servname provided, or not known)"))

During handling of the above exception, another exception occurred:

Traceback (most recent call last):
  File "/Users/hiroshi/cursor/plaud_exports/plaud_export.py", line 322, in <module>
    main()
  File "/Users/hiroshi/cursor/plaud_exports/plaud_export.py", line 255, in main
    files = list_files(args.token, args.limit)
  File "/Users/hiroshi/cursor/plaud_exports/plaud_export.py", line 173, in list_files
    response = requests.get(url, headers=headers, params=params)
  File "/Users/hiroshi/Library/Python/3.9/lib/python/site-packages/requests/api.py", line 73, in get
    return request("get", url, params=params, **kwargs)
  File "/Users/hiroshi/Library/Python/3.9/lib/python/site-packages/requests/api.py", line 59, in request
    return session.request(method=method, url=url, **kwargs)
  File "/Users/hiroshi/Library/Python/3.9/lib/python/site-packages/requests/sessions.py", line 589, in request
    resp = self.send(prep, **send_kwargs)
  File "/Users/hiroshi/Library/Python/3.9/lib/python/site-packages/requests/sessions.py", line 703, in send
    r = adapter.send(request, **kwargs)
  File "/Users/hiroshi/Library/Python/3.9/lib/python/site-packages/requests/adapters.py", line 677, in send
    raise ConnectionError(e, request=request)
requests.exceptions.ConnectionError: HTTPSConnectionPool(host='api-apne1.plaud.ai', port=443): Max retries exceeded with url: /file/simple/web?skip=0&limit=50&is_trash=2&sort_by=start_time&is_desc=true (Caused by NameResolutionError("HTTPSConnection(host='api-apne1.plaud.ai', port=443): Failed to resolve 'api-apne1.plaud.ai' ([Errno 8] nodename nor servname provided, or not known)"))
[2026-04-12 10:52:43] ERROR: Auto export failed with exit code 1
[2026-04-12 12:02:50] Starting auto export...
/Users/hiroshi/Library/Python/3.9/lib/python/site-packages/urllib3/__init__.py:35: NotOpenSSLWarning: urllib3 v2 only supports OpenSSL 1.1.1+, currently the 'ssl' module is compiled with 'LibreSSL 2.8.3'. See: https://github.com/urllib3/urllib3/issues/3020
  warnings.warn(
Running in AUTO mode...
Found 7 new files out of 50 total.
Skipping 2026-04-07 23:11:41 (e01ef6b7345b55cb2bd9db7af6ad0a1e) - AI processing not yet complete.
Skipping 2026-03-15 16:23:06 (f741ea39d62b8cce8461e71de8006d15) - AI processing not yet complete.
Skipping 2026-03-12 10:00:47 (f4d99481d2520131e1fe9d35142bd876) - AI processing not yet complete.
Skipping 2026-03-03 11:40:52 (5ee14a603a0eb00dc0cd014131634a49) - AI processing not yet complete.
Skipping 2026-03-02 22:55:37 (f8e768606308a898b656297de98ecdf0) - AI processing not yet complete.
Skipping 2026-03-02 18:19:41 (e2e964c6239c49aa1ac0d62fa7a9b149) - AI processing not yet complete.
Skipping 2026-02-22 03:25:10 (2091a2244a8f229875ad1e486c0de2a0) - AI processing not yet complete.
Auto mode complete.
[2026-04-12 12:02:51] Auto export completed successfully.
[2026-04-12 13:02:51] Starting auto export...
/Users/hiroshi/Library/Python/3.9/lib/python/site-packages/urllib3/__init__.py:35: NotOpenSSLWarning: urllib3 v2 only supports OpenSSL 1.1.1+, currently the 'ssl' module is compiled with 'LibreSSL 2.8.3'. See: https://github.com/urllib3/urllib3/issues/3020
  warnings.warn(
Running in AUTO mode...
Found 7 new files out of 50 total.
Skipping 2026-04-07 23:11:41 (e01ef6b7345b55cb2bd9db7af6ad0a1e) - AI processing not yet complete.
Skipping 2026-03-15 16:23:06 (f741ea39d62b8cce8461e71de8006d15) - AI processing not yet complete.
Skipping 2026-03-12 10:00:47 (f4d99481d2520131e1fe9d35142bd876) - AI processing not yet complete.
Skipping 2026-03-03 11:40:52 (5ee14a603a0eb00dc0cd014131634a49) - AI processing not yet complete.
Skipping 2026-03-02 22:55:37 (f8e768606308a898b656297de98ecdf0) - AI processing not yet complete.
Skipping 2026-03-02 18:19:41 (e2e964c6239c49aa1ac0d62fa7a9b149) - AI processing not yet complete.
Skipping 2026-02-22 03:25:10 (2091a2244a8f229875ad1e486c0de2a0) - AI processing not yet complete.
Auto mode complete.
[2026-04-12 13:02:52] Auto export completed successfully.
[2026-04-12 17:54:54] Starting auto export...
/Users/hiroshi/Library/Python/3.9/lib/python/site-packages/urllib3/__init__.py:35: NotOpenSSLWarning: urllib3 v2 only supports OpenSSL 1.1.1+, currently the 'ssl' module is compiled with 'LibreSSL 2.8.3'. See: https://github.com/urllib3/urllib3/issues/3020
  warnings.warn(
Running in AUTO mode...
Found 7 new files out of 50 total.
Skipping 2026-04-07 23:11:41 (e01ef6b7345b55cb2bd9db7af6ad0a1e) - AI processing not yet complete.
Skipping 2026-03-15 16:23:06 (f741ea39d62b8cce8461e71de8006d15) - AI processing not yet complete.
Skipping 2026-03-12 10:00:47 (f4d99481d2520131e1fe9d35142bd876) - AI processing not yet complete.
Skipping 2026-03-03 11:40:52 (5ee14a603a0eb00dc0cd014131634a49) - AI processing not yet complete.
Skipping 2026-03-02 22:55:37 (f8e768606308a898b656297de98ecdf0) - AI processing not yet complete.
Skipping 2026-03-02 18:19:41 (e2e964c6239c49aa1ac0d62fa7a9b149) - AI processing not yet complete.
Skipping 2026-02-22 03:25:10 (2091a2244a8f229875ad1e486c0de2a0) - AI processing not yet complete.
Auto mode complete.
[2026-04-12 17:54:54] Auto export completed successfully.
[2026-04-12 21:12:59] Starting auto export...
/Users/hiroshi/Library/Python/3.9/lib/python/site-packages/urllib3/__init__.py:35: NotOpenSSLWarning: urllib3 v2 only supports OpenSSL 1.1.1+, currently the 'ssl' module is compiled with 'LibreSSL 2.8.3'. See: https://github.com/urllib3/urllib3/issues/3020
  warnings.warn(
Running in AUTO mode...
Found 7 new files out of 50 total.
Skipping 2026-04-07 23:11:41 (e01ef6b7345b55cb2bd9db7af6ad0a1e) - AI processing not yet complete.
Skipping 2026-03-15 16:23:06 (f741ea39d62b8cce8461e71de8006d15) - AI processing not yet complete.
Skipping 2026-03-12 10:00:47 (f4d99481d2520131e1fe9d35142bd876) - AI processing not yet complete.
Skipping 2026-03-03 11:40:52 (5ee14a603a0eb00dc0cd014131634a49) - AI processing not yet complete.
Skipping 2026-03-02 22:55:37 (f8e768606308a898b656297de98ecdf0) - AI processing not yet complete.
Skipping 2026-03-02 18:19:41 (e2e964c6239c49aa1ac0d62fa7a9b149) - AI processing not yet complete.
Skipping 2026-02-22 03:25:10 (2091a2244a8f229875ad1e486c0de2a0) - AI processing not yet complete.
Auto mode complete.
[2026-04-12 21:13:00] Auto export completed successfully.
[2026-04-12 22:21:47] Starting auto export...
/Users/hiroshi/Library/Python/3.9/lib/python/site-packages/urllib3/__init__.py:35: NotOpenSSLWarning: urllib3 v2 only supports OpenSSL 1.1.1+, currently the 'ssl' module is compiled with 'LibreSSL 2.8.3'. See: https://github.com/urllib3/urllib3/issues/3020
  warnings.warn(
Running in AUTO mode...
Found 7 new files out of 50 total.
Skipping 2026-04-07 23:11:41 (e01ef6b7345b55cb2bd9db7af6ad0a1e) - AI processing not yet complete.
Skipping 2026-03-15 16:23:06 (f741ea39d62b8cce8461e71de8006d15) - AI processing not yet complete.
Skipping 2026-03-12 10:00:47 (f4d99481d2520131e1fe9d35142bd876) - AI processing not yet complete.
Skipping 2026-03-03 11:40:52 (5ee14a603a0eb00dc0cd014131634a49) - AI processing not yet complete.
Skipping 2026-03-02 22:55:37 (f8e768606308a898b656297de98ecdf0) - AI processing not yet complete.
Skipping 2026-03-02 18:19:41 (e2e964c6239c49aa1ac0d62fa7a9b149) - AI processing not yet complete.
Skipping 2026-02-22 03:25:10 (2091a2244a8f229875ad1e486c0de2a0) - AI processing not yet complete.
Auto mode complete.
[2026-04-12 22:21:48] Auto export completed successfully.
[2026-04-13 00:47:48] Starting auto export...
/Users/hiroshi/Library/Python/3.9/lib/python/site-packages/urllib3/__init__.py:35: NotOpenSSLWarning: urllib3 v2 only supports OpenSSL 1.1.1+, currently the 'ssl' module is compiled with 'LibreSSL 2.8.3'. See: https://github.com/urllib3/urllib3/issues/3020
  warnings.warn(
Running in AUTO mode...
Traceback (most recent call last):
  File "/Users/hiroshi/Library/Python/3.9/lib/python/site-packages/urllib3/connection.py", line 204, in _new_conn
    sock = connection.create_connection(
  File "/Users/hiroshi/Library/Python/3.9/lib/python/site-packages/urllib3/util/connection.py", line 60, in create_connection
    for res in socket.getaddrinfo(host, port, family, socket.SOCK_STREAM):
  File "/Library/Developer/CommandLineTools/Library/Frameworks/Python3.framework/Versions/3.9/lib/python3.9/socket.py", line 953, in getaddrinfo
    for res in _socket.getaddrinfo(host, port, family, type, proto, flags):
socket.gaierror: [Errno 8] nodename nor servname provided, or not known

The above exception was the direct cause of the following exception:

Traceback (most recent call last):
  File "/Users/hiroshi/Library/Python/3.9/lib/python/site-packages/urllib3/connectionpool.py", line 787, in urlopen
    response = self._make_request(
  File "/Users/hiroshi/Library/Python/3.9/lib/python/site-packages/urllib3/connectionpool.py", line 488, in _make_request
    raise new_e
  File "/Users/hiroshi/Library/Python/3.9/lib/python/site-packages/urllib3/connectionpool.py", line 464, in _make_request
    self._validate_conn(conn)
  File "/Users/hiroshi/Library/Python/3.9/lib/python/site-packages/urllib3/connectionpool.py", line 1093, in _validate_conn
    conn.connect()
  File "/Users/hiroshi/Library/Python/3.9/lib/python/site-packages/urllib3/connection.py", line 759, in connect
    self.sock = sock = self._new_conn()
  File "/Users/hiroshi/Library/Python/3.9/lib/python/site-packages/urllib3/connection.py", line 211, in _new_conn
    raise NameResolutionError(self.host, self, e) from e
urllib3.exceptions.NameResolutionError: HTTPSConnection(host='api-apne1.plaud.ai', port=443): Failed to resolve 'api-apne1.plaud.ai' ([Errno 8] nodename nor servname provided, or not known)

The above exception was the direct cause of the following exception:

Traceback (most recent call last):
  File "/Users/hiroshi/Library/Python/3.9/lib/python/site-packages/requests/adapters.py", line 644, in send
    resp = conn.urlopen(
  File "/Users/hiroshi/Library/Python/3.9/lib/python/site-packages/urllib3/connectionpool.py", line 841, in urlopen
    retries = retries.increment(
  File "/Users/hiroshi/Library/Python/3.9/lib/python/site-packages/urllib3/util/retry.py", line 519, in increment
    raise MaxRetryError(_pool, url, reason) from reason  # type: ignore[arg-type]
urllib3.exceptions.MaxRetryError: HTTPSConnectionPool(host='api-apne1.plaud.ai', port=443): Max retries exceeded with url: /file/simple/web?skip=0&limit=50&is_trash=2&sort_by=start_time&is_desc=true (Caused by NameResolutionError("HTTPSConnection(host='api-apne1.plaud.ai', port=443): Failed to resolve 'api-apne1.plaud.ai' ([Errno 8] nodename nor servname provided, or not known)"))

During handling of the above exception, another exception occurred:

Traceback (most recent call last):
  File "/Users/hiroshi/cursor/plaud_exports/plaud_export.py", line 322, in <module>
    main()
  File "/Users/hiroshi/cursor/plaud_exports/plaud_export.py", line 255, in main
    files = list_files(args.token, args.limit)
  File "/Users/hiroshi/cursor/plaud_exports/plaud_export.py", line 173, in list_files
    response = requests.get(url, headers=headers, params=params)
  File "/Users/hiroshi/Library/Python/3.9/lib/python/site-packages/requests/api.py", line 73, in get
    return request("get", url, params=params, **kwargs)
  File "/Users/hiroshi/Library/Python/3.9/lib/python/site-packages/requests/api.py", line 59, in request
    return session.request(method=method, url=url, **kwargs)
  File "/Users/hiroshi/Library/Python/3.9/lib/python/site-packages/requests/sessions.py", line 589, in request
    resp = self.send(prep, **send_kwargs)
  File "/Users/hiroshi/Library/Python/3.9/lib/python/site-packages/requests/sessions.py", line 703, in send
    r = adapter.send(request, **kwargs)
  File "/Users/hiroshi/Library/Python/3.9/lib/python/site-packages/requests/adapters.py", line 677, in send
    raise ConnectionError(e, request=request)
requests.exceptions.ConnectionError: HTTPSConnectionPool(host='api-apne1.plaud.ai', port=443): Max retries exceeded with url: /file/simple/web?skip=0&limit=50&is_trash=2&sort_by=start_time&is_desc=true (Caused by NameResolutionError("HTTPSConnection(host='api-apne1.plaud.ai', port=443): Failed to resolve 'api-apne1.plaud.ai' ([Errno 8] nodename nor servname provided, or not known)"))
[2026-04-13 00:47:49] ERROR: Auto export failed with exit code 1
[2026-04-13 01:56:39] Starting auto export...
/Users/hiroshi/Library/Python/3.9/lib/python/site-packages/urllib3/__init__.py:35: NotOpenSSLWarning: urllib3 v2 only supports OpenSSL 1.1.1+, currently the 'ssl' module is compiled with 'LibreSSL 2.8.3'. See: https://github.com/urllib3/urllib3/issues/3020
  warnings.warn(
Running in AUTO mode...
Traceback (most recent call last):
  File "/Users/hiroshi/Library/Python/3.9/lib/python/site-packages/urllib3/connection.py", line 204, in _new_conn
    sock = connection.create_connection(
  File "/Users/hiroshi/Library/Python/3.9/lib/python/site-packages/urllib3/util/connection.py", line 60, in create_connection
    for res in socket.getaddrinfo(host, port, family, socket.SOCK_STREAM):
  File "/Library/Developer/CommandLineTools/Library/Frameworks/Python3.framework/Versions/3.9/lib/python3.9/socket.py", line 953, in getaddrinfo
    for res in _socket.getaddrinfo(host, port, family, type, proto, flags):
socket.gaierror: [Errno 8] nodename nor servname provided, or not known

The above exception was the direct cause of the following exception:

Traceback (most recent call last):
  File "/Users/hiroshi/Library/Python/3.9/lib/python/site-packages/urllib3/connectionpool.py", line 787, in urlopen
    response = self._make_request(
  File "/Users/hiroshi/Library/Python/3.9/lib/python/site-packages/urllib3/connectionpool.py", line 488, in _make_request
    raise new_e
  File "/Users/hiroshi/Library/Python/3.9/lib/python/site-packages/urllib3/connectionpool.py", line 464, in _make_request
    self._validate_conn(conn)
  File "/Users/hiroshi/Library/Python/3.9/lib/python/site-packages/urllib3/connectionpool.py", line 1093, in _validate_conn
    conn.connect()
  File "/Users/hiroshi/Library/Python/3.9/lib/python/site-packages/urllib3/connection.py", line 759, in connect
    self.sock = sock = self._new_conn()
  File "/Users/hiroshi/Library/Python/3.9/lib/python/site-packages/urllib3/connection.py", line 211, in _new_conn
    raise NameResolutionError(self.host, self, e) from e
urllib3.exceptions.NameResolutionError: HTTPSConnection(host='api-apne1.plaud.ai', port=443): Failed to resolve 'api-apne1.plaud.ai' ([Errno 8] nodename nor servname provided, or not known)

The above exception was the direct cause of the following exception:

Traceback (most recent call last):
  File "/Users/hiroshi/Library/Python/3.9/lib/python/site-packages/requests/adapters.py", line 644, in send
    resp = conn.urlopen(
  File "/Users/hiroshi/Library/Python/3.9/lib/python/site-packages/urllib3/connectionpool.py", line 841, in urlopen
    retries = retries.increment(
  File "/Users/hiroshi/Library/Python/3.9/lib/python/site-packages/urllib3/util/retry.py", line 519, in increment
    raise MaxRetryError(_pool, url, reason) from reason  # type: ignore[arg-type]
urllib3.exceptions.MaxRetryError: HTTPSConnectionPool(host='api-apne1.plaud.ai', port=443): Max retries exceeded with url: /file/simple/web?skip=0&limit=50&is_trash=2&sort_by=start_time&is_desc=true (Caused by NameResolutionError("HTTPSConnection(host='api-apne1.plaud.ai', port=443): Failed to resolve 'api-apne1.plaud.ai' ([Errno 8] nodename nor servname provided, or not known)"))

During handling of the above exception, another exception occurred:

Traceback (most recent call last):
  File "/Users/hiroshi/cursor/plaud_exports/plaud_export.py", line 322, in <module>
    main()
  File "/Users/hiroshi/cursor/plaud_exports/plaud_export.py", line 255, in main
    files = list_files(args.token, args.limit)
  File "/Users/hiroshi/cursor/plaud_exports/plaud_export.py", line 173, in list_files
    response = requests.get(url, headers=headers, params=params)
  File "/Users/hiroshi/Library/Python/3.9/lib/python/site-packages/requests/api.py", line 73, in get
    return request("get", url, params=params, **kwargs)
  File "/Users/hiroshi/Library/Python/3.9/lib/python/site-packages/requests/api.py", line 59, in request
    return session.request(method=method, url=url, **kwargs)
  File "/Users/hiroshi/Library/Python/3.9/lib/python/site-packages/requests/sessions.py", line 589, in request
    resp = self.send(prep, **send_kwargs)
  File "/Users/hiroshi/Library/Python/3.9/lib/python/site-packages/requests/sessions.py", line 703, in send
    r = adapter.send(request, **kwargs)
  File "/Users/hiroshi/Library/Python/3.9/lib/python/site-packages/requests/adapters.py", line 677, in send
    raise ConnectionError(e, request=request)
requests.exceptions.ConnectionError: HTTPSConnectionPool(host='api-apne1.plaud.ai', port=443): Max retries exceeded with url: /file/simple/web?skip=0&limit=50&is_trash=2&sort_by=start_time&is_desc=true (Caused by NameResolutionError("HTTPSConnection(host='api-apne1.plaud.ai', port=443): Failed to resolve 'api-apne1.plaud.ai' ([Errno 8] nodename nor servname provided, or not known)"))
[2026-04-13 01:56:40] ERROR: Auto export failed with exit code 1
[2026-04-13 03:03:49] Starting auto export...
/Users/hiroshi/Library/Python/3.9/lib/python/site-packages/urllib3/__init__.py:35: NotOpenSSLWarning: urllib3 v2 only supports OpenSSL 1.1.1+, currently the 'ssl' module is compiled with 'LibreSSL 2.8.3'. See: https://github.com/urllib3/urllib3/issues/3020
  warnings.warn(
Running in AUTO mode...
Found 7 new files out of 50 total.
Skipping 2026-04-07 23:11:41 (e01ef6b7345b55cb2bd9db7af6ad0a1e) - AI processing not yet complete.
Skipping 2026-03-15 16:23:06 (f741ea39d62b8cce8461e71de8006d15) - AI processing not yet complete.
Skipping 2026-03-12 10:00:47 (f4d99481d2520131e1fe9d35142bd876) - AI processing not yet complete.
Skipping 2026-03-03 11:40:52 (5ee14a603a0eb00dc0cd014131634a49) - AI processing not yet complete.
Skipping 2026-03-02 22:55:37 (f8e768606308a898b656297de98ecdf0) - AI processing not yet complete.
Skipping 2026-03-02 18:19:41 (e2e964c6239c49aa1ac0d62fa7a9b149) - AI processing not yet complete.
Skipping 2026-02-22 03:25:10 (2091a2244a8f229875ad1e486c0de2a0) - AI processing not yet complete.
Auto mode complete.
[2026-04-13 03:03:50] Auto export completed successfully.
[2026-04-13 06:06:09] Starting auto export...
/Users/hiroshi/Library/Python/3.9/lib/python/site-packages/urllib3/__init__.py:35: NotOpenSSLWarning: urllib3 v2 only supports OpenSSL 1.1.1+, currently the 'ssl' module is compiled with 'LibreSSL 2.8.3'. See: https://github.com/urllib3/urllib3/issues/3020
  warnings.warn(
Running in AUTO mode...
Found 7 new files out of 50 total.
Skipping 2026-04-07 23:11:41 (e01ef6b7345b55cb2bd9db7af6ad0a1e) - AI processing not yet complete.
Skipping 2026-03-15 16:23:06 (f741ea39d62b8cce8461e71de8006d15) - AI processing not yet complete.
Skipping 2026-03-12 10:00:47 (f4d99481d2520131e1fe9d35142bd876) - AI processing not yet complete.
Skipping 2026-03-03 11:40:52 (5ee14a603a0eb00dc0cd014131634a49) - AI processing not yet complete.
Skipping 2026-03-02 22:55:37 (f8e768606308a898b656297de98ecdf0) - AI processing not yet complete.
Skipping 2026-03-02 18:19:41 (e2e964c6239c49aa1ac0d62fa7a9b149) - AI processing not yet complete.
Skipping 2026-02-22 03:25:10 (2091a2244a8f229875ad1e486c0de2a0) - AI processing not yet complete.
Auto mode complete.
[2026-04-13 06:06:10] Auto export completed successfully.
[2026-04-13 07:29:21] Starting auto export...
/Users/hiroshi/Library/Python/3.9/lib/python/site-packages/urllib3/__init__.py:35: NotOpenSSLWarning: urllib3 v2 only supports OpenSSL 1.1.1+, currently the 'ssl' module is compiled with 'LibreSSL 2.8.3'. See: https://github.com/urllib3/urllib3/issues/3020
  warnings.warn(
Running in AUTO mode...
Found 7 new files out of 50 total.
Skipping 2026-04-07 23:11:41 (e01ef6b7345b55cb2bd9db7af6ad0a1e) - AI processing not yet complete.
Skipping 2026-03-15 16:23:06 (f741ea39d62b8cce8461e71de8006d15) - AI processing not yet complete.
Skipping 2026-03-12 10:00:47 (f4d99481d2520131e1fe9d35142bd876) - AI processing not yet complete.
Skipping 2026-03-03 11:40:52 (5ee14a603a0eb00dc0cd014131634a49) - AI processing not yet complete.
Skipping 2026-03-02 22:55:37 (f8e768606308a898b656297de98ecdf0) - AI processing not yet complete.
Skipping 2026-03-02 18:19:41 (e2e964c6239c49aa1ac0d62fa7a9b149) - AI processing not yet complete.
Skipping 2026-02-22 03:25:10 (2091a2244a8f229875ad1e486c0de2a0) - AI processing not yet complete.
Auto mode complete.
[2026-04-13 07:29:22] Auto export completed successfully.
[2026-04-13 09:03:20] Starting auto export...
/Users/hiroshi/Library/Python/3.9/lib/python/site-packages/urllib3/__init__.py:35: NotOpenSSLWarning: urllib3 v2 only supports OpenSSL 1.1.1+, currently the 'ssl' module is compiled with 'LibreSSL 2.8.3'. See: https://github.com/urllib3/urllib3/issues/3020
  warnings.warn(
Running in AUTO mode...
Found 7 new files out of 50 total.
Skipping 2026-04-07 23:11:41 (e01ef6b7345b55cb2bd9db7af6ad0a1e) - AI processing not yet complete.
Skipping 2026-03-15 16:23:06 (f741ea39d62b8cce8461e71de8006d15) - AI processing not yet complete.
Skipping 2026-03-12 10:00:47 (f4d99481d2520131e1fe9d35142bd876) - AI processing not yet complete.
Skipping 2026-03-03 11:40:52 (5ee14a603a0eb00dc0cd014131634a49) - AI processing not yet complete.
Skipping 2026-03-02 22:55:37 (f8e768606308a898b656297de98ecdf0) - AI processing not yet complete.
Skipping 2026-03-02 18:19:41 (e2e964c6239c49aa1ac0d62fa7a9b149) - AI processing not yet complete.
Skipping 2026-02-22 03:25:10 (2091a2244a8f229875ad1e486c0de2a0) - AI processing not yet complete.
Auto mode complete.
[2026-04-13 09:03:21] Auto export completed successfully.
[2026-04-13 10:03:21] Starting auto export...
/Users/hiroshi/Library/Python/3.9/lib/python/site-packages/urllib3/__init__.py:35: NotOpenSSLWarning: urllib3 v2 only supports OpenSSL 1.1.1+, currently the 'ssl' module is compiled with 'LibreSSL 2.8.3'. See: https://github.com/urllib3/urllib3/issues/3020
  warnings.warn(
Running in AUTO mode...
Found 7 new files out of 50 total.
Skipping 2026-04-07 23:11:41 (e01ef6b7345b55cb2bd9db7af6ad0a1e) - AI processing not yet complete.
Skipping 2026-03-15 16:23:06 (f741ea39d62b8cce8461e71de8006d15) - AI processing not yet complete.
Skipping 2026-03-12 10:00:47 (f4d99481d2520131e1fe9d35142bd876) - AI processing not yet complete.
Skipping 2026-03-03 11:40:52 (5ee14a603a0eb00dc0cd014131634a49) - AI processing not yet complete.
Skipping 2026-03-02 22:55:37 (f8e768606308a898b656297de98ecdf0) - AI processing not yet complete.
Skipping 2026-03-02 18:19:41 (e2e964c6239c49aa1ac0d62fa7a9b149) - AI processing not yet complete.
Skipping 2026-02-22 03:25:10 (2091a2244a8f229875ad1e486c0de2a0) - AI processing not yet complete.
Auto mode complete.
[2026-04-13 10:03:22] Auto export completed successfully.
[2026-04-13 14:40:32] Starting auto export...
/Users/hiroshi/Library/Python/3.9/lib/python/site-packages/urllib3/__init__.py:35: NotOpenSSLWarning: urllib3 v2 only supports OpenSSL 1.1.1+, currently the 'ssl' module is compiled with 'LibreSSL 2.8.3'. See: https://github.com/urllib3/urllib3/issues/3020
  warnings.warn(
Running in AUTO mode...
Found 7 new files out of 50 total.
Skipping 2026-04-07 23:11:41 (e01ef6b7345b55cb2bd9db7af6ad0a1e) - AI processing not yet complete.
Skipping 2026-03-15 16:23:06 (f741ea39d62b8cce8461e71de8006d15) - AI processing not yet complete.
Skipping 2026-03-12 10:00:47 (f4d99481d2520131e1fe9d35142bd876) - AI processing not yet complete.
Skipping 2026-03-03 11:40:52 (5ee14a603a0eb00dc0cd014131634a49) - AI processing not yet complete.
Skipping 2026-03-02 22:55:37 (f8e768606308a898b656297de98ecdf0) - AI processing not yet complete.
Skipping 2026-03-02 18:19:41 (e2e964c6239c49aa1ac0d62fa7a9b149) - AI processing not yet complete.
Skipping 2026-02-22 03:25:10 (2091a2244a8f229875ad1e486c0de2a0) - AI processing not yet complete.
Auto mode complete.
[2026-04-13 14:40:32] Auto export completed successfully.
[2026-04-13 15:45:24] Starting auto export...
/Users/hiroshi/Library/Python/3.9/lib/python/site-packages/urllib3/__init__.py:35: NotOpenSSLWarning: urllib3 v2 only supports OpenSSL 1.1.1+, currently the 'ssl' module is compiled with 'LibreSSL 2.8.3'. See: https://github.com/urllib3/urllib3/issues/3020
  warnings.warn(
Running in AUTO mode...
Found 7 new files out of 50 total.
Skipping 2026-04-07 23:11:41 (e01ef6b7345b55cb2bd9db7af6ad0a1e) - AI processing not yet complete.
Skipping 2026-03-15 16:23:06 (f741ea39d62b8cce8461e71de8006d15) - AI processing not yet complete.
Skipping 2026-03-12 10:00:47 (f4d99481d2520131e1fe9d35142bd876) - AI processing not yet complete.
Skipping 2026-03-03 11:40:52 (5ee14a603a0eb00dc0cd014131634a49) - AI processing not yet complete.
Skipping 2026-03-02 22:55:37 (f8e768606308a898b656297de98ecdf0) - AI processing not yet complete.
Skipping 2026-03-02 18:19:41 (e2e964c6239c49aa1ac0d62fa7a9b149) - AI processing not yet complete.
Skipping 2026-02-22 03:25:10 (2091a2244a8f229875ad1e486c0de2a0) - AI processing not yet complete.
Auto mode complete.
[2026-04-13 15:45:25] Auto export completed successfully.
[2026-04-13 18:44:30] Starting auto export...
/Users/hiroshi/Library/Python/3.9/lib/python/site-packages/urllib3/__init__.py:35: NotOpenSSLWarning: urllib3 v2 only supports OpenSSL 1.1.1+, currently the 'ssl' module is compiled with 'LibreSSL 2.8.3'. See: https://github.com/urllib3/urllib3/issues/3020
  warnings.warn(
Running in AUTO mode...
Found 13 new files out of 50 total.
Skipping 2026-04-13 18:18:23 (edb15544894f4a75951777628db1b4b7) - AI processing not yet complete.
Skipping 2026-04-13 17:00:53 (7a26a04df3a2e279d190d44695533964) - AI processing not yet complete.
Skipping 2026-04-12 22:21:30 (f46c7a0a51c96e10d153c9030e7187e9) - AI processing not yet complete.
Skipping 2026-04-12 18:56:19 (d929432f18f95acdb1d8c6ed7465581e) - AI processing not yet complete.
Skipping 2026-04-12 11:56:30 (b2c9664c8d068a68253d12bab443601b) - AI processing not yet complete.
Skipping 2026-04-09 17:08:04 (823fa258d1dfeee0361f8044de7459c8) - AI processing not yet complete.
Skipping 2026-04-07 23:11:41 (e01ef6b7345b55cb2bd9db7af6ad0a1e) - AI processing not yet complete.
Skipping 2026-03-15 16:23:06 (f741ea39d62b8cce8461e71de8006d15) - AI processing not yet complete.
Skipping 2026-03-12 10:00:47 (f4d99481d2520131e1fe9d35142bd876) - AI processing not yet complete.
Skipping 2026-03-03 11:40:52 (5ee14a603a0eb00dc0cd014131634a49) - AI processing not yet complete.
Skipping 2026-03-02 22:55:37 (f8e768606308a898b656297de98ecdf0) - AI processing not yet complete.
Skipping 2026-03-02 18:19:41 (e2e964c6239c49aa1ac0d62fa7a9b149) - AI processing not yet complete.
Skipping 2026-02-22 03:25:10 (2091a2244a8f229875ad1e486c0de2a0) - AI processing not yet complete.
Auto mode complete.
[2026-04-13 18:44:31] Auto export completed successfully.
[2026-04-14 09:10:25] Starting auto export...
/Users/hiroshi/Library/Python/3.9/lib/python/site-packages/urllib3/__init__.py:35: NotOpenSSLWarning: urllib3 v2 only supports OpenSSL 1.1.1+, currently the 'ssl' module is compiled with 'LibreSSL 2.8.3'. See: https://github.com/urllib3/urllib3/issues/3020
  warnings.warn(
Running in AUTO mode...
Found 13 new files out of 50 total.
Skipping 2026-04-13 18:18:23 (edb15544894f4a75951777628db1b4b7) - AI processing not yet complete.
Exporting: 04-13 会議：オンラインコミュニティ「コミット」の現状分析と今後の戦略 (7a26a04df3a2e279d190d44695533964)
  Fetching summary: Summary
  Fetching summary: 04-13 相談ミーティング: 「コミット」収益モデル最適化・選抜制コース設計・KPIダッシュボード構築
  Fetching summary: 04-13 定例会議：コミュニティ戦略と会員募集
  Fetching transcript...
Saved to: /Users/hiroshi/cursor/plaud_exports/04-13 会議_オンラインコミュニティ_コミット_の現状分析と今後の戦略.md
Exporting: 04-12 著名な起業家「迫さん」を中心とした人物・事業談義 (f46c7a0a51c96e10d153c9030e7187e9)
  Fetching summary: Summary
  Fetching summary: 04-12 定例会議：ビジネス展開、事業売却、特定の人物に関する議論
  Fetching transcript...
Saved to: /Users/hiroshi/cursor/plaud_exports/04-12 著名な起業家_迫さん_を中心とした人物_事業談義.md
Exporting: 04-12 会議：顧客層分析、プロモーション戦略、ビジネスモデル (d929432f18f95acdb1d8c6ed7465581e)
  Fetching summary: Summary
  Fetching summary: 04-12 「価値」の再定義：未来を売るための事業戦略とマインドセット変革
  Fetching summary: 04-12 定例会議: AI発信の長期組み込み、看板商品開発、営業・CS分離とKPI運用最適化
  Fetching transcript...
Saved to: /Users/hiroshi/cursor/plaud_exports/04-12 会議_顧客層分析_プロモーション戦略_ビジネスモデル.md
Exporting: 04-12 オンラインビジネスの収益化戦略と個人の強みを活かす事業構築に関する議論 (b2c9664c8d068a68253d12bab443601b)
  Fetching summary: Summary
  Fetching summary: 04-12 コンサルテーション：事業課題、ユーザーエンゲージメント、収益化
  Fetching summary: 04-12 定例会議：Brainプラットフォームの成長戦略と組織論
  Fetching transcript...
Saved to: /Users/hiroshi/cursor/plaud_exports/04-12 オンラインビジネスの収益化戦略と個人の強みを活かす事業構築に関する議論.md
Exporting: 04-09 事業ポートフォリオの断片化と依存リスク：Brain、Tangle、Rits事業の現状評価と収益基盤の課題 (823fa258d1dfeee0361f8044de7459c8)
  Fetching summary: Summary
  Fetching summary: 04-09 打合せ: ブレイン/タングル/リッツ運用方針・収益試算・会員管理改善
  Fetching summary: 04-09 事業計画レビュー：料金二段階制・案件運用体制・収益配分と初期投資回収
  Fetching transcript...
Saved to: /Users/hiroshi/cursor/plaud_exports/04-09 事業ポートフォリオの断片化と依存リスク_Brain_Tangle_Rits事業の現状評価と収益基盤の課題.md
Exporting: 04-07 戦略会議: コミュニティ/スクール型「コミット」設計・顧問プラン再定義・資金調達と成長ロードマップ (e01ef6b7345b55cb2bd9db7af6ad0a1e)
  Fetching summary: Summary
  Fetching summary: 04-07 打ち合わせ: プラン設計・価格戦略・コミュニティ仲介モデルと資金調達
  Fetching summary: 04-07 戦略ブリーフィング：価格階段設計・資金回転拡大・ガバナンス再設計で8月100会員と来期利益6〜10億を狙う事業ジャンプ計画
  Fetching transcript...
Saved to: /Users/hiroshi/cursor/plaud_exports/04-07 戦略会議_ コミュニティ_スクール型_コミット_設計_顧問プラン再定義_資金調達と成長ロードマップ.md
Skipping 2026-03-15 16:23:06 (f741ea39d62b8cce8461e71de8006d15) - AI processing not yet complete.
Skipping 2026-03-12 10:00:47 (f4d99481d2520131e1fe9d35142bd876) - AI processing not yet complete.
Skipping 2026-03-03 11:40:52 (5ee14a603a0eb00dc0cd014131634a49) - AI processing not yet complete.
Skipping 2026-03-02 22:55:37 (f8e768606308a898b656297de98ecdf0) - AI processing not yet complete.
Skipping 2026-03-02 18:19:41 (e2e964c6239c49aa1ac0d62fa7a9b149) - AI processing not yet complete.
Skipping 2026-02-22 03:25:10 (2091a2244a8f229875ad1e486c0de2a0) - AI processing not yet complete.
Auto mode complete.
[2026-04-14 09:10:37] Auto export completed successfully.
[2026-04-14 10:25:32] Starting auto export...
/Users/hiroshi/Library/Python/3.9/lib/python/site-packages/urllib3/__init__.py:35: NotOpenSSLWarning: urllib3 v2 only supports OpenSSL 1.1.1+, currently the 'ssl' module is compiled with 'LibreSSL 2.8.3'. See: https://github.com/urllib3/urllib3/issues/3020
  warnings.warn(
Running in AUTO mode...
Found 7 new files out of 50 total.
Skipping 2026-04-13 18:18:23 (edb15544894f4a75951777628db1b4b7) - AI processing not yet complete.
Skipping 2026-03-15 16:23:06 (f741ea39d62b8cce8461e71de8006d15) - AI processing not yet complete.
Skipping 2026-03-12 10:00:47 (f4d99481d2520131e1fe9d35142bd876) - AI processing not yet complete.
Skipping 2026-03-03 11:40:52 (5ee14a603a0eb00dc0cd014131634a49) - AI processing not yet complete.
Skipping 2026-03-02 22:55:37 (f8e768606308a898b656297de98ecdf0) - AI processing not yet complete.
Skipping 2026-03-02 18:19:41 (e2e964c6239c49aa1ac0d62fa7a9b149) - AI processing not yet complete.
Skipping 2026-02-22 03:25:10 (2091a2244a8f229875ad1e486c0de2a0) - AI processing not yet complete.
Auto mode complete.
[2026-04-14 10:25:33] Auto export completed successfully.
[2026-04-14 11:47:42] Starting auto export...
/Users/hiroshi/Library/Python/3.9/lib/python/site-packages/urllib3/__init__.py:35: NotOpenSSLWarning: urllib3 v2 only supports OpenSSL 1.1.1+, currently the 'ssl' module is compiled with 'LibreSSL 2.8.3'. See: https://github.com/urllib3/urllib3/issues/3020
  warnings.warn(
Running in AUTO mode...
Found 7 new files out of 50 total.
Skipping 2026-04-13 18:18:23 (edb15544894f4a75951777628db1b4b7) - AI processing not yet complete.
Skipping 2026-03-15 16:23:06 (f741ea39d62b8cce8461e71de8006d15) - AI processing not yet complete.
Skipping 2026-03-12 10:00:47 (f4d99481d2520131e1fe9d35142bd876) - AI processing not yet complete.
Skipping 2026-03-03 11:40:52 (5ee14a603a0eb00dc0cd014131634a49) - AI processing not yet complete.
Skipping 2026-03-02 22:55:37 (f8e768606308a898b656297de98ecdf0) - AI processing not yet complete.
Skipping 2026-03-02 18:19:41 (e2e964c6239c49aa1ac0d62fa7a9b149) - AI processing not yet complete.
Skipping 2026-02-22 03:25:10 (2091a2244a8f229875ad1e486c0de2a0) - AI processing not yet complete.
Auto mode complete.
[2026-04-14 11:47:43] Auto export completed successfully.
[2026-04-14 19:23:40] Starting auto export...
/Users/hiroshi/Library/Python/3.9/lib/python/site-packages/urllib3/__init__.py:35: NotOpenSSLWarning: urllib3 v2 only supports OpenSSL 1.1.1+, currently the 'ssl' module is compiled with 'LibreSSL 2.8.3'. See: https://github.com/urllib3/urllib3/issues/3020
  warnings.warn(
Running in AUTO mode...
Traceback (most recent call last):
  File "/Users/hiroshi/Library/Python/3.9/lib/python/site-packages/urllib3/connection.py", line 204, in _new_conn
    sock = connection.create_connection(
  File "/Users/hiroshi/Library/Python/3.9/lib/python/site-packages/urllib3/util/connection.py", line 60, in create_connection
    for res in socket.getaddrinfo(host, port, family, socket.SOCK_STREAM):
  File "/Library/Developer/CommandLineTools/Library/Frameworks/Python3.framework/Versions/3.9/lib/python3.9/socket.py", line 953, in getaddrinfo
    for res in _socket.getaddrinfo(host, port, family, type, proto, flags):
socket.gaierror: [Errno 8] nodename nor servname provided, or not known

The above exception was the direct cause of the following exception:

Traceback (most recent call last):
  File "/Users/hiroshi/Library/Python/3.9/lib/python/site-packages/urllib3/connectionpool.py", line 787, in urlopen
    response = self._make_request(
  File "/Users/hiroshi/Library/Python/3.9/lib/python/site-packages/urllib3/connectionpool.py", line 488, in _make_request
    raise new_e
  File "/Users/hiroshi/Library/Python/3.9/lib/python/site-packages/urllib3/connectionpool.py", line 464, in _make_request
    self._validate_conn(conn)
  File "/Users/hiroshi/Library/Python/3.9/lib/python/site-packages/urllib3/connectionpool.py", line 1093, in _validate_conn
    conn.connect()
  File "/Users/hiroshi/Library/Python/3.9/lib/python/site-packages/urllib3/connection.py", line 759, in connect
    self.sock = sock = self._new_conn()
  File "/Users/hiroshi/Library/Python/3.9/lib/python/site-packages/urllib3/connection.py", line 211, in _new_conn
    raise NameResolutionError(self.host, self, e) from e
urllib3.exceptions.NameResolutionError: HTTPSConnection(host='api-apne1.plaud.ai', port=443): Failed to resolve 'api-apne1.plaud.ai' ([Errno 8] nodename nor servname provided, or not known)

The above exception was the direct cause of the following exception:

Traceback (most recent call last):
  File "/Users/hiroshi/Library/Python/3.9/lib/python/site-packages/requests/adapters.py", line 644, in send
    resp = conn.urlopen(
  File "/Users/hiroshi/Library/Python/3.9/lib/python/site-packages/urllib3/connectionpool.py", line 841, in urlopen
    retries = retries.increment(
  File "/Users/hiroshi/Library/Python/3.9/lib/python/site-packages/urllib3/util/retry.py", line 519, in increment
    raise MaxRetryError(_pool, url, reason) from reason  # type: ignore[arg-type]
urllib3.exceptions.MaxRetryError: HTTPSConnectionPool(host='api-apne1.plaud.ai', port=443): Max retries exceeded with url: /file/simple/web?skip=0&limit=50&is_trash=2&sort_by=start_time&is_desc=true (Caused by NameResolutionError("HTTPSConnection(host='api-apne1.plaud.ai', port=443): Failed to resolve 'api-apne1.plaud.ai' ([Errno 8] nodename nor servname provided, or not known)"))

During handling of the above exception, another exception occurred:

Traceback (most recent call last):
  File "/Users/hiroshi/cursor/plaud_exports/plaud_export.py", line 322, in <module>
    main()
  File "/Users/hiroshi/cursor/plaud_exports/plaud_export.py", line 255, in main
    files = list_files(args.token, args.limit)
  File "/Users/hiroshi/cursor/plaud_exports/plaud_export.py", line 173, in list_files
    response = requests.get(url, headers=headers, params=params)
  File "/Users/hiroshi/Library/Python/3.9/lib/python/site-packages/requests/api.py", line 73, in get
    return request("get", url, params=params, **kwargs)
  File "/Users/hiroshi/Library/Python/3.9/lib/python/site-packages/requests/api.py", line 59, in request
    return session.request(method=method, url=url, **kwargs)
  File "/Users/hiroshi/Library/Python/3.9/lib/python/site-packages/requests/sessions.py", line 589, in request
    resp = self.send(prep, **send_kwargs)
  File "/Users/hiroshi/Library/Python/3.9/lib/python/site-packages/requests/sessions.py", line 703, in send
    r = adapter.send(request, **kwargs)
  File "/Users/hiroshi/Library/Python/3.9/lib/python/site-packages/requests/adapters.py", line 677, in send
    raise ConnectionError(e, request=request)
requests.exceptions.ConnectionError: HTTPSConnectionPool(host='api-apne1.plaud.ai', port=443): Max retries exceeded with url: /file/simple/web?skip=0&limit=50&is_trash=2&sort_by=start_time&is_desc=true (Caused by NameResolutionError("HTTPSConnection(host='api-apne1.plaud.ai', port=443): Failed to resolve 'api-apne1.plaud.ai' ([Errno 8] nodename nor servname provided, or not known)"))
[2026-04-14 19:23:40] ERROR: Auto export failed with exit code 1
[2026-04-15 11:50:47] Starting auto export...
/Users/hiroshi/Library/Python/3.9/lib/python/site-packages/urllib3/__init__.py:35: NotOpenSSLWarning: urllib3 v2 only supports OpenSSL 1.1.1+, currently the 'ssl' module is compiled with 'LibreSSL 2.8.3'. See: https://github.com/urllib3/urllib3/issues/3020
  warnings.warn(
Running in AUTO mode...
Found 9 new files out of 50 total.
Skipping 2026-04-14 14:21:33 (e3e6b929ede3de195f992209c7266f8e) - AI processing not yet complete.
Skipping 2026-04-14 13:25:40 (35c83d0f277cd68ec18d2f80339291f5) - AI processing not yet complete.
Skipping 2026-04-13 18:18:23 (edb15544894f4a75951777628db1b4b7) - AI processing not yet complete.
Skipping 2026-03-15 16:23:06 (f741ea39d62b8cce8461e71de8006d15) - AI processing not yet complete.
Skipping 2026-03-12 10:00:47 (f4d99481d2520131e1fe9d35142bd876) - AI processing not yet complete.
Skipping 2026-03-03 11:40:52 (5ee14a603a0eb00dc0cd014131634a49) - AI processing not yet complete.
Skipping 2026-03-02 22:55:37 (f8e768606308a898b656297de98ecdf0) - AI processing not yet complete.
Skipping 2026-03-02 18:19:41 (e2e964c6239c49aa1ac0d62fa7a9b149) - AI processing not yet complete.
Skipping 2026-02-22 03:25:10 (2091a2244a8f229875ad1e486c0de2a0) - AI processing not yet complete.
Auto mode complete.
[2026-04-15 11:50:49] Auto export completed successfully.
[2026-04-15 14:21:05] Starting auto export...
/Users/hiroshi/Library/Python/3.9/lib/python/site-packages/urllib3/__init__.py:35: NotOpenSSLWarning: urllib3 v2 only supports OpenSSL 1.1.1+, currently the 'ssl' module is compiled with 'LibreSSL 2.8.3'. See: https://github.com/urllib3/urllib3/issues/3020
  warnings.warn(
Running in AUTO mode...
Found 11 new files out of 50 total.
Exporting: 04-14 会議：新コミュニティ企画と参加プラン詳細 (e3e6b929ede3de195f992209c7266f8e)
  Fetching summary: Summary
  Fetching summary: 04-14 週次会議：コミュニティコースのコンセプトと提供価値
  Fetching summary: 04-14 二層構造で選抜運営する50人実働チームと観測学習層の再設計（月額10万円／2万円
  Fetching transcript...
Saved to: /Users/hiroshi/cursor/plaud_exports/04-14 会議_新コミュニティ企画と参加プラン詳細.md
Exporting: 04-14 新規コミュニティ事業の戦略設計とサービス階層化に関する議論 (35c83d0f277cd68ec18d2f80339291f5)
  Fetching summary: Summary
  Fetching summary: 04-14 定例会議: 体型方針・審査厳格化・ウェブ/SNS展開・顧問/超人の役割整理とコミュニティ運用
  Fetching transcript...
Saved to: /Users/hiroshi/cursor/plaud_exports/04-14 新規コミュニティ事業の戦略設計とサービス階層化に関する議論.md
Exporting: 04-14 「超人」経営者育成の哲学：持続的成長を実現する思考と習慣の探求 (4b6a6c5ffe15924b542455165f5c57b2)
  Fetching summary: Summary
  Fetching summary: 04-14 打合せ: 経営コミット型承継支援と少数精鋭コミュニティ戦略
  Fetching summary: 04-14 週間会議：事業成長のパラダイムシフトと成功者のマインドセット
  Fetching transcript...
Saved to: /Users/hiroshi/cursor/plaud_exports/04-14 _超人_経営者育成の哲学_持続的成長を実現する思考と習慣の探求.md
Exporting: 04-13 週次会議：メディア戦略とプロジェクト目標設定 (82bd8b2ca31b668e761cdd911289add3)
  Fetching summary: Summary
  Fetching summary: 04-13 戦略会議：SNSメディア構築とプロジェクトKPI設定
  Fetching transcript...
Saved to: /Users/hiroshi/cursor/plaud_exports/04-13 週次会議_メディア戦略とプロジェクト目標設定.md
Skipping 2026-04-13 18:18:23 (edb15544894f4a75951777628db1b4b7) - AI processing not yet complete.
Skipping 2026-03-15 16:23:06 (f741ea39d62b8cce8461e71de8006d15) - AI processing not yet complete.
Skipping 2026-03-12 10:00:47 (f4d99481d2520131e1fe9d35142bd876) - AI processing not yet complete.
Skipping 2026-03-03 11:40:52 (5ee14a603a0eb00dc0cd014131634a49) - AI processing not yet complete.
Skipping 2026-03-02 22:55:37 (f8e768606308a898b656297de98ecdf0) - AI processing not yet complete.
Skipping 2026-03-02 18:19:41 (e2e964c6239c49aa1ac0d62fa7a9b149) - AI processing not yet complete.
Skipping 2026-02-22 03:25:10 (2091a2244a8f229875ad1e486c0de2a0) - AI processing not yet complete.
Auto mode complete.
[2026-04-15 14:21:11] Auto export completed successfully.
[2026-04-15 15:21:11] Starting auto export...
/Users/hiroshi/Library/Python/3.9/lib/python/site-packages/urllib3/__init__.py:35: NotOpenSSLWarning: urllib3 v2 only supports OpenSSL 1.1.1+, currently the 'ssl' module is compiled with 'LibreSSL 2.8.3'. See: https://github.com/urllib3/urllib3/issues/3020
  warnings.warn(
Running in AUTO mode...
Found 7 new files out of 50 total.
Skipping 2026-04-13 18:18:23 (edb15544894f4a75951777628db1b4b7) - AI processing not yet complete.
Skipping 2026-03-15 16:23:06 (f741ea39d62b8cce8461e71de8006d15) - AI processing not yet complete.
Skipping 2026-03-12 10:00:47 (f4d99481d2520131e1fe9d35142bd876) - AI processing not yet complete.
Skipping 2026-03-03 11:40:52 (5ee14a603a0eb00dc0cd014131634a49) - AI processing not yet complete.
Skipping 2026-03-02 22:55:37 (f8e768606308a898b656297de98ecdf0) - AI processing not yet complete.
Skipping 2026-03-02 18:19:41 (e2e964c6239c49aa1ac0d62fa7a9b149) - AI processing not yet complete.
Skipping 2026-02-22 03:25:10 (2091a2244a8f229875ad1e486c0de2a0) - AI processing not yet complete.
Auto mode complete.
[2026-04-15 15:21:12] Auto export completed successfully.
[2026-04-15 16:21:12] Starting auto export...
/Users/hiroshi/Library/Python/3.9/lib/python/site-packages/urllib3/__init__.py:35: NotOpenSSLWarning: urllib3 v2 only supports OpenSSL 1.1.1+, currently the 'ssl' module is compiled with 'LibreSSL 2.8.3'. See: https://github.com/urllib3/urllib3/issues/3020
  warnings.warn(
Running in AUTO mode...
Found 7 new files out of 50 total.
Skipping 2026-04-13 18:18:23 (edb15544894f4a75951777628db1b4b7) - AI processing not yet complete.
Skipping 2026-03-15 16:23:06 (f741ea39d62b8cce8461e71de8006d15) - AI processing not yet complete.
Skipping 2026-03-12 10:00:47 (f4d99481d2520131e1fe9d35142bd876) - AI processing not yet complete.
Skipping 2026-03-03 11:40:52 (5ee14a603a0eb00dc0cd014131634a49) - AI processing not yet complete.
Skipping 2026-03-02 22:55:37 (f8e768606308a898b656297de98ecdf0) - AI processing not yet complete.
Skipping 2026-03-02 18:19:41 (e2e964c6239c49aa1ac0d62fa7a9b149) - AI processing not yet complete.
Skipping 2026-02-22 03:25:10 (2091a2244a8f229875ad1e486c0de2a0) - AI processing not yet complete.
Auto mode complete.
[2026-04-15 16:21:13] Auto export completed successfully.
[2026-04-15 17:21:13] Starting auto export...
/Users/hiroshi/Library/Python/3.9/lib/python/site-packages/urllib3/__init__.py:35: NotOpenSSLWarning: urllib3 v2 only supports OpenSSL 1.1.1+, currently the 'ssl' module is compiled with 'LibreSSL 2.8.3'. See: https://github.com/urllib3/urllib3/issues/3020
  warnings.warn(
Running in AUTO mode...
Found 9 new files out of 50 total.
Skipping 2026-04-15 16:49:34 (e9bd382286fab61628ff0a0b81a5f04d) - AI processing not yet complete.
Skipping 2026-04-15 15:15:24 (4fec1638da6b56c7b955afa25c5fe41c) - AI processing not yet complete.
Skipping 2026-04-13 18:18:23 (edb15544894f4a75951777628db1b4b7) - AI processing not yet complete.
Skipping 2026-03-15 16:23:06 (f741ea39d62b8cce8461e71de8006d15) - AI processing not yet complete.
Skipping 2026-03-12 10:00:47 (f4d99481d2520131e1fe9d35142bd876) - AI processing not yet complete.
Skipping 2026-03-03 11:40:52 (5ee14a603a0eb00dc0cd014131634a49) - AI processing not yet complete.
Skipping 2026-03-02 22:55:37 (f8e768606308a898b656297de98ecdf0) - AI processing not yet complete.
Skipping 2026-03-02 18:19:41 (e2e964c6239c49aa1ac0d62fa7a9b149) - AI processing not yet complete.
Skipping 2026-02-22 03:25:10 (2091a2244a8f229875ad1e486c0de2a0) - AI processing not yet complete.
Auto mode complete.
[2026-04-15 17:21:14] Auto export completed successfully.
[2026-04-15 18:21:14] Starting auto export...
/Users/hiroshi/Library/Python/3.9/lib/python/site-packages/urllib3/__init__.py:35: NotOpenSSLWarning: urllib3 v2 only supports OpenSSL 1.1.1+, currently the 'ssl' module is compiled with 'LibreSSL 2.8.3'. See: https://github.com/urllib3/urllib3/issues/3020
  warnings.warn(
Running in AUTO mode...
Found 10 new files out of 50 total.
Skipping 2026-04-15 17:25:38 (e1848d201cd56b6e51f9f2cd638906e8) - AI processing not yet complete.
Skipping 2026-04-15 16:49:34 (e9bd382286fab61628ff0a0b81a5f04d) - AI processing not yet complete.
Skipping 2026-04-15 15:15:24 (4fec1638da6b56c7b955afa25c5fe41c) - AI processing not yet complete.
Skipping 2026-04-13 18:18:23 (edb15544894f4a75951777628db1b4b7) - AI processing not yet complete.
Skipping 2026-03-15 16:23:06 (f741ea39d62b8cce8461e71de8006d15) - AI processing not yet complete.
Skipping 2026-03-12 10:00:47 (f4d99481d2520131e1fe9d35142bd876) - AI processing not yet complete.
Skipping 2026-03-03 11:40:52 (5ee14a603a0eb00dc0cd014131634a49) - AI processing not yet complete.
Skipping 2026-03-02 22:55:37 (f8e768606308a898b656297de98ecdf0) - AI processing not yet complete.
Skipping 2026-03-02 18:19:41 (e2e964c6239c49aa1ac0d62fa7a9b149) - AI processing not yet complete.
Skipping 2026-02-22 03:25:10 (2091a2244a8f229875ad1e486c0de2a0) - AI processing not yet complete.
Auto mode complete.
[2026-04-15 18:21:15] Auto export completed successfully.
[2026-04-16 08:36:08] Starting auto export...
/Users/hiroshi/Library/Python/3.9/lib/python/site-packages/urllib3/__init__.py:35: NotOpenSSLWarning: urllib3 v2 only supports OpenSSL 1.1.1+, currently the 'ssl' module is compiled with 'LibreSSL 2.8.3'. See: https://github.com/urllib3/urllib3/issues/3020
  warnings.warn(
Running in AUTO mode...
Traceback (most recent call last):
  File "/Users/hiroshi/Library/Python/3.9/lib/python/site-packages/urllib3/connection.py", line 204, in _new_conn
    sock = connection.create_connection(
  File "/Users/hiroshi/Library/Python/3.9/lib/python/site-packages/urllib3/util/connection.py", line 60, in create_connection
    for res in socket.getaddrinfo(host, port, family, socket.SOCK_STREAM):
  File "/Library/Developer/CommandLineTools/Library/Frameworks/Python3.framework/Versions/3.9/lib/python3.9/socket.py", line 953, in getaddrinfo
    for res in _socket.getaddrinfo(host, port, family, type, proto, flags):
socket.gaierror: [Errno 8] nodename nor servname provided, or not known

The above exception was the direct cause of the following exception:

Traceback (most recent call last):
  File "/Users/hiroshi/Library/Python/3.9/lib/python/site-packages/urllib3/connectionpool.py", line 787, in urlopen
    response = self._make_request(
  File "/Users/hiroshi/Library/Python/3.9/lib/python/site-packages/urllib3/connectionpool.py", line 488, in _make_request
    raise new_e
  File "/Users/hiroshi/Library/Python/3.9/lib/python/site-packages/urllib3/connectionpool.py", line 464, in _make_request
    self._validate_conn(conn)
  File "/Users/hiroshi/Library/Python/3.9/lib/python/site-packages/urllib3/connectionpool.py", line 1093, in _validate_conn
    conn.connect()
  File "/Users/hiroshi/Library/Python/3.9/lib/python/site-packages/urllib3/connection.py", line 759, in connect
    self.sock = sock = self._new_conn()
  File "/Users/hiroshi/Library/Python/3.9/lib/python/site-packages/urllib3/connection.py", line 211, in _new_conn
    raise NameResolutionError(self.host, self, e) from e
urllib3.exceptions.NameResolutionError: HTTPSConnection(host='api-apne1.plaud.ai', port=443): Failed to resolve 'api-apne1.plaud.ai' ([Errno 8] nodename nor servname provided, or not known)

The above exception was the direct cause of the following exception:

Traceback (most recent call last):
  File "/Users/hiroshi/Library/Python/3.9/lib/python/site-packages/requests/adapters.py", line 644, in send
    resp = conn.urlopen(
  File "/Users/hiroshi/Library/Python/3.9/lib/python/site-packages/urllib3/connectionpool.py", line 841, in urlopen
    retries = retries.increment(
  File "/Users/hiroshi/Library/Python/3.9/lib/python/site-packages/urllib3/util/retry.py", line 519, in increment
    raise MaxRetryError(_pool, url, reason) from reason  # type: ignore[arg-type]
urllib3.exceptions.MaxRetryError: HTTPSConnectionPool(host='api-apne1.plaud.ai', port=443): Max retries exceeded with url: /file/simple/web?skip=0&limit=50&is_trash=2&sort_by=start_time&is_desc=true (Caused by NameResolutionError("HTTPSConnection(host='api-apne1.plaud.ai', port=443): Failed to resolve 'api-apne1.plaud.ai' ([Errno 8] nodename nor servname provided, or not known)"))

During handling of the above exception, another exception occurred:

Traceback (most recent call last):
  File "/Users/hiroshi/cursor/plaud_exports/plaud_export.py", line 322, in <module>
    main()
  File "/Users/hiroshi/cursor/plaud_exports/plaud_export.py", line 255, in main
    files = list_files(args.token, args.limit)
  File "/Users/hiroshi/cursor/plaud_exports/plaud_export.py", line 173, in list_files
    response = requests.get(url, headers=headers, params=params)
  File "/Users/hiroshi/Library/Python/3.9/lib/python/site-packages/requests/api.py", line 73, in get
    return request("get", url, params=params, **kwargs)
  File "/Users/hiroshi/Library/Python/3.9/lib/python/site-packages/requests/api.py", line 59, in request
    return session.request(method=method, url=url, **kwargs)
  File "/Users/hiroshi/Library/Python/3.9/lib/python/site-packages/requests/sessions.py", line 589, in request
    resp = self.send(prep, **send_kwargs)
  File "/Users/hiroshi/Library/Python/3.9/lib/python/site-packages/requests/sessions.py", line 703, in send
    r = adapter.send(request, **kwargs)
  File "/Users/hiroshi/Library/Python/3.9/lib/python/site-packages/requests/adapters.py", line 677, in send
    raise ConnectionError(e, request=request)
requests.exceptions.ConnectionError: HTTPSConnectionPool(host='api-apne1.plaud.ai', port=443): Max retries exceeded with url: /file/simple/web?skip=0&limit=50&is_trash=2&sort_by=start_time&is_desc=true (Caused by NameResolutionError("HTTPSConnection(host='api-apne1.plaud.ai', port=443): Failed to resolve 'api-apne1.plaud.ai' ([Errno 8] nodename nor servname provided, or not known)"))
[2026-04-16 08:36:08] ERROR: Auto export failed with exit code 1
[2026-04-16 10:39:37] Starting auto export...
/Users/hiroshi/Library/Python/3.9/lib/python/site-packages/urllib3/__init__.py:35: NotOpenSSLWarning: urllib3 v2 only supports OpenSSL 1.1.1+, currently the 'ssl' module is compiled with 'LibreSSL 2.8.3'. See: https://github.com/urllib3/urllib3/issues/3020
  warnings.warn(
Running in AUTO mode...
Traceback (most recent call last):
  File "/Users/hiroshi/Library/Python/3.9/lib/python/site-packages/urllib3/connection.py", line 204, in _new_conn
    sock = connection.create_connection(
  File "/Users/hiroshi/Library/Python/3.9/lib/python/site-packages/urllib3/util/connection.py", line 60, in create_connection
    for res in socket.getaddrinfo(host, port, family, socket.SOCK_STREAM):
  File "/Library/Developer/CommandLineTools/Library/Frameworks/Python3.framework/Versions/3.9/lib/python3.9/socket.py", line 953, in getaddrinfo
    for res in _socket.getaddrinfo(host, port, family, type, proto, flags):
socket.gaierror: [Errno 8] nodename nor servname provided, or not known

The above exception was the direct cause of the following exception:

Traceback (most recent call last):
  File "/Users/hiroshi/Library/Python/3.9/lib/python/site-packages/urllib3/connectionpool.py", line 787, in urlopen
    response = self._make_request(
  File "/Users/hiroshi/Library/Python/3.9/lib/python/site-packages/urllib3/connectionpool.py", line 488, in _make_request
    raise new_e
  File "/Users/hiroshi/Library/Python/3.9/lib/python/site-packages/urllib3/connectionpool.py", line 464, in _make_request
    self._validate_conn(conn)
  File "/Users/hiroshi/Library/Python/3.9/lib/python/site-packages/urllib3/connectionpool.py", line 1093, in _validate_conn
    conn.connect()
  File "/Users/hiroshi/Library/Python/3.9/lib/python/site-packages/urllib3/connection.py", line 759, in connect
    self.sock = sock = self._new_conn()
  File "/Users/hiroshi/Library/Python/3.9/lib/python/site-packages/urllib3/connection.py", line 211, in _new_conn
    raise NameResolutionError(self.host, self, e) from e
urllib3.exceptions.NameResolutionError: HTTPSConnection(host='api-apne1.plaud.ai', port=443): Failed to resolve 'api-apne1.plaud.ai' ([Errno 8] nodename nor servname provided, or not known)

The above exception was the direct cause of the following exception:

Traceback (most recent call last):
  File "/Users/hiroshi/Library/Python/3.9/lib/python/site-packages/requests/adapters.py", line 644, in send
    resp = conn.urlopen(
  File "/Users/hiroshi/Library/Python/3.9/lib/python/site-packages/urllib3/connectionpool.py", line 841, in urlopen
    retries = retries.increment(
  File "/Users/hiroshi/Library/Python/3.9/lib/python/site-packages/urllib3/util/retry.py", line 519, in increment
    raise MaxRetryError(_pool, url, reason) from reason  # type: ignore[arg-type]
urllib3.exceptions.MaxRetryError: HTTPSConnectionPool(host='api-apne1.plaud.ai', port=443): Max retries exceeded with url: /file/simple/web?skip=0&limit=50&is_trash=2&sort_by=start_time&is_desc=true (Caused by NameResolutionError("HTTPSConnection(host='api-apne1.plaud.ai', port=443): Failed to resolve 'api-apne1.plaud.ai' ([Errno 8] nodename nor servname provided, or not known)"))

During handling of the above exception, another exception occurred:

Traceback (most recent call last):
  File "/Users/hiroshi/cursor/plaud_exports/plaud_export.py", line 322, in <module>
    main()
  File "/Users/hiroshi/cursor/plaud_exports/plaud_export.py", line 255, in main
    files = list_files(args.token, args.limit)
  File "/Users/hiroshi/cursor/plaud_exports/plaud_export.py", line 173, in list_files
    response = requests.get(url, headers=headers, params=params)
  File "/Users/hiroshi/Library/Python/3.9/lib/python/site-packages/requests/api.py", line 73, in get
    return request("get", url, params=params, **kwargs)
  File "/Users/hiroshi/Library/Python/3.9/lib/python/site-packages/requests/api.py", line 59, in request
    return session.request(method=method, url=url, **kwargs)
  File "/Users/hiroshi/Library/Python/3.9/lib/python/site-packages/requests/sessions.py", line 589, in request
    resp = self.send(prep, **send_kwargs)
  File "/Users/hiroshi/Library/Python/3.9/lib/python/site-packages/requests/sessions.py", line 703, in send
    r = adapter.send(request, **kwargs)
  File "/Users/hiroshi/Library/Python/3.9/lib/python/site-packages/requests/adapters.py", line 677, in send
    raise ConnectionError(e, request=request)
requests.exceptions.ConnectionError: HTTPSConnectionPool(host='api-apne1.plaud.ai', port=443): Max retries exceeded with url: /file/simple/web?skip=0&limit=50&is_trash=2&sort_by=start_time&is_desc=true (Caused by NameResolutionError("HTTPSConnection(host='api-apne1.plaud.ai', port=443): Failed to resolve 'api-apne1.plaud.ai' ([Errno 8] nodename nor servname provided, or not known)"))
[2026-04-16 10:39:37] ERROR: Auto export failed with exit code 1
[2026-04-16 11:43:12] Starting auto export...
/Users/hiroshi/Library/Python/3.9/lib/python/site-packages/urllib3/__init__.py:35: NotOpenSSLWarning: urllib3 v2 only supports OpenSSL 1.1.1+, currently the 'ssl' module is compiled with 'LibreSSL 2.8.3'. See: https://github.com/urllib3/urllib3/issues/3020
  warnings.warn(
Running in AUTO mode...
Found 10 new files out of 50 total.
Skipping 2026-04-15 17:25:38 (e1848d201cd56b6e51f9f2cd638906e8) - AI processing not yet complete.
Skipping 2026-04-15 16:49:34 (e9bd382286fab61628ff0a0b81a5f04d) - AI processing not yet complete.
Skipping 2026-04-15 15:15:24 (4fec1638da6b56c7b955afa25c5fe41c) - AI processing not yet complete.
Skipping 2026-04-13 18:18:23 (edb15544894f4a75951777628db1b4b7) - AI processing not yet complete.
Skipping 2026-03-15 16:23:06 (f741ea39d62b8cce8461e71de8006d15) - AI processing not yet complete.
Skipping 2026-03-12 10:00:47 (f4d99481d2520131e1fe9d35142bd876) - AI processing not yet complete.
Skipping 2026-03-03 11:40:52 (5ee14a603a0eb00dc0cd014131634a49) - AI processing not yet complete.
Skipping 2026-03-02 22:55:37 (f8e768606308a898b656297de98ecdf0) - AI processing not yet complete.
Skipping 2026-03-02 18:19:41 (e2e964c6239c49aa1ac0d62fa7a9b149) - AI processing not yet complete.
Skipping 2026-02-22 03:25:10 (2091a2244a8f229875ad1e486c0de2a0) - AI processing not yet complete.
Auto mode complete.
[2026-04-16 11:43:13] Auto export completed successfully.
[2026-04-16 18:15:53] Starting auto export...
/Users/hiroshi/Library/Python/3.9/lib/python/site-packages/urllib3/__init__.py:35: NotOpenSSLWarning: urllib3 v2 only supports OpenSSL 1.1.1+, currently the 'ssl' module is compiled with 'LibreSSL 2.8.3'. See: https://github.com/urllib3/urllib3/issues/3020
  warnings.warn(
Running in AUTO mode...
Traceback (most recent call last):
  File "/Users/hiroshi/Library/Python/3.9/lib/python/site-packages/urllib3/connection.py", line 204, in _new_conn
    sock = connection.create_connection(
  File "/Users/hiroshi/Library/Python/3.9/lib/python/site-packages/urllib3/util/connection.py", line 60, in create_connection
    for res in socket.getaddrinfo(host, port, family, socket.SOCK_STREAM):
  File "/Library/Developer/CommandLineTools/Library/Frameworks/Python3.framework/Versions/3.9/lib/python3.9/socket.py", line 953, in getaddrinfo
    for res in _socket.getaddrinfo(host, port, family, type, proto, flags):
socket.gaierror: [Errno 8] nodename nor servname provided, or not known

The above exception was the direct cause of the following exception:

Traceback (most recent call last):
  File "/Users/hiroshi/Library/Python/3.9/lib/python/site-packages/urllib3/connectionpool.py", line 787, in urlopen
    response = self._make_request(
  File "/Users/hiroshi/Library/Python/3.9/lib/python/site-packages/urllib3/connectionpool.py", line 488, in _make_request
    raise new_e
  File "/Users/hiroshi/Library/Python/3.9/lib/python/site-packages/urllib3/connectionpool.py", line 464, in _make_request
    self._validate_conn(conn)
  File "/Users/hiroshi/Library/Python/3.9/lib/python/site-packages/urllib3/connectionpool.py", line 1093, in _validate_conn
    conn.connect()
  File "/Users/hiroshi/Library/Python/3.9/lib/python/site-packages/urllib3/connection.py", line 759, in connect
    self.sock = sock = self._new_conn()
  File "/Users/hiroshi/Library/Python/3.9/lib/python/site-packages/urllib3/connection.py", line 211, in _new_conn
    raise NameResolutionError(self.host, self, e) from e
urllib3.exceptions.NameResolutionError: HTTPSConnection(host='api-apne1.plaud.ai', port=443): Failed to resolve 'api-apne1.plaud.ai' ([Errno 8] nodename nor servname provided, or not known)

The above exception was the direct cause of the following exception:

Traceback (most recent call last):
  File "/Users/hiroshi/Library/Python/3.9/lib/python/site-packages/requests/adapters.py", line 644, in send
    resp = conn.urlopen(
  File "/Users/hiroshi/Library/Python/3.9/lib/python/site-packages/urllib3/connectionpool.py", line 841, in urlopen
    retries = retries.increment(
  File "/Users/hiroshi/Library/Python/3.9/lib/python/site-packages/urllib3/util/retry.py", line 519, in increment
    raise MaxRetryError(_pool, url, reason) from reason  # type: ignore[arg-type]
urllib3.exceptions.MaxRetryError: HTTPSConnectionPool(host='api-apne1.plaud.ai', port=443): Max retries exceeded with url: /file/simple/web?skip=0&limit=50&is_trash=2&sort_by=start_time&is_desc=true (Caused by NameResolutionError("HTTPSConnection(host='api-apne1.plaud.ai', port=443): Failed to resolve 'api-apne1.plaud.ai' ([Errno 8] nodename nor servname provided, or not known)"))

During handling of the above exception, another exception occurred:

Traceback (most recent call last):
  File "/Users/hiroshi/cursor/plaud_exports/plaud_export.py", line 322, in <module>
    main()
  File "/Users/hiroshi/cursor/plaud_exports/plaud_export.py", line 255, in main
    files = list_files(args.token, args.limit)
  File "/Users/hiroshi/cursor/plaud_exports/plaud_export.py", line 173, in list_files
    response = requests.get(url, headers=headers, params=params)
  File "/Users/hiroshi/Library/Python/3.9/lib/python/site-packages/requests/api.py", line 73, in get
    return request("get", url, params=params, **kwargs)
  File "/Users/hiroshi/Library/Python/3.9/lib/python/site-packages/requests/api.py", line 59, in request
    return session.request(method=method, url=url, **kwargs)
  File "/Users/hiroshi/Library/Python/3.9/lib/python/site-packages/requests/sessions.py", line 589, in request
    resp = self.send(prep, **send_kwargs)
  File "/Users/hiroshi/Library/Python/3.9/lib/python/site-packages/requests/sessions.py", line 703, in send
    r = adapter.send(request, **kwargs)
  File "/Users/hiroshi/Library/Python/3.9/lib/python/site-packages/requests/adapters.py", line 677, in send
    raise ConnectionError(e, request=request)
requests.exceptions.ConnectionError: HTTPSConnectionPool(host='api-apne1.plaud.ai', port=443): Max retries exceeded with url: /file/simple/web?skip=0&limit=50&is_trash=2&sort_by=start_time&is_desc=true (Caused by NameResolutionError("HTTPSConnection(host='api-apne1.plaud.ai', port=443): Failed to resolve 'api-apne1.plaud.ai' ([Errno 8] nodename nor servname provided, or not known)"))
[2026-04-16 18:15:53] ERROR: Auto export failed with exit code 1
[2026-04-16 19:24:38] Starting auto export...
/Users/hiroshi/Library/Python/3.9/lib/python/site-packages/urllib3/__init__.py:35: NotOpenSSLWarning: urllib3 v2 only supports OpenSSL 1.1.1+, currently the 'ssl' module is compiled with 'LibreSSL 2.8.3'. See: https://github.com/urllib3/urllib3/issues/3020
  warnings.warn(
Running in AUTO mode...
Traceback (most recent call last):
  File "/Users/hiroshi/Library/Python/3.9/lib/python/site-packages/urllib3/connection.py", line 204, in _new_conn
    sock = connection.create_connection(
  File "/Users/hiroshi/Library/Python/3.9/lib/python/site-packages/urllib3/util/connection.py", line 60, in create_connection
    for res in socket.getaddrinfo(host, port, family, socket.SOCK_STREAM):
  File "/Library/Developer/CommandLineTools/Library/Frameworks/Python3.framework/Versions/3.9/lib/python3.9/socket.py", line 953, in getaddrinfo
    for res in _socket.getaddrinfo(host, port, family, type, proto, flags):
socket.gaierror: [Errno 8] nodename nor servname provided, or not known

The above exception was the direct cause of the following exception:

Traceback (most recent call last):
  File "/Users/hiroshi/Library/Python/3.9/lib/python/site-packages/urllib3/connectionpool.py", line 787, in urlopen
    response = self._make_request(
  File "/Users/hiroshi/Library/Python/3.9/lib/python/site-packages/urllib3/connectionpool.py", line 488, in _make_request
    raise new_e
  File "/Users/hiroshi/Library/Python/3.9/lib/python/site-packages/urllib3/connectionpool.py", line 464, in _make_request
    self._validate_conn(conn)
  File "/Users/hiroshi/Library/Python/3.9/lib/python/site-packages/urllib3/connectionpool.py", line 1093, in _validate_conn
    conn.connect()
  File "/Users/hiroshi/Library/Python/3.9/lib/python/site-packages/urllib3/connection.py", line 759, in connect
    self.sock = sock = self._new_conn()
  File "/Users/hiroshi/Library/Python/3.9/lib/python/site-packages/urllib3/connection.py", line 211, in _new_conn
    raise NameResolutionError(self.host, self, e) from e
urllib3.exceptions.NameResolutionError: HTTPSConnection(host='api-apne1.plaud.ai', port=443): Failed to resolve 'api-apne1.plaud.ai' ([Errno 8] nodename nor servname provided, or not known)

The above exception was the direct cause of the following exception:

Traceback (most recent call last):
  File "/Users/hiroshi/Library/Python/3.9/lib/python/site-packages/requests/adapters.py", line 644, in send
    resp = conn.urlopen(
  File "/Users/hiroshi/Library/Python/3.9/lib/python/site-packages/urllib3/connectionpool.py", line 841, in urlopen
    retries = retries.increment(
  File "/Users/hiroshi/Library/Python/3.9/lib/python/site-packages/urllib3/util/retry.py", line 519, in increment
    raise MaxRetryError(_pool, url, reason) from reason  # type: ignore[arg-type]
urllib3.exceptions.MaxRetryError: HTTPSConnectionPool(host='api-apne1.plaud.ai', port=443): Max retries exceeded with url: /file/simple/web?skip=0&limit=50&is_trash=2&sort_by=start_time&is_desc=true (Caused by NameResolutionError("HTTPSConnection(host='api-apne1.plaud.ai', port=443): Failed to resolve 'api-apne1.plaud.ai' ([Errno 8] nodename nor servname provided, or not known)"))

During handling of the above exception, another exception occurred:

Traceback (most recent call last):
  File "/Users/hiroshi/cursor/plaud_exports/plaud_export.py", line 322, in <module>
    main()
  File "/Users/hiroshi/cursor/plaud_exports/plaud_export.py", line 255, in main
    files = list_files(args.token, args.limit)
  File "/Users/hiroshi/cursor/plaud_exports/plaud_export.py", line 173, in list_files
    response = requests.get(url, headers=headers, params=params)
  File "/Users/hiroshi/Library/Python/3.9/lib/python/site-packages/requests/api.py", line 73, in get
    return request("get", url, params=params, **kwargs)
  File "/Users/hiroshi/Library/Python/3.9/lib/python/site-packages/requests/api.py", line 59, in request
    return session.request(method=method, url=url, **kwargs)
  File "/Users/hiroshi/Library/Python/3.9/lib/python/site-packages/requests/sessions.py", line 589, in request
    resp = self.send(prep, **send_kwargs)
  File "/Users/hiroshi/Library/Python/3.9/lib/python/site-packages/requests/sessions.py", line 703, in send
    r = adapter.send(request, **kwargs)
  File "/Users/hiroshi/Library/Python/3.9/lib/python/site-packages/requests/adapters.py", line 677, in send
    raise ConnectionError(e, request=request)
requests.exceptions.ConnectionError: HTTPSConnectionPool(host='api-apne1.plaud.ai', port=443): Max retries exceeded with url: /file/simple/web?skip=0&limit=50&is_trash=2&sort_by=start_time&is_desc=true (Caused by NameResolutionError("HTTPSConnection(host='api-apne1.plaud.ai', port=443): Failed to resolve 'api-apne1.plaud.ai' ([Errno 8] nodename nor servname provided, or not known)"))
[2026-04-16 19:24:39] ERROR: Auto export failed with exit code 1
[2026-04-17 02:03:08] Starting auto export...
/Users/hiroshi/Library/Python/3.9/lib/python/site-packages/urllib3/__init__.py:35: NotOpenSSLWarning: urllib3 v2 only supports OpenSSL 1.1.1+, currently the 'ssl' module is compiled with 'LibreSSL 2.8.3'. See: https://github.com/urllib3/urllib3/issues/3020
  warnings.warn(
Running in AUTO mode...
Traceback (most recent call last):
  File "/Users/hiroshi/Library/Python/3.9/lib/python/site-packages/urllib3/connection.py", line 204, in _new_conn
    sock = connection.create_connection(
  File "/Users/hiroshi/Library/Python/3.9/lib/python/site-packages/urllib3/util/connection.py", line 60, in create_connection
    for res in socket.getaddrinfo(host, port, family, socket.SOCK_STREAM):
  File "/Library/Developer/CommandLineTools/Library/Frameworks/Python3.framework/Versions/3.9/lib/python3.9/socket.py", line 953, in getaddrinfo
    for res in _socket.getaddrinfo(host, port, family, type, proto, flags):
socket.gaierror: [Errno 8] nodename nor servname provided, or not known

The above exception was the direct cause of the following exception:

Traceback (most recent call last):
  File "/Users/hiroshi/Library/Python/3.9/lib/python/site-packages/urllib3/connectionpool.py", line 787, in urlopen
    response = self._make_request(
  File "/Users/hiroshi/Library/Python/3.9/lib/python/site-packages/urllib3/connectionpool.py", line 488, in _make_request
    raise new_e
  File "/Users/hiroshi/Library/Python/3.9/lib/python/site-packages/urllib3/connectionpool.py", line 464, in _make_request
    self._validate_conn(conn)
  File "/Users/hiroshi/Library/Python/3.9/lib/python/site-packages/urllib3/connectionpool.py", line 1093, in _validate_conn
    conn.connect()
  File "/Users/hiroshi/Library/Python/3.9/lib/python/site-packages/urllib3/connection.py", line 759, in connect
    self.sock = sock = self._new_conn()
  File "/Users/hiroshi/Library/Python/3.9/lib/python/site-packages/urllib3/connection.py", line 211, in _new_conn
    raise NameResolutionError(self.host, self, e) from e
urllib3.exceptions.NameResolutionError: HTTPSConnection(host='api-apne1.plaud.ai', port=443): Failed to resolve 'api-apne1.plaud.ai' ([Errno 8] nodename nor servname provided, or not known)

The above exception was the direct cause of the following exception:

Traceback (most recent call last):
  File "/Users/hiroshi/Library/Python/3.9/lib/python/site-packages/requests/adapters.py", line 644, in send
    resp = conn.urlopen(
  File "/Users/hiroshi/Library/Python/3.9/lib/python/site-packages/urllib3/connectionpool.py", line 841, in urlopen
    retries = retries.increment(
  File "/Users/hiroshi/Library/Python/3.9/lib/python/site-packages/urllib3/util/retry.py", line 519, in increment
    raise MaxRetryError(_pool, url, reason) from reason  # type: ignore[arg-type]
urllib3.exceptions.MaxRetryError: HTTPSConnectionPool(host='api-apne1.plaud.ai', port=443): Max retries exceeded with url: /file/simple/web?skip=0&limit=50&is_trash=2&sort_by=start_time&is_desc=true (Caused by NameResolutionError("HTTPSConnection(host='api-apne1.plaud.ai', port=443): Failed to resolve 'api-apne1.plaud.ai' ([Errno 8] nodename nor servname provided, or not known)"))

During handling of the above exception, another exception occurred:

Traceback (most recent call last):
  File "/Users/hiroshi/cursor/plaud_exports/plaud_export.py", line 322, in <module>
    main()
  File "/Users/hiroshi/cursor/plaud_exports/plaud_export.py", line 255, in main
    files = list_files(args.token, args.limit)
  File "/Users/hiroshi/cursor/plaud_exports/plaud_export.py", line 173, in list_files
    response = requests.get(url, headers=headers, params=params)
  File "/Users/hiroshi/Library/Python/3.9/lib/python/site-packages/requests/api.py", line 73, in get
    return request("get", url, params=params, **kwargs)
  File "/Users/hiroshi/Library/Python/3.9/lib/python/site-packages/requests/api.py", line 59, in request
    return session.request(method=method, url=url, **kwargs)
  File "/Users/hiroshi/Library/Python/3.9/lib/python/site-packages/requests/sessions.py", line 589, in request
    resp = self.send(prep, **send_kwargs)
  File "/Users/hiroshi/Library/Python/3.9/lib/python/site-packages/requests/sessions.py", line 703, in send
    r = adapter.send(request, **kwargs)
  File "/Users/hiroshi/Library/Python/3.9/lib/python/site-packages/requests/adapters.py", line 677, in send
    raise ConnectionError(e, request=request)
requests.exceptions.ConnectionError: HTTPSConnectionPool(host='api-apne1.plaud.ai', port=443): Max retries exceeded with url: /file/simple/web?skip=0&limit=50&is_trash=2&sort_by=start_time&is_desc=true (Caused by NameResolutionError("HTTPSConnection(host='api-apne1.plaud.ai', port=443): Failed to resolve 'api-apne1.plaud.ai' ([Errno 8] nodename nor servname provided, or not known)"))
[2026-04-17 02:03:08] ERROR: Auto export failed with exit code 1
[2026-04-17 04:32:37] Starting auto export...
/Users/hiroshi/Library/Python/3.9/lib/python/site-packages/urllib3/__init__.py:35: NotOpenSSLWarning: urllib3 v2 only supports OpenSSL 1.1.1+, currently the 'ssl' module is compiled with 'LibreSSL 2.8.3'. See: https://github.com/urllib3/urllib3/issues/3020
  warnings.warn(
Running in AUTO mode...
Traceback (most recent call last):
  File "/Users/hiroshi/Library/Python/3.9/lib/python/site-packages/urllib3/connection.py", line 204, in _new_conn
    sock = connection.create_connection(
  File "/Users/hiroshi/Library/Python/3.9/lib/python/site-packages/urllib3/util/connection.py", line 60, in create_connection
    for res in socket.getaddrinfo(host, port, family, socket.SOCK_STREAM):
  File "/Library/Developer/CommandLineTools/Library/Frameworks/Python3.framework/Versions/3.9/lib/python3.9/socket.py", line 953, in getaddrinfo
    for res in _socket.getaddrinfo(host, port, family, type, proto, flags):
socket.gaierror: [Errno 8] nodename nor servname provided, or not known

The above exception was the direct cause of the following exception:

Traceback (most recent call last):
  File "/Users/hiroshi/Library/Python/3.9/lib/python/site-packages/urllib3/connectionpool.py", line 787, in urlopen
    response = self._make_request(
  File "/Users/hiroshi/Library/Python/3.9/lib/python/site-packages/urllib3/connectionpool.py", line 488, in _make_request
    raise new_e
  File "/Users/hiroshi/Library/Python/3.9/lib/python/site-packages/urllib3/connectionpool.py", line 464, in _make_request
    self._validate_conn(conn)
  File "/Users/hiroshi/Library/Python/3.9/lib/python/site-packages/urllib3/connectionpool.py", line 1093, in _validate_conn
    conn.connect()
  File "/Users/hiroshi/Library/Python/3.9/lib/python/site-packages/urllib3/connection.py", line 759, in connect
    self.sock = sock = self._new_conn()
  File "/Users/hiroshi/Library/Python/3.9/lib/python/site-packages/urllib3/connection.py", line 211, in _new_conn
    raise NameResolutionError(self.host, self, e) from e
urllib3.exceptions.NameResolutionError: HTTPSConnection(host='api-apne1.plaud.ai', port=443): Failed to resolve 'api-apne1.plaud.ai' ([Errno 8] nodename nor servname provided, or not known)

The above exception was the direct cause of the following exception:

Traceback (most recent call last):
  File "/Users/hiroshi/Library/Python/3.9/lib/python/site-packages/requests/adapters.py", line 644, in send
    resp = conn.urlopen(
  File "/Users/hiroshi/Library/Python/3.9/lib/python/site-packages/urllib3/connectionpool.py", line 841, in urlopen
    retries = retries.increment(
  File "/Users/hiroshi/Library/Python/3.9/lib/python/site-packages/urllib3/util/retry.py", line 519, in increment
    raise MaxRetryError(_pool, url, reason) from reason  # type: ignore[arg-type]
urllib3.exceptions.MaxRetryError: HTTPSConnectionPool(host='api-apne1.plaud.ai', port=443): Max retries exceeded with url: /file/simple/web?skip=0&limit=50&is_trash=2&sort_by=start_time&is_desc=true (Caused by NameResolutionError("HTTPSConnection(host='api-apne1.plaud.ai', port=443): Failed to resolve 'api-apne1.plaud.ai' ([Errno 8] nodename nor servname provided, or not known)"))

During handling of the above exception, another exception occurred:

Traceback (most recent call last):
  File "/Users/hiroshi/cursor/plaud_exports/plaud_export.py", line 322, in <module>
    main()
  File "/Users/hiroshi/cursor/plaud_exports/plaud_export.py", line 255, in main
    files = list_files(args.token, args.limit)
  File "/Users/hiroshi/cursor/plaud_exports/plaud_export.py", line 173, in list_files
    response = requests.get(url, headers=headers, params=params)
  File "/Users/hiroshi/Library/Python/3.9/lib/python/site-packages/requests/api.py", line 73, in get
    return request("get", url, params=params, **kwargs)
  File "/Users/hiroshi/Library/Python/3.9/lib/python/site-packages/requests/api.py", line 59, in request
    return session.request(method=method, url=url, **kwargs)
  File "/Users/hiroshi/Library/Python/3.9/lib/python/site-packages/requests/sessions.py", line 589, in request
    resp = self.send(prep, **send_kwargs)
  File "/Users/hiroshi/Library/Python/3.9/lib/python/site-packages/requests/sessions.py", line 703, in send
    r = adapter.send(request, **kwargs)
  File "/Users/hiroshi/Library/Python/3.9/lib/python/site-packages/requests/adapters.py", line 677, in send
    raise ConnectionError(e, request=request)
requests.exceptions.ConnectionError: HTTPSConnectionPool(host='api-apne1.plaud.ai', port=443): Max retries exceeded with url: /file/simple/web?skip=0&limit=50&is_trash=2&sort_by=start_time&is_desc=true (Caused by NameResolutionError("HTTPSConnection(host='api-apne1.plaud.ai', port=443): Failed to resolve 'api-apne1.plaud.ai' ([Errno 8] nodename nor servname provided, or not known)"))
[2026-04-17 04:32:37] ERROR: Auto export failed with exit code 1
[2026-04-17 08:16:39] Starting auto export...
/Users/hiroshi/Library/Python/3.9/lib/python/site-packages/urllib3/__init__.py:35: NotOpenSSLWarning: urllib3 v2 only supports OpenSSL 1.1.1+, currently the 'ssl' module is compiled with 'LibreSSL 2.8.3'. See: https://github.com/urllib3/urllib3/issues/3020
  warnings.warn(
Running in AUTO mode...
Traceback (most recent call last):
  File "/Users/hiroshi/Library/Python/3.9/lib/python/site-packages/urllib3/connection.py", line 204, in _new_conn
    sock = connection.create_connection(
  File "/Users/hiroshi/Library/Python/3.9/lib/python/site-packages/urllib3/util/connection.py", line 60, in create_connection
    for res in socket.getaddrinfo(host, port, family, socket.SOCK_STREAM):
  File "/Library/Developer/CommandLineTools/Library/Frameworks/Python3.framework/Versions/3.9/lib/python3.9/socket.py", line 953, in getaddrinfo
    for res in _socket.getaddrinfo(host, port, family, type, proto, flags):
socket.gaierror: [Errno 8] nodename nor servname provided, or not known

The above exception was the direct cause of the following exception:

Traceback (most recent call last):
  File "/Users/hiroshi/Library/Python/3.9/lib/python/site-packages/urllib3/connectionpool.py", line 787, in urlopen
    response = self._make_request(
  File "/Users/hiroshi/Library/Python/3.9/lib/python/site-packages/urllib3/connectionpool.py", line 488, in _make_request
    raise new_e
  File "/Users/hiroshi/Library/Python/3.9/lib/python/site-packages/urllib3/connectionpool.py", line 464, in _make_request
    self._validate_conn(conn)
  File "/Users/hiroshi/Library/Python/3.9/lib/python/site-packages/urllib3/connectionpool.py", line 1093, in _validate_conn
    conn.connect()
  File "/Users/hiroshi/Library/Python/3.9/lib/python/site-packages/urllib3/connection.py", line 759, in connect
    self.sock = sock = self._new_conn()
  File "/Users/hiroshi/Library/Python/3.9/lib/python/site-packages/urllib3/connection.py", line 211, in _new_conn
    raise NameResolutionError(self.host, self, e) from e
urllib3.exceptions.NameResolutionError: HTTPSConnection(host='api-apne1.plaud.ai', port=443): Failed to resolve 'api-apne1.plaud.ai' ([Errno 8] nodename nor servname provided, or not known)

The above exception was the direct cause of the following exception:

Traceback (most recent call last):
  File "/Users/hiroshi/Library/Python/3.9/lib/python/site-packages/requests/adapters.py", line 644, in send
    resp = conn.urlopen(
  File "/Users/hiroshi/Library/Python/3.9/lib/python/site-packages/urllib3/connectionpool.py", line 841, in urlopen
    retries = retries.increment(
  File "/Users/hiroshi/Library/Python/3.9/lib/python/site-packages/urllib3/util/retry.py", line 519, in increment
    raise MaxRetryError(_pool, url, reason) from reason  # type: ignore[arg-type]
urllib3.exceptions.MaxRetryError: HTTPSConnectionPool(host='api-apne1.plaud.ai', port=443): Max retries exceeded with url: /file/simple/web?skip=0&limit=50&is_trash=2&sort_by=start_time&is_desc=true (Caused by NameResolutionError("HTTPSConnection(host='api-apne1.plaud.ai', port=443): Failed to resolve 'api-apne1.plaud.ai' ([Errno 8] nodename nor servname provided, or not known)"))

During handling of the above exception, another exception occurred:

Traceback (most recent call last):
  File "/Users/hiroshi/cursor/plaud_exports/plaud_export.py", line 322, in <module>
    main()
  File "/Users/hiroshi/cursor/plaud_exports/plaud_export.py", line 255, in main
    files = list_files(args.token, args.limit)
  File "/Users/hiroshi/cursor/plaud_exports/plaud_export.py", line 173, in list_files
    response = requests.get(url, headers=headers, params=params)
  File "/Users/hiroshi/Library/Python/3.9/lib/python/site-packages/requests/api.py", line 73, in get
    return request("get", url, params=params, **kwargs)
  File "/Users/hiroshi/Library/Python/3.9/lib/python/site-packages/requests/api.py", line 59, in request
    return session.request(method=method, url=url, **kwargs)
  File "/Users/hiroshi/Library/Python/3.9/lib/python/site-packages/requests/sessions.py", line 589, in request
    resp = self.send(prep, **send_kwargs)
  File "/Users/hiroshi/Library/Python/3.9/lib/python/site-packages/requests/sessions.py", line 703, in send
    r = adapter.send(request, **kwargs)
  File "/Users/hiroshi/Library/Python/3.9/lib/python/site-packages/requests/adapters.py", line 677, in send
    raise ConnectionError(e, request=request)
requests.exceptions.ConnectionError: HTTPSConnectionPool(host='api-apne1.plaud.ai', port=443): Max retries exceeded with url: /file/simple/web?skip=0&limit=50&is_trash=2&sort_by=start_time&is_desc=true (Caused by NameResolutionError("HTTPSConnection(host='api-apne1.plaud.ai', port=443): Failed to resolve 'api-apne1.plaud.ai' ([Errno 8] nodename nor servname provided, or not known)"))
[2026-04-17 08:16:40] ERROR: Auto export failed with exit code 1
[2026-04-17 12:11:32] Starting auto export...
/Users/hiroshi/Library/Python/3.9/lib/python/site-packages/urllib3/__init__.py:35: NotOpenSSLWarning: urllib3 v2 only supports OpenSSL 1.1.1+, currently the 'ssl' module is compiled with 'LibreSSL 2.8.3'. See: https://github.com/urllib3/urllib3/issues/3020
  warnings.warn(
Running in AUTO mode...
Traceback (most recent call last):
  File "/Users/hiroshi/Library/Python/3.9/lib/python/site-packages/urllib3/connection.py", line 204, in _new_conn
    sock = connection.create_connection(
  File "/Users/hiroshi/Library/Python/3.9/lib/python/site-packages/urllib3/util/connection.py", line 60, in create_connection
    for res in socket.getaddrinfo(host, port, family, socket.SOCK_STREAM):
  File "/Library/Developer/CommandLineTools/Library/Frameworks/Python3.framework/Versions/3.9/lib/python3.9/socket.py", line 953, in getaddrinfo
    for res in _socket.getaddrinfo(host, port, family, type, proto, flags):
socket.gaierror: [Errno 8] nodename nor servname provided, or not known

The above exception was the direct cause of the following exception:

Traceback (most recent call last):
  File "/Users/hiroshi/Library/Python/3.9/lib/python/site-packages/urllib3/connectionpool.py", line 787, in urlopen
    response = self._make_request(
  File "/Users/hiroshi/Library/Python/3.9/lib/python/site-packages/urllib3/connectionpool.py", line 488, in _make_request
    raise new_e
  File "/Users/hiroshi/Library/Python/3.9/lib/python/site-packages/urllib3/connectionpool.py", line 464, in _make_request
    self._validate_conn(conn)
  File "/Users/hiroshi/Library/Python/3.9/lib/python/site-packages/urllib3/connectionpool.py", line 1093, in _validate_conn
    conn.connect()
  File "/Users/hiroshi/Library/Python/3.9/lib/python/site-packages/urllib3/connection.py", line 759, in connect
    self.sock = sock = self._new_conn()
  File "/Users/hiroshi/Library/Python/3.9/lib/python/site-packages/urllib3/connection.py", line 211, in _new_conn
    raise NameResolutionError(self.host, self, e) from e
urllib3.exceptions.NameResolutionError: HTTPSConnection(host='api-apne1.plaud.ai', port=443): Failed to resolve 'api-apne1.plaud.ai' ([Errno 8] nodename nor servname provided, or not known)

The above exception was the direct cause of the following exception:

Traceback (most recent call last):
  File "/Users/hiroshi/Library/Python/3.9/lib/python/site-packages/requests/adapters.py", line 644, in send
    resp = conn.urlopen(
  File "/Users/hiroshi/Library/Python/3.9/lib/python/site-packages/urllib3/connectionpool.py", line 841, in urlopen
    retries = retries.increment(
  File "/Users/hiroshi/Library/Python/3.9/lib/python/site-packages/urllib3/util/retry.py", line 519, in increment
    raise MaxRetryError(_pool, url, reason) from reason  # type: ignore[arg-type]
urllib3.exceptions.MaxRetryError: HTTPSConnectionPool(host='api-apne1.plaud.ai', port=443): Max retries exceeded with url: /file/simple/web?skip=0&limit=50&is_trash=2&sort_by=start_time&is_desc=true (Caused by NameResolutionError("HTTPSConnection(host='api-apne1.plaud.ai', port=443): Failed to resolve 'api-apne1.plaud.ai' ([Errno 8] nodename nor servname provided, or not known)"))

During handling of the above exception, another exception occurred:

Traceback (most recent call last):
  File "/Users/hiroshi/cursor/plaud_exports/plaud_export.py", line 322, in <module>
    main()
  File "/Users/hiroshi/cursor/plaud_exports/plaud_export.py", line 255, in main
    files = list_files(args.token, args.limit)
  File "/Users/hiroshi/cursor/plaud_exports/plaud_export.py", line 173, in list_files
    response = requests.get(url, headers=headers, params=params)
  File "/Users/hiroshi/Library/Python/3.9/lib/python/site-packages/requests/api.py", line 73, in get
    return request("get", url, params=params, **kwargs)
  File "/Users/hiroshi/Library/Python/3.9/lib/python/site-packages/requests/api.py", line 59, in request
    return session.request(method=method, url=url, **kwargs)
  File "/Users/hiroshi/Library/Python/3.9/lib/python/site-packages/requests/sessions.py", line 589, in request
    resp = self.send(prep, **send_kwargs)
  File "/Users/hiroshi/Library/Python/3.9/lib/python/site-packages/requests/sessions.py", line 703, in send
    r = adapter.send(request, **kwargs)
  File "/Users/hiroshi/Library/Python/3.9/lib/python/site-packages/requests/adapters.py", line 677, in send
    raise ConnectionError(e, request=request)
requests.exceptions.ConnectionError: HTTPSConnectionPool(host='api-apne1.plaud.ai', port=443): Max retries exceeded with url: /file/simple/web?skip=0&limit=50&is_trash=2&sort_by=start_time&is_desc=true (Caused by NameResolutionError("HTTPSConnection(host='api-apne1.plaud.ai', port=443): Failed to resolve 'api-apne1.plaud.ai' ([Errno 8] nodename nor servname provided, or not known)"))
[2026-04-17 12:11:33] ERROR: Auto export failed with exit code 1
[2026-04-17 14:16:59] Starting auto export...
/Users/hiroshi/Library/Python/3.9/lib/python/site-packages/urllib3/__init__.py:35: NotOpenSSLWarning: urllib3 v2 only supports OpenSSL 1.1.1+, currently the 'ssl' module is compiled with 'LibreSSL 2.8.3'. See: https://github.com/urllib3/urllib3/issues/3020
  warnings.warn(
Running in AUTO mode...
Found 10 new files out of 50 total.
Skipping 2026-04-15 17:25:38 (e1848d201cd56b6e51f9f2cd638906e8) - AI processing not yet complete.
Skipping 2026-04-15 16:49:34 (e9bd382286fab61628ff0a0b81a5f04d) - AI processing not yet complete.
Skipping 2026-04-15 15:15:24 (4fec1638da6b56c7b955afa25c5fe41c) - AI processing not yet complete.
Skipping 2026-04-13 18:18:23 (edb15544894f4a75951777628db1b4b7) - AI processing not yet complete.
Skipping 2026-03-15 16:23:06 (f741ea39d62b8cce8461e71de8006d15) - AI processing not yet complete.
Skipping 2026-03-12 10:00:47 (f4d99481d2520131e1fe9d35142bd876) - AI processing not yet complete.
Skipping 2026-03-03 11:40:52 (5ee14a603a0eb00dc0cd014131634a49) - AI processing not yet complete.
Skipping 2026-03-02 22:55:37 (f8e768606308a898b656297de98ecdf0) - AI processing not yet complete.
Skipping 2026-03-02 18:19:41 (e2e964c6239c49aa1ac0d62fa7a9b149) - AI processing not yet complete.
Skipping 2026-02-22 03:25:10 (2091a2244a8f229875ad1e486c0de2a0) - AI processing not yet complete.
Auto mode complete.
[2026-04-17 14:17:43] Auto export completed successfully.
[2026-04-17 19:37:25] Starting auto export...
/Users/hiroshi/Library/Python/3.9/lib/python/site-packages/urllib3/__init__.py:35: NotOpenSSLWarning: urllib3 v2 only supports OpenSSL 1.1.1+, currently the 'ssl' module is compiled with 'LibreSSL 2.8.3'. See: https://github.com/urllib3/urllib3/issues/3020
  warnings.warn(
Running in AUTO mode...
Found 10 new files out of 50 total.
Skipping 2026-04-15 17:25:38 (e1848d201cd56b6e51f9f2cd638906e8) - AI processing not yet complete.
Skipping 2026-04-15 16:49:34 (e9bd382286fab61628ff0a0b81a5f04d) - AI processing not yet complete.
Skipping 2026-04-15 15:15:24 (4fec1638da6b56c7b955afa25c5fe41c) - AI processing not yet complete.
Skipping 2026-04-13 18:18:23 (edb15544894f4a75951777628db1b4b7) - AI processing not yet complete.
Skipping 2026-03-15 16:23:06 (f741ea39d62b8cce8461e71de8006d15) - AI processing not yet complete.
Skipping 2026-03-12 10:00:47 (f4d99481d2520131e1fe9d35142bd876) - AI processing not yet complete.
Skipping 2026-03-03 11:40:52 (5ee14a603a0eb00dc0cd014131634a49) - AI processing not yet complete.
Skipping 2026-03-02 22:55:37 (f8e768606308a898b656297de98ecdf0) - AI processing not yet complete.
Skipping 2026-03-02 18:19:41 (e2e964c6239c49aa1ac0d62fa7a9b149) - AI processing not yet complete.
Skipping 2026-02-22 03:25:10 (2091a2244a8f229875ad1e486c0de2a0) - AI processing not yet complete.
Auto mode complete.
[2026-04-17 19:37:25] Auto export completed successfully.
[2026-04-17 20:37:25] Starting auto export...
/Users/hiroshi/Library/Python/3.9/lib/python/site-packages/urllib3/__init__.py:35: NotOpenSSLWarning: urllib3 v2 only supports OpenSSL 1.1.1+, currently the 'ssl' module is compiled with 'LibreSSL 2.8.3'. See: https://github.com/urllib3/urllib3/issues/3020
  warnings.warn(
Running in AUTO mode...
Traceback (most recent call last):
  File "/Users/hiroshi/Library/Python/3.9/lib/python/site-packages/urllib3/connection.py", line 204, in _new_conn
    sock = connection.create_connection(
  File "/Users/hiroshi/Library/Python/3.9/lib/python/site-packages/urllib3/util/connection.py", line 60, in create_connection
    for res in socket.getaddrinfo(host, port, family, socket.SOCK_STREAM):
  File "/Library/Developer/CommandLineTools/Library/Frameworks/Python3.framework/Versions/3.9/lib/python3.9/socket.py", line 953, in getaddrinfo
    for res in _socket.getaddrinfo(host, port, family, type, proto, flags):
socket.gaierror: [Errno 8] nodename nor servname provided, or not known

The above exception was the direct cause of the following exception:

Traceback (most recent call last):
  File "/Users/hiroshi/Library/Python/3.9/lib/python/site-packages/urllib3/connectionpool.py", line 787, in urlopen
    response = self._make_request(
  File "/Users/hiroshi/Library/Python/3.9/lib/python/site-packages/urllib3/connectionpool.py", line 488, in _make_request
    raise new_e
  File "/Users/hiroshi/Library/Python/3.9/lib/python/site-packages/urllib3/connectionpool.py", line 464, in _make_request
    self._validate_conn(conn)
  File "/Users/hiroshi/Library/Python/3.9/lib/python/site-packages/urllib3/connectionpool.py", line 1093, in _validate_conn
    conn.connect()
  File "/Users/hiroshi/Library/Python/3.9/lib/python/site-packages/urllib3/connection.py", line 759, in connect
    self.sock = sock = self._new_conn()
  File "/Users/hiroshi/Library/Python/3.9/lib/python/site-packages/urllib3/connection.py", line 211, in _new_conn
    raise NameResolutionError(self.host, self, e) from e
urllib3.exceptions.NameResolutionError: HTTPSConnection(host='api-apne1.plaud.ai', port=443): Failed to resolve 'api-apne1.plaud.ai' ([Errno 8] nodename nor servname provided, or not known)

The above exception was the direct cause of the following exception:

Traceback (most recent call last):
  File "/Users/hiroshi/Library/Python/3.9/lib/python/site-packages/requests/adapters.py", line 644, in send
    resp = conn.urlopen(
  File "/Users/hiroshi/Library/Python/3.9/lib/python/site-packages/urllib3/connectionpool.py", line 841, in urlopen
    retries = retries.increment(
  File "/Users/hiroshi/Library/Python/3.9/lib/python/site-packages/urllib3/util/retry.py", line 519, in increment
    raise MaxRetryError(_pool, url, reason) from reason  # type: ignore[arg-type]
urllib3.exceptions.MaxRetryError: HTTPSConnectionPool(host='api-apne1.plaud.ai', port=443): Max retries exceeded with url: /file/simple/web?skip=0&limit=50&is_trash=2&sort_by=start_time&is_desc=true (Caused by NameResolutionError("HTTPSConnection(host='api-apne1.plaud.ai', port=443): Failed to resolve 'api-apne1.plaud.ai' ([Errno 8] nodename nor servname provided, or not known)"))

During handling of the above exception, another exception occurred:

Traceback (most recent call last):
  File "/Users/hiroshi/cursor/plaud_exports/plaud_export.py", line 322, in <module>
    main()
  File "/Users/hiroshi/cursor/plaud_exports/plaud_export.py", line 255, in main
    files = list_files(args.token, args.limit)
  File "/Users/hiroshi/cursor/plaud_exports/plaud_export.py", line 173, in list_files
    response = requests.get(url, headers=headers, params=params)
  File "/Users/hiroshi/Library/Python/3.9/lib/python/site-packages/requests/api.py", line 73, in get
    return request("get", url, params=params, **kwargs)
  File "/Users/hiroshi/Library/Python/3.9/lib/python/site-packages/requests/api.py", line 59, in request
    return session.request(method=method, url=url, **kwargs)
  File "/Users/hiroshi/Library/Python/3.9/lib/python/site-packages/requests/sessions.py", line 589, in request
    resp = self.send(prep, **send_kwargs)
  File "/Users/hiroshi/Library/Python/3.9/lib/python/site-packages/requests/sessions.py", line 703, in send
    r = adapter.send(request, **kwargs)
  File "/Users/hiroshi/Library/Python/3.9/lib/python/site-packages/requests/adapters.py", line 677, in send
    raise ConnectionError(e, request=request)
requests.exceptions.ConnectionError: HTTPSConnectionPool(host='api-apne1.plaud.ai', port=443): Max retries exceeded with url: /file/simple/web?skip=0&limit=50&is_trash=2&sort_by=start_time&is_desc=true (Caused by NameResolutionError("HTTPSConnection(host='api-apne1.plaud.ai', port=443): Failed to resolve 'api-apne1.plaud.ai' ([Errno 8] nodename nor servname provided, or not known)"))
[2026-04-17 20:37:26] ERROR: Auto export failed with exit code 1
[2026-04-17 21:37:26] Starting auto export...
/Users/hiroshi/Library/Python/3.9/lib/python/site-packages/urllib3/__init__.py:35: NotOpenSSLWarning: urllib3 v2 only supports OpenSSL 1.1.1+, currently the 'ssl' module is compiled with 'LibreSSL 2.8.3'. See: https://github.com/urllib3/urllib3/issues/3020
  warnings.warn(
Running in AUTO mode...
Traceback (most recent call last):
  File "/Users/hiroshi/Library/Python/3.9/lib/python/site-packages/urllib3/connection.py", line 204, in _new_conn
    sock = connection.create_connection(
  File "/Users/hiroshi/Library/Python/3.9/lib/python/site-packages/urllib3/util/connection.py", line 60, in create_connection
    for res in socket.getaddrinfo(host, port, family, socket.SOCK_STREAM):
  File "/Library/Developer/CommandLineTools/Library/Frameworks/Python3.framework/Versions/3.9/lib/python3.9/socket.py", line 953, in getaddrinfo
    for res in _socket.getaddrinfo(host, port, family, type, proto, flags):
socket.gaierror: [Errno 8] nodename nor servname provided, or not known

The above exception was the direct cause of the following exception:

Traceback (most recent call last):
  File "/Users/hiroshi/Library/Python/3.9/lib/python/site-packages/urllib3/connectionpool.py", line 787, in urlopen
    response = self._make_request(
  File "/Users/hiroshi/Library/Python/3.9/lib/python/site-packages/urllib3/connectionpool.py", line 488, in _make_request
    raise new_e
  File "/Users/hiroshi/Library/Python/3.9/lib/python/site-packages/urllib3/connectionpool.py", line 464, in _make_request
    self._validate_conn(conn)
  File "/Users/hiroshi/Library/Python/3.9/lib/python/site-packages/urllib3/connectionpool.py", line 1093, in _validate_conn
    conn.connect()
  File "/Users/hiroshi/Library/Python/3.9/lib/python/site-packages/urllib3/connection.py", line 759, in connect
    self.sock = sock = self._new_conn()
  File "/Users/hiroshi/Library/Python/3.9/lib/python/site-packages/urllib3/connection.py", line 211, in _new_conn
    raise NameResolutionError(self.host, self, e) from e
urllib3.exceptions.NameResolutionError: HTTPSConnection(host='api-apne1.plaud.ai', port=443): Failed to resolve 'api-apne1.plaud.ai' ([Errno 8] nodename nor servname provided, or not known)

The above exception was the direct cause of the following exception:

Traceback (most recent call last):
  File "/Users/hiroshi/Library/Python/3.9/lib/python/site-packages/requests/adapters.py", line 644, in send
    resp = conn.urlopen(
  File "/Users/hiroshi/Library/Python/3.9/lib/python/site-packages/urllib3/connectionpool.py", line 841, in urlopen
    retries = retries.increment(
  File "/Users/hiroshi/Library/Python/3.9/lib/python/site-packages/urllib3/util/retry.py", line 519, in increment
    raise MaxRetryError(_pool, url, reason) from reason  # type: ignore[arg-type]
urllib3.exceptions.MaxRetryError: HTTPSConnectionPool(host='api-apne1.plaud.ai', port=443): Max retries exceeded with url: /file/simple/web?skip=0&limit=50&is_trash=2&sort_by=start_time&is_desc=true (Caused by NameResolutionError("HTTPSConnection(host='api-apne1.plaud.ai', port=443): Failed to resolve 'api-apne1.plaud.ai' ([Errno 8] nodename nor servname provided, or not known)"))

During handling of the above exception, another exception occurred:

Traceback (most recent call last):
  File "/Users/hiroshi/cursor/plaud_exports/plaud_export.py", line 322, in <module>
    main()
  File "/Users/hiroshi/cursor/plaud_exports/plaud_export.py", line 255, in main
    files = list_files(args.token, args.limit)
  File "/Users/hiroshi/cursor/plaud_exports/plaud_export.py", line 173, in list_files
    response = requests.get(url, headers=headers, params=params)
  File "/Users/hiroshi/Library/Python/3.9/lib/python/site-packages/requests/api.py", line 73, in get
    return request("get", url, params=params, **kwargs)
  File "/Users/hiroshi/Library/Python/3.9/lib/python/site-packages/requests/api.py", line 59, in request
    return session.request(method=method, url=url, **kwargs)
  File "/Users/hiroshi/Library/Python/3.9/lib/python/site-packages/requests/sessions.py", line 589, in request
    resp = self.send(prep, **send_kwargs)
  File "/Users/hiroshi/Library/Python/3.9/lib/python/site-packages/requests/sessions.py", line 703, in send
    r = adapter.send(request, **kwargs)
  File "/Users/hiroshi/Library/Python/3.9/lib/python/site-packages/requests/adapters.py", line 677, in send
    raise ConnectionError(e, request=request)
requests.exceptions.ConnectionError: HTTPSConnectionPool(host='api-apne1.plaud.ai', port=443): Max retries exceeded with url: /file/simple/web?skip=0&limit=50&is_trash=2&sort_by=start_time&is_desc=true (Caused by NameResolutionError("HTTPSConnection(host='api-apne1.plaud.ai', port=443): Failed to resolve 'api-apne1.plaud.ai' ([Errno 8] nodename nor servname provided, or not known)"))
[2026-04-17 21:37:26] ERROR: Auto export failed with exit code 1
[2026-04-17 22:37:26] Starting auto export...
/Users/hiroshi/Library/Python/3.9/lib/python/site-packages/urllib3/__init__.py:35: NotOpenSSLWarning: urllib3 v2 only supports OpenSSL 1.1.1+, currently the 'ssl' module is compiled with 'LibreSSL 2.8.3'. See: https://github.com/urllib3/urllib3/issues/3020
  warnings.warn(
Running in AUTO mode...
Found 10 new files out of 50 total.
Skipping 2026-04-15 17:25:38 (e1848d201cd56b6e51f9f2cd638906e8) - AI processing not yet complete.
Skipping 2026-04-15 16:49:34 (e9bd382286fab61628ff0a0b81a5f04d) - AI processing not yet complete.
Skipping 2026-04-15 15:15:24 (4fec1638da6b56c7b955afa25c5fe41c) - AI processing not yet complete.
Skipping 2026-04-13 18:18:23 (edb15544894f4a75951777628db1b4b7) - AI processing not yet complete.
Skipping 2026-03-15 16:23:06 (f741ea39d62b8cce8461e71de8006d15) - AI processing not yet complete.
Skipping 2026-03-12 10:00:47 (f4d99481d2520131e1fe9d35142bd876) - AI processing not yet complete.
Skipping 2026-03-03 11:40:52 (5ee14a603a0eb00dc0cd014131634a49) - AI processing not yet complete.
Skipping 2026-03-02 22:55:37 (f8e768606308a898b656297de98ecdf0) - AI processing not yet complete.
Skipping 2026-03-02 18:19:41 (e2e964c6239c49aa1ac0d62fa7a9b149) - AI processing not yet complete.
Skipping 2026-02-22 03:25:10 (2091a2244a8f229875ad1e486c0de2a0) - AI processing not yet complete.
Auto mode complete.
[2026-04-17 22:37:27] Auto export completed successfully.
[2026-04-17 23:37:27] Starting auto export...
/Users/hiroshi/Library/Python/3.9/lib/python/site-packages/urllib3/__init__.py:35: NotOpenSSLWarning: urllib3 v2 only supports OpenSSL 1.1.1+, currently the 'ssl' module is compiled with 'LibreSSL 2.8.3'. See: https://github.com/urllib3/urllib3/issues/3020
  warnings.warn(
Running in AUTO mode...
Found 10 new files out of 50 total.
Exporting: 04-15 事業成長のための「膨張爆発理論」と、次の戦略としてのLP高度化についての考察 (e1848d201cd56b6e51f9f2cd638906e8)
  Fetching summary: Summary
  Warning: Failed to fetch summary Summary: Expecting value: line 1 column 1 (char 0)
  Fetching transcript...
Saved to: /Users/hiroshi/cursor/plaud_exports/04-15 事業成長のための_膨張爆発理論_と_次の戦略としてのLP高度化についての考察.md
Exporting: 04-15 深い関係性の価値を言語化し事業に繋げる戦略会議 (e9bd382286fab61628ff0a0b81a5f04d)
  Fetching summary: Summary
  Fetching summary: 04-15 週次ミーティング：人間関係の価値、自己基準値、AI活用
  Fetching transcript...
Saved to: /Users/hiroshi/cursor/plaud_exports/04-15 深い関係性の価値を言語化し事業に繋げる戦略会議.md
Exporting: 04-15 戦略ワークショップ: 情報発信/教育プログラムの段階成長ロードマップと伴走型オファー設計（ゼロ→1億→10億 (4fec1638da6b56c7b955afa25c5fe41c)
  Fetching summary: Summary
  Fetching summary: 04-15 定例会議: 「1億円コミットロードマップ」の作成と事業成長戦略
  Fetching summary: 04-15 会議要約: 成長設計・ターゲティング／経営整合・長期設計／スケール戦略
  Fetching transcript...
Saved to: /Users/hiroshi/cursor/plaud_exports/04-15 戦略ワークショップ_ 情報発信_教育プログラムの段階成長ロードマップと伴走型オファー設計_ゼロ_1億_10億.md
Skipping 2026-04-13 18:18:23 (edb15544894f4a75951777628db1b4b7) - AI processing not yet complete.
Skipping 2026-03-15 16:23:06 (f741ea39d62b8cce8461e71de8006d15) - AI processing not yet complete.
Skipping 2026-03-12 10:00:47 (f4d99481d2520131e1fe9d35142bd876) - AI processing not yet complete.
Skipping 2026-03-03 11:40:52 (5ee14a603a0eb00dc0cd014131634a49) - AI processing not yet complete.
Skipping 2026-03-02 22:55:37 (f8e768606308a898b656297de98ecdf0) - AI processing not yet complete.
Skipping 2026-03-02 18:19:41 (e2e964c6239c49aa1ac0d62fa7a9b149) - AI processing not yet complete.
Skipping 2026-02-22 03:25:10 (2091a2244a8f229875ad1e486c0de2a0) - AI processing not yet complete.
Auto mode complete.
[2026-04-17 23:37:32] Auto export completed successfully.
[2026-04-18 00:37:32] Starting auto export...
/Users/hiroshi/Library/Python/3.9/lib/python/site-packages/urllib3/__init__.py:35: NotOpenSSLWarning: urllib3 v2 only supports OpenSSL 1.1.1+, currently the 'ssl' module is compiled with 'LibreSSL 2.8.3'. See: https://github.com/urllib3/urllib3/issues/3020
  warnings.warn(
Running in AUTO mode...
Found 7 new files out of 50 total.
Skipping 2026-04-13 18:18:23 (edb15544894f4a75951777628db1b4b7) - AI processing not yet complete.
Skipping 2026-03-15 16:23:06 (f741ea39d62b8cce8461e71de8006d15) - AI processing not yet complete.
Skipping 2026-03-12 10:00:47 (f4d99481d2520131e1fe9d35142bd876) - AI processing not yet complete.
Skipping 2026-03-03 11:40:52 (5ee14a603a0eb00dc0cd014131634a49) - AI processing not yet complete.
Skipping 2026-03-02 22:55:37 (f8e768606308a898b656297de98ecdf0) - AI processing not yet complete.
Skipping 2026-03-02 18:19:41 (e2e964c6239c49aa1ac0d62fa7a9b149) - AI processing not yet complete.
Skipping 2026-02-22 03:25:10 (2091a2244a8f229875ad1e486c0de2a0) - AI processing not yet complete.
Auto mode complete.
[2026-04-18 00:37:33] Auto export completed successfully.
[2026-04-18 04:47:55] Starting auto export...
/Users/hiroshi/Library/Python/3.9/lib/python/site-packages/urllib3/__init__.py:35: NotOpenSSLWarning: urllib3 v2 only supports OpenSSL 1.1.1+, currently the 'ssl' module is compiled with 'LibreSSL 2.8.3'. See: https://github.com/urllib3/urllib3/issues/3020
  warnings.warn(
Running in AUTO mode...
Traceback (most recent call last):
  File "/Users/hiroshi/Library/Python/3.9/lib/python/site-packages/urllib3/connection.py", line 204, in _new_conn
    sock = connection.create_connection(
  File "/Users/hiroshi/Library/Python/3.9/lib/python/site-packages/urllib3/util/connection.py", line 60, in create_connection
    for res in socket.getaddrinfo(host, port, family, socket.SOCK_STREAM):
  File "/Library/Developer/CommandLineTools/Library/Frameworks/Python3.framework/Versions/3.9/lib/python3.9/socket.py", line 953, in getaddrinfo
    for res in _socket.getaddrinfo(host, port, family, type, proto, flags):
socket.gaierror: [Errno 8] nodename nor servname provided, or not known

The above exception was the direct cause of the following exception:

Traceback (most recent call last):
  File "/Users/hiroshi/Library/Python/3.9/lib/python/site-packages/urllib3/connectionpool.py", line 787, in urlopen
    response = self._make_request(
  File "/Users/hiroshi/Library/Python/3.9/lib/python/site-packages/urllib3/connectionpool.py", line 488, in _make_request
    raise new_e
  File "/Users/hiroshi/Library/Python/3.9/lib/python/site-packages/urllib3/connectionpool.py", line 464, in _make_request
    self._validate_conn(conn)
  File "/Users/hiroshi/Library/Python/3.9/lib/python/site-packages/urllib3/connectionpool.py", line 1093, in _validate_conn
    conn.connect()
  File "/Users/hiroshi/Library/Python/3.9/lib/python/site-packages/urllib3/connection.py", line 759, in connect
    self.sock = sock = self._new_conn()
  File "/Users/hiroshi/Library/Python/3.9/lib/python/site-packages/urllib3/connection.py", line 211, in _new_conn
    raise NameResolutionError(self.host, self, e) from e
urllib3.exceptions.NameResolutionError: HTTPSConnection(host='api-apne1.plaud.ai', port=443): Failed to resolve 'api-apne1.plaud.ai' ([Errno 8] nodename nor servname provided, or not known)

The above exception was the direct cause of the following exception:

Traceback (most recent call last):
  File "/Users/hiroshi/Library/Python/3.9/lib/python/site-packages/requests/adapters.py", line 644, in send
    resp = conn.urlopen(
  File "/Users/hiroshi/Library/Python/3.9/lib/python/site-packages/urllib3/connectionpool.py", line 841, in urlopen
    retries = retries.increment(
  File "/Users/hiroshi/Library/Python/3.9/lib/python/site-packages/urllib3/util/retry.py", line 519, in increment
    raise MaxRetryError(_pool, url, reason) from reason  # type: ignore[arg-type]
urllib3.exceptions.MaxRetryError: HTTPSConnectionPool(host='api-apne1.plaud.ai', port=443): Max retries exceeded with url: /file/simple/web?skip=0&limit=50&is_trash=2&sort_by=start_time&is_desc=true (Caused by NameResolutionError("HTTPSConnection(host='api-apne1.plaud.ai', port=443): Failed to resolve 'api-apne1.plaud.ai' ([Errno 8] nodename nor servname provided, or not known)"))

During handling of the above exception, another exception occurred:

Traceback (most recent call last):
  File "/Users/hiroshi/cursor/plaud_exports/plaud_export.py", line 322, in <module>
    main()
  File "/Users/hiroshi/cursor/plaud_exports/plaud_export.py", line 255, in main
    files = list_files(args.token, args.limit)
  File "/Users/hiroshi/cursor/plaud_exports/plaud_export.py", line 173, in list_files
    response = requests.get(url, headers=headers, params=params)
  File "/Users/hiroshi/Library/Python/3.9/lib/python/site-packages/requests/api.py", line 73, in get
    return request("get", url, params=params, **kwargs)
  File "/Users/hiroshi/Library/Python/3.9/lib/python/site-packages/requests/api.py", line 59, in request
    return session.request(method=method, url=url, **kwargs)
  File "/Users/hiroshi/Library/Python/3.9/lib/python/site-packages/requests/sessions.py", line 589, in request
    resp = self.send(prep, **send_kwargs)
  File "/Users/hiroshi/Library/Python/3.9/lib/python/site-packages/requests/sessions.py", line 703, in send
    r = adapter.send(request, **kwargs)
  File "/Users/hiroshi/Library/Python/3.9/lib/python/site-packages/requests/adapters.py", line 677, in send
    raise ConnectionError(e, request=request)
requests.exceptions.ConnectionError: HTTPSConnectionPool(host='api-apne1.plaud.ai', port=443): Max retries exceeded with url: /file/simple/web?skip=0&limit=50&is_trash=2&sort_by=start_time&is_desc=true (Caused by NameResolutionError("HTTPSConnection(host='api-apne1.plaud.ai', port=443): Failed to resolve 'api-apne1.plaud.ai' ([Errno 8] nodename nor servname provided, or not known)"))
[2026-04-18 04:47:55] ERROR: Auto export failed with exit code 1
[2026-04-18 09:52:26] Starting auto export...
/Users/hiroshi/Library/Python/3.9/lib/python/site-packages/urllib3/__init__.py:35: NotOpenSSLWarning: urllib3 v2 only supports OpenSSL 1.1.1+, currently the 'ssl' module is compiled with 'LibreSSL 2.8.3'. See: https://github.com/urllib3/urllib3/issues/3020
  warnings.warn(
Running in AUTO mode...
Found 7 new files out of 50 total.
Skipping 2026-04-13 18:18:23 (edb15544894f4a75951777628db1b4b7) - AI processing not yet complete.
Skipping 2026-03-15 16:23:06 (f741ea39d62b8cce8461e71de8006d15) - AI processing not yet complete.
Skipping 2026-03-12 10:00:47 (f4d99481d2520131e1fe9d35142bd876) - AI processing not yet complete.
Skipping 2026-03-03 11:40:52 (5ee14a603a0eb00dc0cd014131634a49) - AI processing not yet complete.
Skipping 2026-03-02 22:55:37 (f8e768606308a898b656297de98ecdf0) - AI processing not yet complete.
Skipping 2026-03-02 18:19:41 (e2e964c6239c49aa1ac0d62fa7a9b149) - AI processing not yet complete.
Skipping 2026-02-22 03:25:10 (2091a2244a8f229875ad1e486c0de2a0) - AI processing not yet complete.
Auto mode complete.
[2026-04-18 09:52:27] Auto export completed successfully.
[2026-04-18 10:52:27] Starting auto export...
/Users/hiroshi/Library/Python/3.9/lib/python/site-packages/urllib3/__init__.py:35: NotOpenSSLWarning: urllib3 v2 only supports OpenSSL 1.1.1+, currently the 'ssl' module is compiled with 'LibreSSL 2.8.3'. See: https://github.com/urllib3/urllib3/issues/3020
  warnings.warn(
Running in AUTO mode...
Found 7 new files out of 50 total.
Skipping 2026-04-13 18:18:23 (edb15544894f4a75951777628db1b4b7) - AI processing not yet complete.
Skipping 2026-03-15 16:23:06 (f741ea39d62b8cce8461e71de8006d15) - AI processing not yet complete.
Skipping 2026-03-12 10:00:47 (f4d99481d2520131e1fe9d35142bd876) - AI processing not yet complete.
Skipping 2026-03-03 11:40:52 (5ee14a603a0eb00dc0cd014131634a49) - AI processing not yet complete.
Skipping 2026-03-02 22:55:37 (f8e768606308a898b656297de98ecdf0) - AI processing not yet complete.
Skipping 2026-03-02 18:19:41 (e2e964c6239c49aa1ac0d62fa7a9b149) - AI processing not yet complete.
Skipping 2026-02-22 03:25:10 (2091a2244a8f229875ad1e486c0de2a0) - AI processing not yet complete.
Auto mode complete.
[2026-04-18 10:52:28] Auto export completed successfully.
[2026-04-18 13:19:34] Starting auto export...
/Users/hiroshi/Library/Python/3.9/lib/python/site-packages/urllib3/__init__.py:35: NotOpenSSLWarning: urllib3 v2 only supports OpenSSL 1.1.1+, currently the 'ssl' module is compiled with 'LibreSSL 2.8.3'. See: https://github.com/urllib3/urllib3/issues/3020
  warnings.warn(
Running in AUTO mode...
Traceback (most recent call last):
  File "/Users/hiroshi/Library/Python/3.9/lib/python/site-packages/urllib3/connection.py", line 204, in _new_conn
    sock = connection.create_connection(
  File "/Users/hiroshi/Library/Python/3.9/lib/python/site-packages/urllib3/util/connection.py", line 60, in create_connection
    for res in socket.getaddrinfo(host, port, family, socket.SOCK_STREAM):
  File "/Library/Developer/CommandLineTools/Library/Frameworks/Python3.framework/Versions/3.9/lib/python3.9/socket.py", line 953, in getaddrinfo
    for res in _socket.getaddrinfo(host, port, family, type, proto, flags):
socket.gaierror: [Errno 8] nodename nor servname provided, or not known

The above exception was the direct cause of the following exception:

Traceback (most recent call last):
  File "/Users/hiroshi/Library/Python/3.9/lib/python/site-packages/urllib3/connectionpool.py", line 787, in urlopen
    response = self._make_request(
  File "/Users/hiroshi/Library/Python/3.9/lib/python/site-packages/urllib3/connectionpool.py", line 488, in _make_request
    raise new_e
  File "/Users/hiroshi/Library/Python/3.9/lib/python/site-packages/urllib3/connectionpool.py", line 464, in _make_request
    self._validate_conn(conn)
  File "/Users/hiroshi/Library/Python/3.9/lib/python/site-packages/urllib3/connectionpool.py", line 1093, in _validate_conn
    conn.connect()
  File "/Users/hiroshi/Library/Python/3.9/lib/python/site-packages/urllib3/connection.py", line 759, in connect
    self.sock = sock = self._new_conn()
  File "/Users/hiroshi/Library/Python/3.9/lib/python/site-packages/urllib3/connection.py", line 211, in _new_conn
    raise NameResolutionError(self.host, self, e) from e
urllib3.exceptions.NameResolutionError: HTTPSConnection(host='api-apne1.plaud.ai', port=443): Failed to resolve 'api-apne1.plaud.ai' ([Errno 8] nodename nor servname provided, or not known)

The above exception was the direct cause of the following exception:

Traceback (most recent call last):
  File "/Users/hiroshi/Library/Python/3.9/lib/python/site-packages/requests/adapters.py", line 644, in send
    resp = conn.urlopen(
  File "/Users/hiroshi/Library/Python/3.9/lib/python/site-packages/urllib3/connectionpool.py", line 841, in urlopen
    retries = retries.increment(
  File "/Users/hiroshi/Library/Python/3.9/lib/python/site-packages/urllib3/util/retry.py", line 519, in increment
    raise MaxRetryError(_pool, url, reason) from reason  # type: ignore[arg-type]
urllib3.exceptions.MaxRetryError: HTTPSConnectionPool(host='api-apne1.plaud.ai', port=443): Max retries exceeded with url: /file/simple/web?skip=0&limit=50&is_trash=2&sort_by=start_time&is_desc=true (Caused by NameResolutionError("HTTPSConnection(host='api-apne1.plaud.ai', port=443): Failed to resolve 'api-apne1.plaud.ai' ([Errno 8] nodename nor servname provided, or not known)"))

During handling of the above exception, another exception occurred:

Traceback (most recent call last):
  File "/Users/hiroshi/cursor/plaud_exports/plaud_export.py", line 322, in <module>
    main()
  File "/Users/hiroshi/cursor/plaud_exports/plaud_export.py", line 255, in main
    files = list_files(args.token, args.limit)
  File "/Users/hiroshi/cursor/plaud_exports/plaud_export.py", line 173, in list_files
    response = requests.get(url, headers=headers, params=params)
  File "/Users/hiroshi/Library/Python/3.9/lib/python/site-packages/requests/api.py", line 73, in get
    return request("get", url, params=params, **kwargs)
  File "/Users/hiroshi/Library/Python/3.9/lib/python/site-packages/requests/api.py", line 59, in request
    return session.request(method=method, url=url, **kwargs)
  File "/Users/hiroshi/Library/Python/3.9/lib/python/site-packages/requests/sessions.py", line 589, in request
    resp = self.send(prep, **send_kwargs)
  File "/Users/hiroshi/Library/Python/3.9/lib/python/site-packages/requests/sessions.py", line 703, in send
    r = adapter.send(request, **kwargs)
  File "/Users/hiroshi/Library/Python/3.9/lib/python/site-packages/requests/adapters.py", line 677, in send
    raise ConnectionError(e, request=request)
requests.exceptions.ConnectionError: HTTPSConnectionPool(host='api-apne1.plaud.ai', port=443): Max retries exceeded with url: /file/simple/web?skip=0&limit=50&is_trash=2&sort_by=start_time&is_desc=true (Caused by NameResolutionError("HTTPSConnection(host='api-apne1.plaud.ai', port=443): Failed to resolve 'api-apne1.plaud.ai' ([Errno 8] nodename nor servname provided, or not known)"))
[2026-04-18 13:19:34] ERROR: Auto export failed with exit code 1
[2026-04-18 14:50:29] Starting auto export...
/Users/hiroshi/Library/Python/3.9/lib/python/site-packages/urllib3/__init__.py:35: NotOpenSSLWarning: urllib3 v2 only supports OpenSSL 1.1.1+, currently the 'ssl' module is compiled with 'LibreSSL 2.8.3'. See: https://github.com/urllib3/urllib3/issues/3020
  warnings.warn(
Running in AUTO mode...
Found 7 new files out of 50 total.
Skipping 2026-04-13 18:18:23 (edb15544894f4a75951777628db1b4b7) - AI processing not yet complete.
Skipping 2026-03-15 16:23:06 (f741ea39d62b8cce8461e71de8006d15) - AI processing not yet complete.
Skipping 2026-03-12 10:00:47 (f4d99481d2520131e1fe9d35142bd876) - AI processing not yet complete.
Skipping 2026-03-03 11:40:52 (5ee14a603a0eb00dc0cd014131634a49) - AI processing not yet complete.
Skipping 2026-03-02 22:55:37 (f8e768606308a898b656297de98ecdf0) - AI processing not yet complete.
Skipping 2026-03-02 18:19:41 (e2e964c6239c49aa1ac0d62fa7a9b149) - AI processing not yet complete.
Skipping 2026-02-22 03:25:10 (2091a2244a8f229875ad1e486c0de2a0) - AI processing not yet complete.
Auto mode complete.
[2026-04-18 14:50:30] Auto export completed successfully.
[2026-04-18 15:50:33] Starting auto export...
/Users/hiroshi/Library/Python/3.9/lib/python/site-packages/urllib3/__init__.py:35: NotOpenSSLWarning: urllib3 v2 only supports OpenSSL 1.1.1+, currently the 'ssl' module is compiled with 'LibreSSL 2.8.3'. See: https://github.com/urllib3/urllib3/issues/3020
  warnings.warn(
Running in AUTO mode...
Found 7 new files out of 50 total.
Skipping 2026-04-13 18:18:23 (edb15544894f4a75951777628db1b4b7) - AI processing not yet complete.
Skipping 2026-03-15 16:23:06 (f741ea39d62b8cce8461e71de8006d15) - AI processing not yet complete.
Skipping 2026-03-12 10:00:47 (f4d99481d2520131e1fe9d35142bd876) - AI processing not yet complete.
Skipping 2026-03-03 11:40:52 (5ee14a603a0eb00dc0cd014131634a49) - AI processing not yet complete.
Skipping 2026-03-02 22:55:37 (f8e768606308a898b656297de98ecdf0) - AI processing not yet complete.
Skipping 2026-03-02 18:19:41 (e2e964c6239c49aa1ac0d62fa7a9b149) - AI processing not yet complete.
Skipping 2026-02-22 03:25:10 (2091a2244a8f229875ad1e486c0de2a0) - AI processing not yet complete.
Auto mode complete.
[2026-04-18 15:50:35] Auto export completed successfully.
[2026-04-18 17:17:43] Starting auto export...
/Users/hiroshi/Library/Python/3.9/lib/python/site-packages/urllib3/__init__.py:35: NotOpenSSLWarning: urllib3 v2 only supports OpenSSL 1.1.1+, currently the 'ssl' module is compiled with 'LibreSSL 2.8.3'. See: https://github.com/urllib3/urllib3/issues/3020
  warnings.warn(
Running in AUTO mode...
Found 7 new files out of 50 total.
Skipping 2026-04-13 18:18:23 (edb15544894f4a75951777628db1b4b7) - AI processing not yet complete.
Skipping 2026-03-15 16:23:06 (f741ea39d62b8cce8461e71de8006d15) - AI processing not yet complete.
Skipping 2026-03-12 10:00:47 (f4d99481d2520131e1fe9d35142bd876) - AI processing not yet complete.
Skipping 2026-03-03 11:40:52 (5ee14a603a0eb00dc0cd014131634a49) - AI processing not yet complete.
Skipping 2026-03-02 22:55:37 (f8e768606308a898b656297de98ecdf0) - AI processing not yet complete.
Skipping 2026-03-02 18:19:41 (e2e964c6239c49aa1ac0d62fa7a9b149) - AI processing not yet complete.
Skipping 2026-02-22 03:25:10 (2091a2244a8f229875ad1e486c0de2a0) - AI processing not yet complete.
Auto mode complete.
[2026-04-18 17:17:43] Auto export completed successfully.
[2026-04-18 18:17:43] Starting auto export...
/Users/hiroshi/Library/Python/3.9/lib/python/site-packages/urllib3/__init__.py:35: NotOpenSSLWarning: urllib3 v2 only supports OpenSSL 1.1.1+, currently the 'ssl' module is compiled with 'LibreSSL 2.8.3'. See: https://github.com/urllib3/urllib3/issues/3020
  warnings.warn(
Running in AUTO mode...
Found 7 new files out of 50 total.
Skipping 2026-04-13 18:18:23 (edb15544894f4a75951777628db1b4b7) - AI processing not yet complete.
Skipping 2026-03-15 16:23:06 (f741ea39d62b8cce8461e71de8006d15) - AI processing not yet complete.
Skipping 2026-03-12 10:00:47 (f4d99481d2520131e1fe9d35142bd876) - AI processing not yet complete.
Skipping 2026-03-03 11:40:52 (5ee14a603a0eb00dc0cd014131634a49) - AI processing not yet complete.
Skipping 2026-03-02 22:55:37 (f8e768606308a898b656297de98ecdf0) - AI processing not yet complete.
Skipping 2026-03-02 18:19:41 (e2e964c6239c49aa1ac0d62fa7a9b149) - AI processing not yet complete.
Skipping 2026-02-22 03:25:10 (2091a2244a8f229875ad1e486c0de2a0) - AI processing not yet complete.
Auto mode complete.
[2026-04-18 18:17:44] Auto export completed successfully.
[2026-04-18 19:17:44] Starting auto export...
/Users/hiroshi/Library/Python/3.9/lib/python/site-packages/urllib3/__init__.py:35: NotOpenSSLWarning: urllib3 v2 only supports OpenSSL 1.1.1+, currently the 'ssl' module is compiled with 'LibreSSL 2.8.3'. See: https://github.com/urllib3/urllib3/issues/3020
  warnings.warn(
Running in AUTO mode...
Found 7 new files out of 50 total.
Skipping 2026-04-13 18:18:23 (edb15544894f4a75951777628db1b4b7) - AI processing not yet complete.
Skipping 2026-03-15 16:23:06 (f741ea39d62b8cce8461e71de8006d15) - AI processing not yet complete.
Skipping 2026-03-12 10:00:47 (f4d99481d2520131e1fe9d35142bd876) - AI processing not yet complete.
Skipping 2026-03-03 11:40:52 (5ee14a603a0eb00dc0cd014131634a49) - AI processing not yet complete.
Skipping 2026-03-02 22:55:37 (f8e768606308a898b656297de98ecdf0) - AI processing not yet complete.
Skipping 2026-03-02 18:19:41 (e2e964c6239c49aa1ac0d62fa7a9b149) - AI processing not yet complete.
Skipping 2026-02-22 03:25:10 (2091a2244a8f229875ad1e486c0de2a0) - AI processing not yet complete.
Auto mode complete.
[2026-04-18 19:17:45] Auto export completed successfully.
[2026-04-18 20:17:45] Starting auto export...
/Users/hiroshi/Library/Python/3.9/lib/python/site-packages/urllib3/__init__.py:35: NotOpenSSLWarning: urllib3 v2 only supports OpenSSL 1.1.1+, currently the 'ssl' module is compiled with 'LibreSSL 2.8.3'. See: https://github.com/urllib3/urllib3/issues/3020
  warnings.warn(
Running in AUTO mode...
Found 7 new files out of 50 total.
Skipping 2026-04-13 18:18:23 (edb15544894f4a75951777628db1b4b7) - AI processing not yet complete.
Skipping 2026-03-15 16:23:06 (f741ea39d62b8cce8461e71de8006d15) - AI processing not yet complete.
Skipping 2026-03-12 10:00:47 (f4d99481d2520131e1fe9d35142bd876) - AI processing not yet complete.
Skipping 2026-03-03 11:40:52 (5ee14a603a0eb00dc0cd014131634a49) - AI processing not yet complete.
Skipping 2026-03-02 22:55:37 (f8e768606308a898b656297de98ecdf0) - AI processing not yet complete.
Skipping 2026-03-02 18:19:41 (e2e964c6239c49aa1ac0d62fa7a9b149) - AI processing not yet complete.
Skipping 2026-02-22 03:25:10 (2091a2244a8f229875ad1e486c0de2a0) - AI processing not yet complete.
Auto mode complete.
[2026-04-18 20:17:45] Auto export completed successfully.
[2026-04-18 21:17:45] Starting auto export...
/Users/hiroshi/Library/Python/3.9/lib/python/site-packages/urllib3/__init__.py:35: NotOpenSSLWarning: urllib3 v2 only supports OpenSSL 1.1.1+, currently the 'ssl' module is compiled with 'LibreSSL 2.8.3'. See: https://github.com/urllib3/urllib3/issues/3020
  warnings.warn(
Running in AUTO mode...
Found 7 new files out of 50 total.
Skipping 2026-04-13 18:18:23 (edb15544894f4a75951777628db1b4b7) - AI processing not yet complete.
Skipping 2026-03-15 16:23:06 (f741ea39d62b8cce8461e71de8006d15) - AI processing not yet complete.
Skipping 2026-03-12 10:00:47 (f4d99481d2520131e1fe9d35142bd876) - AI processing not yet complete.
Skipping 2026-03-03 11:40:52 (5ee14a603a0eb00dc0cd014131634a49) - AI processing not yet complete.
Skipping 2026-03-02 22:55:37 (f8e768606308a898b656297de98ecdf0) - AI processing not yet complete.
Skipping 2026-03-02 18:19:41 (e2e964c6239c49aa1ac0d62fa7a9b149) - AI processing not yet complete.
Skipping 2026-02-22 03:25:10 (2091a2244a8f229875ad1e486c0de2a0) - AI processing not yet complete.
Auto mode complete.
[2026-04-18 21:17:46] Auto export completed successfully.
[2026-04-18 22:17:46] Starting auto export...
/Users/hiroshi/Library/Python/3.9/lib/python/site-packages/urllib3/__init__.py:35: NotOpenSSLWarning: urllib3 v2 only supports OpenSSL 1.1.1+, currently the 'ssl' module is compiled with 'LibreSSL 2.8.3'. See: https://github.com/urllib3/urllib3/issues/3020
  warnings.warn(
Running in AUTO mode...
Found 7 new files out of 50 total.
Skipping 2026-04-13 18:18:23 (edb15544894f4a75951777628db1b4b7) - AI processing not yet complete.
Skipping 2026-03-15 16:23:06 (f741ea39d62b8cce8461e71de8006d15) - AI processing not yet complete.
Skipping 2026-03-12 10:00:47 (f4d99481d2520131e1fe9d35142bd876) - AI processing not yet complete.
Skipping 2026-03-03 11:40:52 (5ee14a603a0eb00dc0cd014131634a49) - AI processing not yet complete.
Skipping 2026-03-02 22:55:37 (f8e768606308a898b656297de98ecdf0) - AI processing not yet complete.
Skipping 2026-03-02 18:19:41 (e2e964c6239c49aa1ac0d62fa7a9b149) - AI processing not yet complete.
Skipping 2026-02-22 03:25:10 (2091a2244a8f229875ad1e486c0de2a0) - AI processing not yet complete.
Auto mode complete.
[2026-04-18 22:17:47] Auto export completed successfully.
[2026-04-18 23:17:47] Starting auto export...
/Users/hiroshi/Library/Python/3.9/lib/python/site-packages/urllib3/__init__.py:35: NotOpenSSLWarning: urllib3 v2 only supports OpenSSL 1.1.1+, currently the 'ssl' module is compiled with 'LibreSSL 2.8.3'. See: https://github.com/urllib3/urllib3/issues/3020
  warnings.warn(
Running in AUTO mode...
Found 7 new files out of 50 total.
Skipping 2026-04-13 18:18:23 (edb15544894f4a75951777628db1b4b7) - AI processing not yet complete.
Skipping 2026-03-15 16:23:06 (f741ea39d62b8cce8461e71de8006d15) - AI processing not yet complete.
Skipping 2026-03-12 10:00:47 (f4d99481d2520131e1fe9d35142bd876) - AI processing not yet complete.
Skipping 2026-03-03 11:40:52 (5ee14a603a0eb00dc0cd014131634a49) - AI processing not yet complete.
Skipping 2026-03-02 22:55:37 (f8e768606308a898b656297de98ecdf0) - AI processing not yet complete.
Skipping 2026-03-02 18:19:41 (e2e964c6239c49aa1ac0d62fa7a9b149) - AI processing not yet complete.
Skipping 2026-02-22 03:25:10 (2091a2244a8f229875ad1e486c0de2a0) - AI processing not yet complete.
Auto mode complete.
[2026-04-18 23:17:48] Auto export completed successfully.
[2026-04-19 00:17:48] Starting auto export...
/Users/hiroshi/Library/Python/3.9/lib/python/site-packages/urllib3/__init__.py:35: NotOpenSSLWarning: urllib3 v2 only supports OpenSSL 1.1.1+, currently the 'ssl' module is compiled with 'LibreSSL 2.8.3'. See: https://github.com/urllib3/urllib3/issues/3020
  warnings.warn(
Running in AUTO mode...
Found 7 new files out of 50 total.
Skipping 2026-04-13 18:18:23 (edb15544894f4a75951777628db1b4b7) - AI processing not yet complete.
Skipping 2026-03-15 16:23:06 (f741ea39d62b8cce8461e71de8006d15) - AI processing not yet complete.
Skipping 2026-03-12 10:00:47 (f4d99481d2520131e1fe9d35142bd876) - AI processing not yet complete.
Skipping 2026-03-03 11:40:52 (5ee14a603a0eb00dc0cd014131634a49) - AI processing not yet complete.
Skipping 2026-03-02 22:55:37 (f8e768606308a898b656297de98ecdf0) - AI processing not yet complete.
Skipping 2026-03-02 18:19:41 (e2e964c6239c49aa1ac0d62fa7a9b149) - AI processing not yet complete.
Skipping 2026-02-22 03:25:10 (2091a2244a8f229875ad1e486c0de2a0) - AI processing not yet complete.
Auto mode complete.
[2026-04-19 00:17:48] Auto export completed successfully.
[2026-04-19 01:17:48] Starting auto export...
/Users/hiroshi/Library/Python/3.9/lib/python/site-packages/urllib3/__init__.py:35: NotOpenSSLWarning: urllib3 v2 only supports OpenSSL 1.1.1+, currently the 'ssl' module is compiled with 'LibreSSL 2.8.3'. See: https://github.com/urllib3/urllib3/issues/3020
  warnings.warn(
Running in AUTO mode...
Found 7 new files out of 50 total.
Skipping 2026-04-13 18:18:23 (edb15544894f4a75951777628db1b4b7) - AI processing not yet complete.
Skipping 2026-03-15 16:23:06 (f741ea39d62b8cce8461e71de8006d15) - AI processing not yet complete.
Skipping 2026-03-12 10:00:47 (f4d99481d2520131e1fe9d35142bd876) - AI processing not yet complete.
Skipping 2026-03-03 11:40:52 (5ee14a603a0eb00dc0cd014131634a49) - AI processing not yet complete.
Skipping 2026-03-02 22:55:37 (f8e768606308a898b656297de98ecdf0) - AI processing not yet complete.
Skipping 2026-03-02 18:19:41 (e2e964c6239c49aa1ac0d62fa7a9b149) - AI processing not yet complete.
Skipping 2026-02-22 03:25:10 (2091a2244a8f229875ad1e486c0de2a0) - AI processing not yet complete.
Auto mode complete.
[2026-04-19 01:17:49] Auto export completed successfully.
[2026-04-19 02:17:49] Starting auto export...
/Users/hiroshi/Library/Python/3.9/lib/python/site-packages/urllib3/__init__.py:35: NotOpenSSLWarning: urllib3 v2 only supports OpenSSL 1.1.1+, currently the 'ssl' module is compiled with 'LibreSSL 2.8.3'. See: https://github.com/urllib3/urllib3/issues/3020
  warnings.warn(
Running in AUTO mode...
Found 7 new files out of 50 total.
Skipping 2026-04-13 18:18:23 (edb15544894f4a75951777628db1b4b7) - AI processing not yet complete.
Skipping 2026-03-15 16:23:06 (f741ea39d62b8cce8461e71de8006d15) - AI processing not yet complete.
Skipping 2026-03-12 10:00:47 (f4d99481d2520131e1fe9d35142bd876) - AI processing not yet complete.
Skipping 2026-03-03 11:40:52 (5ee14a603a0eb00dc0cd014131634a49) - AI processing not yet complete.
Skipping 2026-03-02 22:55:37 (f8e768606308a898b656297de98ecdf0) - AI processing not yet complete.
Skipping 2026-03-02 18:19:41 (e2e964c6239c49aa1ac0d62fa7a9b149) - AI processing not yet complete.
Skipping 2026-02-22 03:25:10 (2091a2244a8f229875ad1e486c0de2a0) - AI processing not yet complete.
Auto mode complete.
[2026-04-19 02:17:50] Auto export completed successfully.
[2026-04-19 03:17:50] Starting auto export...
/Users/hiroshi/Library/Python/3.9/lib/python/site-packages/urllib3/__init__.py:35: NotOpenSSLWarning: urllib3 v2 only supports OpenSSL 1.1.1+, currently the 'ssl' module is compiled with 'LibreSSL 2.8.3'. See: https://github.com/urllib3/urllib3/issues/3020
  warnings.warn(
Running in AUTO mode...
Found 7 new files out of 50 total.
Skipping 2026-04-13 18:18:23 (edb15544894f4a75951777628db1b4b7) - AI processing not yet complete.
Skipping 2026-03-15 16:23:06 (f741ea39d62b8cce8461e71de8006d15) - AI processing not yet complete.
Skipping 2026-03-12 10:00:47 (f4d99481d2520131e1fe9d35142bd876) - AI processing not yet complete.
Skipping 2026-03-03 11:40:52 (5ee14a603a0eb00dc0cd014131634a49) - AI processing not yet complete.
Skipping 2026-03-02 22:55:37 (f8e768606308a898b656297de98ecdf0) - AI processing not yet complete.
Skipping 2026-03-02 18:19:41 (e2e964c6239c49aa1ac0d62fa7a9b149) - AI processing not yet complete.
Skipping 2026-02-22 03:25:10 (2091a2244a8f229875ad1e486c0de2a0) - AI processing not yet complete.
Auto mode complete.
[2026-04-19 03:17:51] Auto export completed successfully.
[2026-04-19 04:17:51] Starting auto export...
/Users/hiroshi/Library/Python/3.9/lib/python/site-packages/urllib3/__init__.py:35: NotOpenSSLWarning: urllib3 v2 only supports OpenSSL 1.1.1+, currently the 'ssl' module is compiled with 'LibreSSL 2.8.3'. See: https://github.com/urllib3/urllib3/issues/3020
  warnings.warn(
Running in AUTO mode...
Found 7 new files out of 50 total.
Skipping 2026-04-13 18:18:23 (edb15544894f4a75951777628db1b4b7) - AI processing not yet complete.
Skipping 2026-03-15 16:23:06 (f741ea39d62b8cce8461e71de8006d15) - AI processing not yet complete.
Skipping 2026-03-12 10:00:47 (f4d99481d2520131e1fe9d35142bd876) - AI processing not yet complete.
Skipping 2026-03-03 11:40:52 (5ee14a603a0eb00dc0cd014131634a49) - AI processing not yet complete.
Skipping 2026-03-02 22:55:37 (f8e768606308a898b656297de98ecdf0) - AI processing not yet complete.
Skipping 2026-03-02 18:19:41 (e2e964c6239c49aa1ac0d62fa7a9b149) - AI processing not yet complete.
Skipping 2026-02-22 03:25:10 (2091a2244a8f229875ad1e486c0de2a0) - AI processing not yet complete.
Auto mode complete.
[2026-04-19 04:17:51] Auto export completed successfully.
[2026-04-19 05:17:51] Starting auto export...
/Users/hiroshi/Library/Python/3.9/lib/python/site-packages/urllib3/__init__.py:35: NotOpenSSLWarning: urllib3 v2 only supports OpenSSL 1.1.1+, currently the 'ssl' module is compiled with 'LibreSSL 2.8.3'. See: https://github.com/urllib3/urllib3/issues/3020
  warnings.warn(
Running in AUTO mode...
Found 7 new files out of 50 total.
Skipping 2026-04-13 18:18:23 (edb15544894f4a75951777628db1b4b7) - AI processing not yet complete.
Skipping 2026-03-15 16:23:06 (f741ea39d62b8cce8461e71de8006d15) - AI processing not yet complete.
Skipping 2026-03-12 10:00:47 (f4d99481d2520131e1fe9d35142bd876) - AI processing not yet complete.
Skipping 2026-03-03 11:40:52 (5ee14a603a0eb00dc0cd014131634a49) - AI processing not yet complete.
Skipping 2026-03-02 22:55:37 (f8e768606308a898b656297de98ecdf0) - AI processing not yet complete.
Skipping 2026-03-02 18:19:41 (e2e964c6239c49aa1ac0d62fa7a9b149) - AI processing not yet complete.
Skipping 2026-02-22 03:25:10 (2091a2244a8f229875ad1e486c0de2a0) - AI processing not yet complete.
Auto mode complete.
[2026-04-19 05:17:52] Auto export completed successfully.
[2026-04-19 06:17:52] Starting auto export...
/Users/hiroshi/Library/Python/3.9/lib/python/site-packages/urllib3/__init__.py:35: NotOpenSSLWarning: urllib3 v2 only supports OpenSSL 1.1.1+, currently the 'ssl' module is compiled with 'LibreSSL 2.8.3'. See: https://github.com/urllib3/urllib3/issues/3020
  warnings.warn(
Running in AUTO mode...
Found 7 new files out of 50 total.
Skipping 2026-04-13 18:18:23 (edb15544894f4a75951777628db1b4b7) - AI processing not yet complete.
Skipping 2026-03-15 16:23:06 (f741ea39d62b8cce8461e71de8006d15) - AI processing not yet complete.
Skipping 2026-03-12 10:00:47 (f4d99481d2520131e1fe9d35142bd876) - AI processing not yet complete.
Skipping 2026-03-03 11:40:52 (5ee14a603a0eb00dc0cd014131634a49) - AI processing not yet complete.
Skipping 2026-03-02 22:55:37 (f8e768606308a898b656297de98ecdf0) - AI processing not yet complete.
Skipping 2026-03-02 18:19:41 (e2e964c6239c49aa1ac0d62fa7a9b149) - AI processing not yet complete.
Skipping 2026-02-22 03:25:10 (2091a2244a8f229875ad1e486c0de2a0) - AI processing not yet complete.
Auto mode complete.
[2026-04-19 06:17:53] Auto export completed successfully.
[2026-04-19 07:17:53] Starting auto export...
/Users/hiroshi/Library/Python/3.9/lib/python/site-packages/urllib3/__init__.py:35: NotOpenSSLWarning: urllib3 v2 only supports OpenSSL 1.1.1+, currently the 'ssl' module is compiled with 'LibreSSL 2.8.3'. See: https://github.com/urllib3/urllib3/issues/3020
  warnings.warn(
Running in AUTO mode...
Found 7 new files out of 50 total.
Skipping 2026-04-13 18:18:23 (edb15544894f4a75951777628db1b4b7) - AI processing not yet complete.
Skipping 2026-03-15 16:23:06 (f741ea39d62b8cce8461e71de8006d15) - AI processing not yet complete.
Skipping 2026-03-12 10:00:47 (f4d99481d2520131e1fe9d35142bd876) - AI processing not yet complete.
Skipping 2026-03-03 11:40:52 (5ee14a603a0eb00dc0cd014131634a49) - AI processing not yet complete.
Skipping 2026-03-02 22:55:37 (f8e768606308a898b656297de98ecdf0) - AI processing not yet complete.
Skipping 2026-03-02 18:19:41 (e2e964c6239c49aa1ac0d62fa7a9b149) - AI processing not yet complete.
Skipping 2026-02-22 03:25:10 (2091a2244a8f229875ad1e486c0de2a0) - AI processing not yet complete.
Auto mode complete.
[2026-04-19 07:17:54] Auto export completed successfully.
[2026-04-19 08:17:54] Starting auto export...
/Users/hiroshi/Library/Python/3.9/lib/python/site-packages/urllib3/__init__.py:35: NotOpenSSLWarning: urllib3 v2 only supports OpenSSL 1.1.1+, currently the 'ssl' module is compiled with 'LibreSSL 2.8.3'. See: https://github.com/urllib3/urllib3/issues/3020
  warnings.warn(
Running in AUTO mode...
Found 7 new files out of 50 total.
Skipping 2026-04-13 18:18:23 (edb15544894f4a75951777628db1b4b7) - AI processing not yet complete.
Skipping 2026-03-15 16:23:06 (f741ea39d62b8cce8461e71de8006d15) - AI processing not yet complete.
Skipping 2026-03-12 10:00:47 (f4d99481d2520131e1fe9d35142bd876) - AI processing not yet complete.
Skipping 2026-03-03 11:40:52 (5ee14a603a0eb00dc0cd014131634a49) - AI processing not yet complete.
Skipping 2026-03-02 22:55:37 (f8e768606308a898b656297de98ecdf0) - AI processing not yet complete.
Skipping 2026-03-02 18:19:41 (e2e964c6239c49aa1ac0d62fa7a9b149) - AI processing not yet complete.
Skipping 2026-02-22 03:25:10 (2091a2244a8f229875ad1e486c0de2a0) - AI processing not yet complete.
Auto mode complete.
[2026-04-19 08:17:54] Auto export completed successfully.
[2026-04-19 09:17:54] Starting auto export...
/Users/hiroshi/Library/Python/3.9/lib/python/site-packages/urllib3/__init__.py:35: NotOpenSSLWarning: urllib3 v2 only supports OpenSSL 1.1.1+, currently the 'ssl' module is compiled with 'LibreSSL 2.8.3'. See: https://github.com/urllib3/urllib3/issues/3020
  warnings.warn(
Running in AUTO mode...
Found 7 new files out of 50 total.
Skipping 2026-04-13 18:18:23 (edb15544894f4a75951777628db1b4b7) - AI processing not yet complete.
Skipping 2026-03-15 16:23:06 (f741ea39d62b8cce8461e71de8006d15) - AI processing not yet complete.
Skipping 2026-03-12 10:00:47 (f4d99481d2520131e1fe9d35142bd876) - AI processing not yet complete.
Skipping 2026-03-03 11:40:52 (5ee14a603a0eb00dc0cd014131634a49) - AI processing not yet complete.
Skipping 2026-03-02 22:55:37 (f8e768606308a898b656297de98ecdf0) - AI processing not yet complete.
Skipping 2026-03-02 18:19:41 (e2e964c6239c49aa1ac0d62fa7a9b149) - AI processing not yet complete.
Skipping 2026-02-22 03:25:10 (2091a2244a8f229875ad1e486c0de2a0) - AI processing not yet complete.
Auto mode complete.
[2026-04-19 09:17:55] Auto export completed successfully.
[2026-04-19 10:17:55] Starting auto export...
/Users/hiroshi/Library/Python/3.9/lib/python/site-packages/urllib3/__init__.py:35: NotOpenSSLWarning: urllib3 v2 only supports OpenSSL 1.1.1+, currently the 'ssl' module is compiled with 'LibreSSL 2.8.3'. See: https://github.com/urllib3/urllib3/issues/3020
  warnings.warn(
Running in AUTO mode...
Found 7 new files out of 50 total.
Skipping 2026-04-13 18:18:23 (edb15544894f4a75951777628db1b4b7) - AI processing not yet complete.
Skipping 2026-03-15 16:23:06 (f741ea39d62b8cce8461e71de8006d15) - AI processing not yet complete.
Skipping 2026-03-12 10:00:47 (f4d99481d2520131e1fe9d35142bd876) - AI processing not yet complete.
Skipping 2026-03-03 11:40:52 (5ee14a603a0eb00dc0cd014131634a49) - AI processing not yet complete.
Skipping 2026-03-02 22:55:37 (f8e768606308a898b656297de98ecdf0) - AI processing not yet complete.
Skipping 2026-03-02 18:19:41 (e2e964c6239c49aa1ac0d62fa7a9b149) - AI processing not yet complete.
Skipping 2026-02-22 03:25:10 (2091a2244a8f229875ad1e486c0de2a0) - AI processing not yet complete.
Auto mode complete.
[2026-04-19 10:17:56] Auto export completed successfully.
[2026-04-20 08:12:26] Starting auto export...
/Users/hiroshi/Library/Python/3.9/lib/python/site-packages/urllib3/__init__.py:35: NotOpenSSLWarning: urllib3 v2 only supports OpenSSL 1.1.1+, currently the 'ssl' module is compiled with 'LibreSSL 2.8.3'. See: https://github.com/urllib3/urllib3/issues/3020
  warnings.warn(
Running in AUTO mode...
Found 7 new files out of 50 total.
Skipping 2026-04-13 18:18:23 (edb15544894f4a75951777628db1b4b7) - AI processing not yet complete.
Skipping 2026-03-15 16:23:06 (f741ea39d62b8cce8461e71de8006d15) - AI processing not yet complete.
Skipping 2026-03-12 10:00:47 (f4d99481d2520131e1fe9d35142bd876) - AI processing not yet complete.
Skipping 2026-03-03 11:40:52 (5ee14a603a0eb00dc0cd014131634a49) - AI processing not yet complete.
Skipping 2026-03-02 22:55:37 (f8e768606308a898b656297de98ecdf0) - AI processing not yet complete.
Skipping 2026-03-02 18:19:41 (e2e964c6239c49aa1ac0d62fa7a9b149) - AI processing not yet complete.
Skipping 2026-02-22 03:25:10 (2091a2244a8f229875ad1e486c0de2a0) - AI processing not yet complete.
Auto mode complete.
[2026-04-20 08:12:27] Auto export completed successfully.
[2026-04-20 12:54:48] Starting auto export...
/Users/hiroshi/Library/Python/3.9/lib/python/site-packages/urllib3/__init__.py:35: NotOpenSSLWarning: urllib3 v2 only supports OpenSSL 1.1.1+, currently the 'ssl' module is compiled with 'LibreSSL 2.8.3'. See: https://github.com/urllib3/urllib3/issues/3020
  warnings.warn(
Running in AUTO mode...
Found 7 new files out of 50 total.
Skipping 2026-04-13 18:18:23 (edb15544894f4a75951777628db1b4b7) - AI processing not yet complete.
Skipping 2026-03-15 16:23:06 (f741ea39d62b8cce8461e71de8006d15) - AI processing not yet complete.
Skipping 2026-03-12 10:00:47 (f4d99481d2520131e1fe9d35142bd876) - AI processing not yet complete.
Skipping 2026-03-03 11:40:52 (5ee14a603a0eb00dc0cd014131634a49) - AI processing not yet complete.
Skipping 2026-03-02 22:55:37 (f8e768606308a898b656297de98ecdf0) - AI processing not yet complete.
Skipping 2026-03-02 18:19:41 (e2e964c6239c49aa1ac0d62fa7a9b149) - AI processing not yet complete.
Skipping 2026-02-22 03:25:10 (2091a2244a8f229875ad1e486c0de2a0) - AI processing not yet complete.
Auto mode complete.
[2026-04-20 12:54:49] Auto export completed successfully.
[2026-04-20 14:54:26] Starting auto export...
/Users/hiroshi/Library/Python/3.9/lib/python/site-packages/urllib3/__init__.py:35: NotOpenSSLWarning: urllib3 v2 only supports OpenSSL 1.1.1+, currently the 'ssl' module is compiled with 'LibreSSL 2.8.3'. See: https://github.com/urllib3/urllib3/issues/3020
  warnings.warn(
Running in AUTO mode...
Found 7 new files out of 50 total.
Skipping 2026-04-13 18:18:23 (edb15544894f4a75951777628db1b4b7) - AI processing not yet complete.
Skipping 2026-03-15 16:23:06 (f741ea39d62b8cce8461e71de8006d15) - AI processing not yet complete.
Skipping 2026-03-12 10:00:47 (f4d99481d2520131e1fe9d35142bd876) - AI processing not yet complete.
Skipping 2026-03-03 11:40:52 (5ee14a603a0eb00dc0cd014131634a49) - AI processing not yet complete.
Skipping 2026-03-02 22:55:37 (f8e768606308a898b656297de98ecdf0) - AI processing not yet complete.
Skipping 2026-03-02 18:19:41 (e2e964c6239c49aa1ac0d62fa7a9b149) - AI processing not yet complete.
Skipping 2026-02-22 03:25:10 (2091a2244a8f229875ad1e486c0de2a0) - AI processing not yet complete.
Auto mode complete.
[2026-04-20 14:54:27] Auto export completed successfully.
[2026-04-20 15:54:27] Starting auto export...
/Users/hiroshi/Library/Python/3.9/lib/python/site-packages/urllib3/__init__.py:35: NotOpenSSLWarning: urllib3 v2 only supports OpenSSL 1.1.1+, currently the 'ssl' module is compiled with 'LibreSSL 2.8.3'. See: https://github.com/urllib3/urllib3/issues/3020
  warnings.warn(
Running in AUTO mode...
Found 7 new files out of 50 total.
Skipping 2026-04-13 18:18:23 (edb15544894f4a75951777628db1b4b7) - AI processing not yet complete.
Skipping 2026-03-15 16:23:06 (f741ea39d62b8cce8461e71de8006d15) - AI processing not yet complete.
Skipping 2026-03-12 10:00:47 (f4d99481d2520131e1fe9d35142bd876) - AI processing not yet complete.
Skipping 2026-03-03 11:40:52 (5ee14a603a0eb00dc0cd014131634a49) - AI processing not yet complete.
Skipping 2026-03-02 22:55:37 (f8e768606308a898b656297de98ecdf0) - AI processing not yet complete.
Skipping 2026-03-02 18:19:41 (e2e964c6239c49aa1ac0d62fa7a9b149) - AI processing not yet complete.
Skipping 2026-02-22 03:25:10 (2091a2244a8f229875ad1e486c0de2a0) - AI processing not yet complete.
Auto mode complete.
[2026-04-20 15:54:27] Auto export completed successfully.
[2026-04-20 16:54:27] Starting auto export...
/Users/hiroshi/Library/Python/3.9/lib/python/site-packages/urllib3/__init__.py:35: NotOpenSSLWarning: urllib3 v2 only supports OpenSSL 1.1.1+, currently the 'ssl' module is compiled with 'LibreSSL 2.8.3'. See: https://github.com/urllib3/urllib3/issues/3020
  warnings.warn(
Running in AUTO mode...
Found 7 new files out of 50 total.
Skipping 2026-04-13 18:18:23 (edb15544894f4a75951777628db1b4b7) - AI processing not yet complete.
Skipping 2026-03-15 16:23:06 (f741ea39d62b8cce8461e71de8006d15) - AI processing not yet complete.
Skipping 2026-03-12 10:00:47 (f4d99481d2520131e1fe9d35142bd876) - AI processing not yet complete.
Skipping 2026-03-03 11:40:52 (5ee14a603a0eb00dc0cd014131634a49) - AI processing not yet complete.
Skipping 2026-03-02 22:55:37 (f8e768606308a898b656297de98ecdf0) - AI processing not yet complete.
Skipping 2026-03-02 18:19:41 (e2e964c6239c49aa1ac0d62fa7a9b149) - AI processing not yet complete.
Skipping 2026-02-22 03:25:10 (2091a2244a8f229875ad1e486c0de2a0) - AI processing not yet complete.
Auto mode complete.
[2026-04-20 16:54:28] Auto export completed successfully.
[2026-04-20 17:54:28] Starting auto export...
/Users/hiroshi/Library/Python/3.9/lib/python/site-packages/urllib3/__init__.py:35: NotOpenSSLWarning: urllib3 v2 only supports OpenSSL 1.1.1+, currently the 'ssl' module is compiled with 'LibreSSL 2.8.3'. See: https://github.com/urllib3/urllib3/issues/3020
  warnings.warn(
Running in AUTO mode...
Found 7 new files out of 50 total.
Skipping 2026-04-13 18:18:23 (edb15544894f4a75951777628db1b4b7) - AI processing not yet complete.
Skipping 2026-03-15 16:23:06 (f741ea39d62b8cce8461e71de8006d15) - AI processing not yet complete.
Skipping 2026-03-12 10:00:47 (f4d99481d2520131e1fe9d35142bd876) - AI processing not yet complete.
Skipping 2026-03-03 11:40:52 (5ee14a603a0eb00dc0cd014131634a49) - AI processing not yet complete.
Skipping 2026-03-02 22:55:37 (f8e768606308a898b656297de98ecdf0) - AI processing not yet complete.
Skipping 2026-03-02 18:19:41 (e2e964c6239c49aa1ac0d62fa7a9b149) - AI processing not yet complete.
Skipping 2026-02-22 03:25:10 (2091a2244a8f229875ad1e486c0de2a0) - AI processing not yet complete.
Auto mode complete.
[2026-04-20 17:54:29] Auto export completed successfully.
[2026-04-20 20:46:08] Starting auto export...
/Users/hiroshi/Library/Python/3.9/lib/python/site-packages/urllib3/__init__.py:35: NotOpenSSLWarning: urllib3 v2 only supports OpenSSL 1.1.1+, currently the 'ssl' module is compiled with 'LibreSSL 2.8.3'. See: https://github.com/urllib3/urllib3/issues/3020
  warnings.warn(
Running in AUTO mode...
Found 7 new files out of 50 total.
Skipping 2026-04-13 18:18:23 (edb15544894f4a75951777628db1b4b7) - AI processing not yet complete.
Skipping 2026-03-15 16:23:06 (f741ea39d62b8cce8461e71de8006d15) - AI processing not yet complete.
Skipping 2026-03-12 10:00:47 (f4d99481d2520131e1fe9d35142bd876) - AI processing not yet complete.
Skipping 2026-03-03 11:40:52 (5ee14a603a0eb00dc0cd014131634a49) - AI processing not yet complete.
Skipping 2026-03-02 22:55:37 (f8e768606308a898b656297de98ecdf0) - AI processing not yet complete.
Skipping 2026-03-02 18:19:41 (e2e964c6239c49aa1ac0d62fa7a9b149) - AI processing not yet complete.
Skipping 2026-02-22 03:25:10 (2091a2244a8f229875ad1e486c0de2a0) - AI processing not yet complete.
Auto mode complete.
[2026-04-20 20:46:09] Auto export completed successfully.
[2026-04-20 22:01:07] Starting auto export...
/Users/hiroshi/Library/Python/3.9/lib/python/site-packages/urllib3/__init__.py:35: NotOpenSSLWarning: urllib3 v2 only supports OpenSSL 1.1.1+, currently the 'ssl' module is compiled with 'LibreSSL 2.8.3'. See: https://github.com/urllib3/urllib3/issues/3020
  warnings.warn(
Running in AUTO mode...
Found 7 new files out of 50 total.
Skipping 2026-04-13 18:18:23 (edb15544894f4a75951777628db1b4b7) - AI processing not yet complete.
Skipping 2026-03-15 16:23:06 (f741ea39d62b8cce8461e71de8006d15) - AI processing not yet complete.
Skipping 2026-03-12 10:00:47 (f4d99481d2520131e1fe9d35142bd876) - AI processing not yet complete.
Skipping 2026-03-03 11:40:52 (5ee14a603a0eb00dc0cd014131634a49) - AI processing not yet complete.
Skipping 2026-03-02 22:55:37 (f8e768606308a898b656297de98ecdf0) - AI processing not yet complete.
Skipping 2026-03-02 18:19:41 (e2e964c6239c49aa1ac0d62fa7a9b149) - AI processing not yet complete.
Skipping 2026-02-22 03:25:10 (2091a2244a8f229875ad1e486c0de2a0) - AI processing not yet complete.
Auto mode complete.
[2026-04-20 22:01:08] Auto export completed successfully.
[2026-04-20 23:01:09] Starting auto export...
/Users/hiroshi/Library/Python/3.9/lib/python/site-packages/urllib3/__init__.py:35: NotOpenSSLWarning: urllib3 v2 only supports OpenSSL 1.1.1+, currently the 'ssl' module is compiled with 'LibreSSL 2.8.3'. See: https://github.com/urllib3/urllib3/issues/3020
  warnings.warn(
Running in AUTO mode...
Found 7 new files out of 50 total.
Skipping 2026-04-13 18:18:23 (edb15544894f4a75951777628db1b4b7) - AI processing not yet complete.
Skipping 2026-03-15 16:23:06 (f741ea39d62b8cce8461e71de8006d15) - AI processing not yet complete.
Skipping 2026-03-12 10:00:47 (f4d99481d2520131e1fe9d35142bd876) - AI processing not yet complete.
Skipping 2026-03-03 11:40:52 (5ee14a603a0eb00dc0cd014131634a49) - AI processing not yet complete.
Skipping 2026-03-02 22:55:37 (f8e768606308a898b656297de98ecdf0) - AI processing not yet complete.
Skipping 2026-03-02 18:19:41 (e2e964c6239c49aa1ac0d62fa7a9b149) - AI processing not yet complete.
Skipping 2026-02-22 03:25:10 (2091a2244a8f229875ad1e486c0de2a0) - AI processing not yet complete.
Auto mode complete.
[2026-04-20 23:01:09] Auto export completed successfully.
[2026-04-21 00:01:09] Starting auto export...
/Users/hiroshi/Library/Python/3.9/lib/python/site-packages/urllib3/__init__.py:35: NotOpenSSLWarning: urllib3 v2 only supports OpenSSL 1.1.1+, currently the 'ssl' module is compiled with 'LibreSSL 2.8.3'. See: https://github.com/urllib3/urllib3/issues/3020
  warnings.warn(
Running in AUTO mode...
Found 7 new files out of 50 total.
Skipping 2026-04-13 18:18:23 (edb15544894f4a75951777628db1b4b7) - AI processing not yet complete.
Skipping 2026-03-15 16:23:06 (f741ea39d62b8cce8461e71de8006d15) - AI processing not yet complete.
Skipping 2026-03-12 10:00:47 (f4d99481d2520131e1fe9d35142bd876) - AI processing not yet complete.
Skipping 2026-03-03 11:40:52 (5ee14a603a0eb00dc0cd014131634a49) - AI processing not yet complete.
Skipping 2026-03-02 22:55:37 (f8e768606308a898b656297de98ecdf0) - AI processing not yet complete.
Skipping 2026-03-02 18:19:41 (e2e964c6239c49aa1ac0d62fa7a9b149) - AI processing not yet complete.
Skipping 2026-02-22 03:25:10 (2091a2244a8f229875ad1e486c0de2a0) - AI processing not yet complete.
Auto mode complete.
[2026-04-21 00:01:10] Auto export completed successfully.
[2026-04-21 01:01:10] Starting auto export...
/Users/hiroshi/Library/Python/3.9/lib/python/site-packages/urllib3/__init__.py:35: NotOpenSSLWarning: urllib3 v2 only supports OpenSSL 1.1.1+, currently the 'ssl' module is compiled with 'LibreSSL 2.8.3'. See: https://github.com/urllib3/urllib3/issues/3020
  warnings.warn(
Running in AUTO mode...
Found 7 new files out of 50 total.
Skipping 2026-04-13 18:18:23 (edb15544894f4a75951777628db1b4b7) - AI processing not yet complete.
Skipping 2026-03-15 16:23:06 (f741ea39d62b8cce8461e71de8006d15) - AI processing not yet complete.
Skipping 2026-03-12 10:00:47 (f4d99481d2520131e1fe9d35142bd876) - AI processing not yet complete.
Skipping 2026-03-03 11:40:52 (5ee14a603a0eb00dc0cd014131634a49) - AI processing not yet complete.
Skipping 2026-03-02 22:55:37 (f8e768606308a898b656297de98ecdf0) - AI processing not yet complete.
Skipping 2026-03-02 18:19:41 (e2e964c6239c49aa1ac0d62fa7a9b149) - AI processing not yet complete.
Skipping 2026-02-22 03:25:10 (2091a2244a8f229875ad1e486c0de2a0) - AI processing not yet complete.
Auto mode complete.
[2026-04-21 01:01:11] Auto export completed successfully.
[2026-04-21 02:01:11] Starting auto export...
/Users/hiroshi/Library/Python/3.9/lib/python/site-packages/urllib3/__init__.py:35: NotOpenSSLWarning: urllib3 v2 only supports OpenSSL 1.1.1+, currently the 'ssl' module is compiled with 'LibreSSL 2.8.3'. See: https://github.com/urllib3/urllib3/issues/3020
  warnings.warn(
Running in AUTO mode...
Found 7 new files out of 50 total.
Skipping 2026-04-13 18:18:23 (edb15544894f4a75951777628db1b4b7) - AI processing not yet complete.
Skipping 2026-03-15 16:23:06 (f741ea39d62b8cce8461e71de8006d15) - AI processing not yet complete.
Skipping 2026-03-12 10:00:47 (f4d99481d2520131e1fe9d35142bd876) - AI processing not yet complete.
Skipping 2026-03-03 11:40:52 (5ee14a603a0eb00dc0cd014131634a49) - AI processing not yet complete.
Skipping 2026-03-02 22:55:37 (f8e768606308a898b656297de98ecdf0) - AI processing not yet complete.
Skipping 2026-03-02 18:19:41 (e2e964c6239c49aa1ac0d62fa7a9b149) - AI processing not yet complete.
Skipping 2026-02-22 03:25:10 (2091a2244a8f229875ad1e486c0de2a0) - AI processing not yet complete.
Auto mode complete.
[2026-04-21 02:01:12] Auto export completed successfully.
[2026-04-21 03:01:12] Starting auto export...
/Users/hiroshi/Library/Python/3.9/lib/python/site-packages/urllib3/__init__.py:35: NotOpenSSLWarning: urllib3 v2 only supports OpenSSL 1.1.1+, currently the 'ssl' module is compiled with 'LibreSSL 2.8.3'. See: https://github.com/urllib3/urllib3/issues/3020
  warnings.warn(
Running in AUTO mode...
Found 7 new files out of 50 total.
Skipping 2026-04-13 18:18:23 (edb15544894f4a75951777628db1b4b7) - AI processing not yet complete.
Skipping 2026-03-15 16:23:06 (f741ea39d62b8cce8461e71de8006d15) - AI processing not yet complete.
Skipping 2026-03-12 10:00:47 (f4d99481d2520131e1fe9d35142bd876) - AI processing not yet complete.
Skipping 2026-03-03 11:40:52 (5ee14a603a0eb00dc0cd014131634a49) - AI processing not yet complete.
Skipping 2026-03-02 22:55:37 (f8e768606308a898b656297de98ecdf0) - AI processing not yet complete.
Skipping 2026-03-02 18:19:41 (e2e964c6239c49aa1ac0d62fa7a9b149) - AI processing not yet complete.
Skipping 2026-02-22 03:25:10 (2091a2244a8f229875ad1e486c0de2a0) - AI processing not yet complete.
Auto mode complete.
[2026-04-21 03:01:13] Auto export completed successfully.
[2026-04-21 04:01:13] Starting auto export...
/Users/hiroshi/Library/Python/3.9/lib/python/site-packages/urllib3/__init__.py:35: NotOpenSSLWarning: urllib3 v2 only supports OpenSSL 1.1.1+, currently the 'ssl' module is compiled with 'LibreSSL 2.8.3'. See: https://github.com/urllib3/urllib3/issues/3020
  warnings.warn(
Running in AUTO mode...
Found 7 new files out of 50 total.
Skipping 2026-04-13 18:18:23 (edb15544894f4a75951777628db1b4b7) - AI processing not yet complete.
Skipping 2026-03-15 16:23:06 (f741ea39d62b8cce8461e71de8006d15) - AI processing not yet complete.
Skipping 2026-03-12 10:00:47 (f4d99481d2520131e1fe9d35142bd876) - AI processing not yet complete.
Skipping 2026-03-03 11:40:52 (5ee14a603a0eb00dc0cd014131634a49) - AI processing not yet complete.
Skipping 2026-03-02 22:55:37 (f8e768606308a898b656297de98ecdf0) - AI processing not yet complete.
Skipping 2026-03-02 18:19:41 (e2e964c6239c49aa1ac0d62fa7a9b149) - AI processing not yet complete.
Skipping 2026-02-22 03:25:10 (2091a2244a8f229875ad1e486c0de2a0) - AI processing not yet complete.
Auto mode complete.
[2026-04-21 04:01:14] Auto export completed successfully.
[2026-04-21 05:01:14] Starting auto export...
/Users/hiroshi/Library/Python/3.9/lib/python/site-packages/urllib3/__init__.py:35: NotOpenSSLWarning: urllib3 v2 only supports OpenSSL 1.1.1+, currently the 'ssl' module is compiled with 'LibreSSL 2.8.3'. See: https://github.com/urllib3/urllib3/issues/3020
  warnings.warn(
Running in AUTO mode...
Found 7 new files out of 50 total.
Skipping 2026-04-13 18:18:23 (edb15544894f4a75951777628db1b4b7) - AI processing not yet complete.
Skipping 2026-03-15 16:23:06 (f741ea39d62b8cce8461e71de8006d15) - AI processing not yet complete.
Skipping 2026-03-12 10:00:47 (f4d99481d2520131e1fe9d35142bd876) - AI processing not yet complete.
Skipping 2026-03-03 11:40:52 (5ee14a603a0eb00dc0cd014131634a49) - AI processing not yet complete.
Skipping 2026-03-02 22:55:37 (f8e768606308a898b656297de98ecdf0) - AI processing not yet complete.
Skipping 2026-03-02 18:19:41 (e2e964c6239c49aa1ac0d62fa7a9b149) - AI processing not yet complete.
Skipping 2026-02-22 03:25:10 (2091a2244a8f229875ad1e486c0de2a0) - AI processing not yet complete.
Auto mode complete.
[2026-04-21 05:01:15] Auto export completed successfully.
[2026-04-21 12:32:43] Starting auto export...
/Users/hiroshi/Library/Python/3.9/lib/python/site-packages/urllib3/__init__.py:35: NotOpenSSLWarning: urllib3 v2 only supports OpenSSL 1.1.1+, currently the 'ssl' module is compiled with 'LibreSSL 2.8.3'. See: https://github.com/urllib3/urllib3/issues/3020
  warnings.warn(
Running in AUTO mode...
Found 7 new files out of 50 total.
Skipping 2026-04-13 18:18:23 (edb15544894f4a75951777628db1b4b7) - AI processing not yet complete.
Skipping 2026-03-15 16:23:06 (f741ea39d62b8cce8461e71de8006d15) - AI processing not yet complete.
Skipping 2026-03-12 10:00:47 (f4d99481d2520131e1fe9d35142bd876) - AI processing not yet complete.
Skipping 2026-03-03 11:40:52 (5ee14a603a0eb00dc0cd014131634a49) - AI processing not yet complete.
Skipping 2026-03-02 22:55:37 (f8e768606308a898b656297de98ecdf0) - AI processing not yet complete.
Skipping 2026-03-02 18:19:41 (e2e964c6239c49aa1ac0d62fa7a9b149) - AI processing not yet complete.
Skipping 2026-02-22 03:25:10 (2091a2244a8f229875ad1e486c0de2a0) - AI processing not yet complete.
Auto mode complete.
[2026-04-21 12:32:43] Auto export completed successfully.
[2026-04-21 13:58:01] Starting auto export...
/Users/hiroshi/Library/Python/3.9/lib/python/site-packages/urllib3/__init__.py:35: NotOpenSSLWarning: urllib3 v2 only supports OpenSSL 1.1.1+, currently the 'ssl' module is compiled with 'LibreSSL 2.8.3'. See: https://github.com/urllib3/urllib3/issues/3020
  warnings.warn(
Running in AUTO mode...
Found 7 new files out of 50 total.
Skipping 2026-04-13 18:18:23 (edb15544894f4a75951777628db1b4b7) - AI processing not yet complete.
Skipping 2026-03-15 16:23:06 (f741ea39d62b8cce8461e71de8006d15) - AI processing not yet complete.
Skipping 2026-03-12 10:00:47 (f4d99481d2520131e1fe9d35142bd876) - AI processing not yet complete.
Skipping 2026-03-03 11:40:52 (5ee14a603a0eb00dc0cd014131634a49) - AI processing not yet complete.
Skipping 2026-03-02 22:55:37 (f8e768606308a898b656297de98ecdf0) - AI processing not yet complete.
Skipping 2026-03-02 18:19:41 (e2e964c6239c49aa1ac0d62fa7a9b149) - AI processing not yet complete.
Skipping 2026-02-22 03:25:10 (2091a2244a8f229875ad1e486c0de2a0) - AI processing not yet complete.
Auto mode complete.
[2026-04-21 13:58:02] Auto export completed successfully.
[2026-04-21 15:43:10] Starting auto export...
/Users/hiroshi/Library/Python/3.9/lib/python/site-packages/urllib3/__init__.py:35: NotOpenSSLWarning: urllib3 v2 only supports OpenSSL 1.1.1+, currently the 'ssl' module is compiled with 'LibreSSL 2.8.3'. See: https://github.com/urllib3/urllib3/issues/3020
  warnings.warn(
Running in AUTO mode...
Found 7 new files out of 50 total.
Skipping 2026-04-13 18:18:23 (edb15544894f4a75951777628db1b4b7) - AI processing not yet complete.
Skipping 2026-03-15 16:23:06 (f741ea39d62b8cce8461e71de8006d15) - AI processing not yet complete.
Skipping 2026-03-12 10:00:47 (f4d99481d2520131e1fe9d35142bd876) - AI processing not yet complete.
Skipping 2026-03-03 11:40:52 (5ee14a603a0eb00dc0cd014131634a49) - AI processing not yet complete.
Skipping 2026-03-02 22:55:37 (f8e768606308a898b656297de98ecdf0) - AI processing not yet complete.
Skipping 2026-03-02 18:19:41 (e2e964c6239c49aa1ac0d62fa7a9b149) - AI processing not yet complete.
Skipping 2026-02-22 03:25:10 (2091a2244a8f229875ad1e486c0de2a0) - AI processing not yet complete.
Auto mode complete.
[2026-04-21 15:43:10] Auto export completed successfully.
[2026-04-21 16:43:10] Starting auto export...
/Users/hiroshi/Library/Python/3.9/lib/python/site-packages/urllib3/__init__.py:35: NotOpenSSLWarning: urllib3 v2 only supports OpenSSL 1.1.1+, currently the 'ssl' module is compiled with 'LibreSSL 2.8.3'. See: https://github.com/urllib3/urllib3/issues/3020
  warnings.warn(
Running in AUTO mode...
Found 7 new files out of 50 total.
Skipping 2026-04-13 18:18:23 (edb15544894f4a75951777628db1b4b7) - AI processing not yet complete.
Skipping 2026-03-15 16:23:06 (f741ea39d62b8cce8461e71de8006d15) - AI processing not yet complete.
Skipping 2026-03-12 10:00:47 (f4d99481d2520131e1fe9d35142bd876) - AI processing not yet complete.
Skipping 2026-03-03 11:40:52 (5ee14a603a0eb00dc0cd014131634a49) - AI processing not yet complete.
Skipping 2026-03-02 22:55:37 (f8e768606308a898b656297de98ecdf0) - AI processing not yet complete.
Skipping 2026-03-02 18:19:41 (e2e964c6239c49aa1ac0d62fa7a9b149) - AI processing not yet complete.
Skipping 2026-02-22 03:25:10 (2091a2244a8f229875ad1e486c0de2a0) - AI processing not yet complete.
Auto mode complete.
[2026-04-21 16:43:11] Auto export completed successfully.
[2026-04-21 17:43:11] Starting auto export...
/Users/hiroshi/Library/Python/3.9/lib/python/site-packages/urllib3/__init__.py:35: NotOpenSSLWarning: urllib3 v2 only supports OpenSSL 1.1.1+, currently the 'ssl' module is compiled with 'LibreSSL 2.8.3'. See: https://github.com/urllib3/urllib3/issues/3020
  warnings.warn(
Running in AUTO mode...
Found 15 new files out of 50 total.
Exporting: 04-21 第3話コンテンツ戦略：BS志向経営を実践するための「環境設定」の重要性と、具体的なアクションプラン「木村ルーティーン」の提示 (118873b6d7cbe9114576f82954aa5aa2)
  Fetching summary: Summary
  Fetching summary: 04-21 週間会議：BS思考、経営者視点、動画コンテンツ企画
  Fetching summary: 04-21 定例会議：動画シリーズ第3話・第4話の構成と視聴者プレゼント
  Fetching transcript...
Saved to: /Users/hiroshi/cursor/plaud_exports/04-21 第3話コンテンツ戦略_BS志向経営を実践するための_環境設定_の重要性と_具体的なアクションプラン_木村ルーティーン_の提示.md
Exporting: 04-21 会議: 第2話の構成設計と『事業規模におけるコンフォートゾーン・マトリックス』統一、価値の流れKPIと資源分配設計 (8a2ec8dfa87802af1a89787c1810e1bc)
  Fetching summary: Summary
  Fetching summary: 04-21 会議：事業成長戦略とコンテンツ制作
  Fetching summary: 04-21 定例会議: 成長設計の基準・成功指標・実行ルール
  Fetching transcript...
Saved to: /Users/hiroshi/cursor/plaud_exports/04-21 会議_ 第2話の構成設計と_事業規模におけるコンフォートゾーン_マトリックス_統一_価値の流れKPIと資源分配設計.md
Exporting: 04-21 企画会議: 年商1億到達の戦略設計（ピラミッド/4階層戦略/投資シーケンス (33fbcec9e2498993a3e061dd64700caf)
  Fetching summary: Summary
  Fetching summary: 04-21 年商1億円を達成する起業家の思考・戦略・投資に関する動画コンテンツ企画会議
  Fetching transcript...
Saved to: /Users/hiroshi/cursor/plaud_exports/04-21 企画会議_ 年商1億到達の戦略設計_ピラミッド_4階層戦略_投資シーケンス.md
Exporting: 04-21 週間会議：動画シリーズのコアメッセージと構成 (563dfc4cc23a50722b1e8e9a3cc61702)
  Fetching summary: Summary
  Fetching summary: 04-21 打合せ: セミナーシリーズ設計と対象定義・メッセージ戦略（第0〜3話、基準値×仲間×ノウハウ、10億基準
  Fetching summary: 04-21 週次ミーティング：成長停滞を突破する思考法と環境構築
  Fetching transcript...
Saved to: /Users/hiroshi/cursor/plaud_exports/04-21 週間会議_動画シリーズのコアメッセージと構成.md
Exporting: 04-21 相談ミーティング: 価格再設計・AI営業自動化・顧問紹介戦略によるコンサル獲得 (32fd629e168b85b0765ed53ef1bf84ff)
  Fetching summary: Summary
  Fetching summary: 04-21 コンサルティング事業におけるクライアントモデルの統合と顧問契約の戦術的活用法
  Fetching transcript...
Saved to: /Users/hiroshi/cursor/plaud_exports/04-21 相談ミーティング_ 価格再設計_AI営業自動化_顧問紹介戦略によるコンサル獲得.md
Exporting: 04-21 会議: 動画シリーズ導入設計・プロット反映・チャンネル統合とデプロイ確認 (9a26bc27427ca1c017e713d7219fd764)
  Fetching summary: Summary
  Fetching summary: 04-21 定例会議: 動画構成再設計・ゲスト戦略・プロット反映とデプロイ確認
  Fetching summary: 04-21 打ち合わせ: シリーズ立ち上げ設計・運用・コンテンツ戦略の要点
  Fetching transcript...
Saved to: /Users/hiroshi/cursor/plaud_exports/04-21 会議_ 動画シリーズ導入設計_プロット反映_チャンネル統合とデプロイ確認.md
Exporting: 04-21 打ち合わせ: 資金繰り清算・マーケ投資方針と撮影計画の調整 (7750ca68a3f474b4752ecf435376d59b)
  Fetching summary: Summary
  Warning: Failed to fetch summary Summary: Expecting value: line 1 column 1 (char 0)
  Fetching transcript...
Saved to: /Users/hiroshi/cursor/plaud_exports/04-21 打ち合わせ_ 資金繰り清算_マーケ投資方針と撮影計画の調整.md
Exporting: 04-21 成果は約束せず、提供物と着地プロセスを約束する価値設計と拡散戦略 (437091d8657895904d63186020dc300f)
  Fetching summary: Summary
  Fetching summary: 04-21 定例会議: 価値KPI設計・着地力強化・セミナー拡散計画と営業KPI
  Fetching summary: 04-21 打ち合わせ: 価値KPIの定義方針、提供約束の遵守、ブランディング施策とブレイン出稿計画
  Fetching transcript...
Saved to: /Users/hiroshi/cursor/plaud_exports/04-21 成果は約束せず_提供物と着地プロセスを約束する価値設計と拡散戦略.md
Skipping 2026-04-13 18:18:23 (edb15544894f4a75951777628db1b4b7) - AI processing not yet complete.
Skipping 2026-03-15 16:23:06 (f741ea39d62b8cce8461e71de8006d15) - AI processing not yet complete.
Skipping 2026-03-12 10:00:47 (f4d99481d2520131e1fe9d35142bd876) - AI processing not yet complete.
Skipping 2026-03-03 11:40:52 (5ee14a603a0eb00dc0cd014131634a49) - AI processing not yet complete.
Skipping 2026-03-02 22:55:37 (f8e768606308a898b656297de98ecdf0) - AI processing not yet complete.
Skipping 2026-03-02 18:19:41 (e2e964c6239c49aa1ac0d62fa7a9b149) - AI processing not yet complete.
Skipping 2026-02-22 03:25:10 (2091a2244a8f229875ad1e486c0de2a0) - AI processing not yet complete.
Auto mode complete.
[2026-04-21 17:43:23] Auto export completed successfully.
[2026-04-21 21:04:22] Starting auto export...
/Users/hiroshi/Library/Python/3.9/lib/python/site-packages/urllib3/__init__.py:35: NotOpenSSLWarning: urllib3 v2 only supports OpenSSL 1.1.1+, currently the 'ssl' module is compiled with 'LibreSSL 2.8.3'. See: https://github.com/urllib3/urllib3/issues/3020
  warnings.warn(
Running in AUTO mode...
Found 8 new files out of 50 total.
Exporting: 04-21 商談: 経営者向けプログラム「コミット」オファー設計とセールス動画台本整理 (f41734d495ac4ada15705f5989803f99)
  Fetching summary: Summary
  Fetching summary: 04-21 セールス動画「コミット」第4話の構成企画
  Fetching summary: 04-21 ミーティングハイライト：高単価コミットプログラムの統合方針・オファー設計・クリエイティブ戦略
  Fetching transcript...
Saved to: /Users/hiroshi/cursor/plaud_exports/04-21 商談_ 経営者向けプログラム_コミット_オファー設計とセールス動画台本整理.md
Skipping 2026-04-13 18:18:23 (edb15544894f4a75951777628db1b4b7) - AI processing not yet complete.
Skipping 2026-03-15 16:23:06 (f741ea39d62b8cce8461e71de8006d15) - AI processing not yet complete.
Skipping 2026-03-12 10:00:47 (f4d99481d2520131e1fe9d35142bd876) - AI processing not yet complete.
Skipping 2026-03-03 11:40:52 (5ee14a603a0eb00dc0cd014131634a49) - AI processing not yet complete.
Skipping 2026-03-02 22:55:37 (f8e768606308a898b656297de98ecdf0) - AI processing not yet complete.
Skipping 2026-03-02 18:19:41 (e2e964c6239c49aa1ac0d62fa7a9b149) - AI processing not yet complete.
Skipping 2026-02-22 03:25:10 (2091a2244a8f229875ad1e486c0de2a0) - AI processing not yet complete.
Auto mode complete.
[2026-04-21 21:04:25] Auto export completed successfully.
[2026-04-21 23:52:53] Starting auto export...
/Users/hiroshi/Library/Python/3.9/lib/python/site-packages/urllib3/__init__.py:35: NotOpenSSLWarning: urllib3 v2 only supports OpenSSL 1.1.1+, currently the 'ssl' module is compiled with 'LibreSSL 2.8.3'. See: https://github.com/urllib3/urllib3/issues/3020
  warnings.warn(
Running in AUTO mode...
Found 7 new files out of 50 total.
Skipping 2026-04-13 18:18:23 (edb15544894f4a75951777628db1b4b7) - AI processing not yet complete.
Skipping 2026-03-15 16:23:06 (f741ea39d62b8cce8461e71de8006d15) - AI processing not yet complete.
Skipping 2026-03-12 10:00:47 (f4d99481d2520131e1fe9d35142bd876) - AI processing not yet complete.
Skipping 2026-03-03 11:40:52 (5ee14a603a0eb00dc0cd014131634a49) - AI processing not yet complete.
Skipping 2026-03-02 22:55:37 (f8e768606308a898b656297de98ecdf0) - AI processing not yet complete.
Skipping 2026-03-02 18:19:41 (e2e964c6239c49aa1ac0d62fa7a9b149) - AI processing not yet complete.
Skipping 2026-02-22 03:25:10 (2091a2244a8f229875ad1e486c0de2a0) - AI processing not yet complete.
Auto mode complete.
[2026-04-21 23:52:54] Auto export completed successfully.
[2026-04-22 11:42:40] Starting auto export...
/Users/hiroshi/Library/Python/3.9/lib/python/site-packages/urllib3/__init__.py:35: NotOpenSSLWarning: urllib3 v2 only supports OpenSSL 1.1.1+, currently the 'ssl' module is compiled with 'LibreSSL 2.8.3'. See: https://github.com/urllib3/urllib3/issues/3020
  warnings.warn(
Running in AUTO mode...
Traceback (most recent call last):
  File "/Users/hiroshi/Library/Python/3.9/lib/python/site-packages/urllib3/connection.py", line 204, in _new_conn
    sock = connection.create_connection(
  File "/Users/hiroshi/Library/Python/3.9/lib/python/site-packages/urllib3/util/connection.py", line 60, in create_connection
    for res in socket.getaddrinfo(host, port, family, socket.SOCK_STREAM):
  File "/Library/Developer/CommandLineTools/Library/Frameworks/Python3.framework/Versions/3.9/lib/python3.9/socket.py", line 953, in getaddrinfo
    for res in _socket.getaddrinfo(host, port, family, type, proto, flags):
socket.gaierror: [Errno 8] nodename nor servname provided, or not known

The above exception was the direct cause of the following exception:

Traceback (most recent call last):
  File "/Users/hiroshi/Library/Python/3.9/lib/python/site-packages/urllib3/connectionpool.py", line 787, in urlopen
    response = self._make_request(
  File "/Users/hiroshi/Library/Python/3.9/lib/python/site-packages/urllib3/connectionpool.py", line 488, in _make_request
    raise new_e
  File "/Users/hiroshi/Library/Python/3.9/lib/python/site-packages/urllib3/connectionpool.py", line 464, in _make_request
    self._validate_conn(conn)
  File "/Users/hiroshi/Library/Python/3.9/lib/python/site-packages/urllib3/connectionpool.py", line 1093, in _validate_conn
    conn.connect()
  File "/Users/hiroshi/Library/Python/3.9/lib/python/site-packages/urllib3/connection.py", line 759, in connect
    self.sock = sock = self._new_conn()
  File "/Users/hiroshi/Library/Python/3.9/lib/python/site-packages/urllib3/connection.py", line 211, in _new_conn
    raise NameResolutionError(self.host, self, e) from e
urllib3.exceptions.NameResolutionError: HTTPSConnection(host='api-apne1.plaud.ai', port=443): Failed to resolve 'api-apne1.plaud.ai' ([Errno 8] nodename nor servname provided, or not known)

The above exception was the direct cause of the following exception:

Traceback (most recent call last):
  File "/Users/hiroshi/Library/Python/3.9/lib/python/site-packages/requests/adapters.py", line 644, in send
    resp = conn.urlopen(
  File "/Users/hiroshi/Library/Python/3.9/lib/python/site-packages/urllib3/connectionpool.py", line 841, in urlopen
    retries = retries.increment(
  File "/Users/hiroshi/Library/Python/3.9/lib/python/site-packages/urllib3/util/retry.py", line 519, in increment
    raise MaxRetryError(_pool, url, reason) from reason  # type: ignore[arg-type]
urllib3.exceptions.MaxRetryError: HTTPSConnectionPool(host='api-apne1.plaud.ai', port=443): Max retries exceeded with url: /file/simple/web?skip=0&limit=50&is_trash=2&sort_by=start_time&is_desc=true (Caused by NameResolutionError("HTTPSConnection(host='api-apne1.plaud.ai', port=443): Failed to resolve 'api-apne1.plaud.ai' ([Errno 8] nodename nor servname provided, or not known)"))

During handling of the above exception, another exception occurred:

Traceback (most recent call last):
  File "/Users/hiroshi/cursor/plaud_exports/plaud_export.py", line 322, in <module>
    main()
  File "/Users/hiroshi/cursor/plaud_exports/plaud_export.py", line 255, in main
    files = list_files(args.token, args.limit)
  File "/Users/hiroshi/cursor/plaud_exports/plaud_export.py", line 173, in list_files
    response = requests.get(url, headers=headers, params=params)
  File "/Users/hiroshi/Library/Python/3.9/lib/python/site-packages/requests/api.py", line 73, in get
    return request("get", url, params=params, **kwargs)
  File "/Users/hiroshi/Library/Python/3.9/lib/python/site-packages/requests/api.py", line 59, in request
    return session.request(method=method, url=url, **kwargs)
  File "/Users/hiroshi/Library/Python/3.9/lib/python/site-packages/requests/sessions.py", line 589, in request
    resp = self.send(prep, **send_kwargs)
  File "/Users/hiroshi/Library/Python/3.9/lib/python/site-packages/requests/sessions.py", line 703, in send
    r = adapter.send(request, **kwargs)
  File "/Users/hiroshi/Library/Python/3.9/lib/python/site-packages/requests/adapters.py", line 677, in send
    raise ConnectionError(e, request=request)
requests.exceptions.ConnectionError: HTTPSConnectionPool(host='api-apne1.plaud.ai', port=443): Max retries exceeded with url: /file/simple/web?skip=0&limit=50&is_trash=2&sort_by=start_time&is_desc=true (Caused by NameResolutionError("HTTPSConnection(host='api-apne1.plaud.ai', port=443): Failed to resolve 'api-apne1.plaud.ai' ([Errno 8] nodename nor servname provided, or not known)"))
[2026-04-22 11:42:40] ERROR: Auto export failed with exit code 1
[2026-04-22 12:51:39] Starting auto export...
/Users/hiroshi/Library/Python/3.9/lib/python/site-packages/urllib3/__init__.py:35: NotOpenSSLWarning: urllib3 v2 only supports OpenSSL 1.1.1+, currently the 'ssl' module is compiled with 'LibreSSL 2.8.3'. See: https://github.com/urllib3/urllib3/issues/3020
  warnings.warn(
Running in AUTO mode...
Traceback (most recent call last):
  File "/Users/hiroshi/Library/Python/3.9/lib/python/site-packages/urllib3/connection.py", line 204, in _new_conn
    sock = connection.create_connection(
  File "/Users/hiroshi/Library/Python/3.9/lib/python/site-packages/urllib3/util/connection.py", line 60, in create_connection
    for res in socket.getaddrinfo(host, port, family, socket.SOCK_STREAM):
  File "/Library/Developer/CommandLineTools/Library/Frameworks/Python3.framework/Versions/3.9/lib/python3.9/socket.py", line 953, in getaddrinfo
    for res in _socket.getaddrinfo(host, port, family, type, proto, flags):
socket.gaierror: [Errno 8] nodename nor servname provided, or not known

The above exception was the direct cause of the following exception:

Traceback (most recent call last):
  File "/Users/hiroshi/Library/Python/3.9/lib/python/site-packages/urllib3/connectionpool.py", line 787, in urlopen
    response = self._make_request(
  File "/Users/hiroshi/Library/Python/3.9/lib/python/site-packages/urllib3/connectionpool.py", line 488, in _make_request
    raise new_e
  File "/Users/hiroshi/Library/Python/3.9/lib/python/site-packages/urllib3/connectionpool.py", line 464, in _make_request
    self._validate_conn(conn)
  File "/Users/hiroshi/Library/Python/3.9/lib/python/site-packages/urllib3/connectionpool.py", line 1093, in _validate_conn
    conn.connect()
  File "/Users/hiroshi/Library/Python/3.9/lib/python/site-packages/urllib3/connection.py", line 759, in connect
    self.sock = sock = self._new_conn()
  File "/Users/hiroshi/Library/Python/3.9/lib/python/site-packages/urllib3/connection.py", line 211, in _new_conn
    raise NameResolutionError(self.host, self, e) from e
urllib3.exceptions.NameResolutionError: HTTPSConnection(host='api-apne1.plaud.ai', port=443): Failed to resolve 'api-apne1.plaud.ai' ([Errno 8] nodename nor servname provided, or not known)

The above exception was the direct cause of the following exception:

Traceback (most recent call last):
  File "/Users/hiroshi/Library/Python/3.9/lib/python/site-packages/requests/adapters.py", line 644, in send
    resp = conn.urlopen(
  File "/Users/hiroshi/Library/Python/3.9/lib/python/site-packages/urllib3/connectionpool.py", line 841, in urlopen
    retries = retries.increment(
  File "/Users/hiroshi/Library/Python/3.9/lib/python/site-packages/urllib3/util/retry.py", line 519, in increment
    raise MaxRetryError(_pool, url, reason) from reason  # type: ignore[arg-type]
urllib3.exceptions.MaxRetryError: HTTPSConnectionPool(host='api-apne1.plaud.ai', port=443): Max retries exceeded with url: /file/simple/web?skip=0&limit=50&is_trash=2&sort_by=start_time&is_desc=true (Caused by NameResolutionError("HTTPSConnection(host='api-apne1.plaud.ai', port=443): Failed to resolve 'api-apne1.plaud.ai' ([Errno 8] nodename nor servname provided, or not known)"))

During handling of the above exception, another exception occurred:

Traceback (most recent call last):
  File "/Users/hiroshi/cursor/plaud_exports/plaud_export.py", line 322, in <module>
    main()
  File "/Users/hiroshi/cursor/plaud_exports/plaud_export.py", line 255, in main
    files = list_files(args.token, args.limit)
  File "/Users/hiroshi/cursor/plaud_exports/plaud_export.py", line 173, in list_files
    response = requests.get(url, headers=headers, params=params)
  File "/Users/hiroshi/Library/Python/3.9/lib/python/site-packages/requests/api.py", line 73, in get
    return request("get", url, params=params, **kwargs)
  File "/Users/hiroshi/Library/Python/3.9/lib/python/site-packages/requests/api.py", line 59, in request
    return session.request(method=method, url=url, **kwargs)
  File "/Users/hiroshi/Library/Python/3.9/lib/python/site-packages/requests/sessions.py", line 589, in request
    resp = self.send(prep, **send_kwargs)
  File "/Users/hiroshi/Library/Python/3.9/lib/python/site-packages/requests/sessions.py", line 703, in send
    r = adapter.send(request, **kwargs)
  File "/Users/hiroshi/Library/Python/3.9/lib/python/site-packages/requests/adapters.py", line 677, in send
    raise ConnectionError(e, request=request)
requests.exceptions.ConnectionError: HTTPSConnectionPool(host='api-apne1.plaud.ai', port=443): Max retries exceeded with url: /file/simple/web?skip=0&limit=50&is_trash=2&sort_by=start_time&is_desc=true (Caused by NameResolutionError("HTTPSConnection(host='api-apne1.plaud.ai', port=443): Failed to resolve 'api-apne1.plaud.ai' ([Errno 8] nodename nor servname provided, or not known)"))
[2026-04-22 12:51:39] ERROR: Auto export failed with exit code 1
[2026-04-22 14:00:39] Starting auto export...
/Users/hiroshi/Library/Python/3.9/lib/python/site-packages/urllib3/__init__.py:35: NotOpenSSLWarning: urllib3 v2 only supports OpenSSL 1.1.1+, currently the 'ssl' module is compiled with 'LibreSSL 2.8.3'. See: https://github.com/urllib3/urllib3/issues/3020
  warnings.warn(
Running in AUTO mode...
Found 7 new files out of 50 total.
Skipping 2026-04-13 18:18:23 (edb15544894f4a75951777628db1b4b7) - AI processing not yet complete.
Skipping 2026-03-15 16:23:06 (f741ea39d62b8cce8461e71de8006d15) - AI processing not yet complete.
Skipping 2026-03-12 10:00:47 (f4d99481d2520131e1fe9d35142bd876) - AI processing not yet complete.
Skipping 2026-03-03 11:40:52 (5ee14a603a0eb00dc0cd014131634a49) - AI processing not yet complete.
Skipping 2026-03-02 22:55:37 (f8e768606308a898b656297de98ecdf0) - AI processing not yet complete.
Skipping 2026-03-02 18:19:41 (e2e964c6239c49aa1ac0d62fa7a9b149) - AI processing not yet complete.
Skipping 2026-02-22 03:25:10 (2091a2244a8f229875ad1e486c0de2a0) - AI processing not yet complete.
Auto mode complete.
[2026-04-22 14:00:40] Auto export completed successfully.
[2026-04-22 17:06:35] Starting auto export...
/Users/hiroshi/Library/Python/3.9/lib/python/site-packages/urllib3/__init__.py:35: NotOpenSSLWarning: urllib3 v2 only supports OpenSSL 1.1.1+, currently the 'ssl' module is compiled with 'LibreSSL 2.8.3'. See: https://github.com/urllib3/urllib3/issues/3020
  warnings.warn(
Running in AUTO mode...
Found 7 new files out of 50 total.
Skipping 2026-04-13 18:18:23 (edb15544894f4a75951777628db1b4b7) - AI processing not yet complete.
Skipping 2026-03-15 16:23:06 (f741ea39d62b8cce8461e71de8006d15) - AI processing not yet complete.
Skipping 2026-03-12 10:00:47 (f4d99481d2520131e1fe9d35142bd876) - AI processing not yet complete.
Skipping 2026-03-03 11:40:52 (5ee14a603a0eb00dc0cd014131634a49) - AI processing not yet complete.
Skipping 2026-03-02 22:55:37 (f8e768606308a898b656297de98ecdf0) - AI processing not yet complete.
Skipping 2026-03-02 18:19:41 (e2e964c6239c49aa1ac0d62fa7a9b149) - AI processing not yet complete.
Skipping 2026-02-22 03:25:10 (2091a2244a8f229875ad1e486c0de2a0) - AI processing not yet complete.
Auto mode complete.
[2026-04-22 17:06:36] Auto export completed successfully.
[2026-04-22 19:08:42] Starting auto export...
/Users/hiroshi/Library/Python/3.9/lib/python/site-packages/urllib3/__init__.py:35: NotOpenSSLWarning: urllib3 v2 only supports OpenSSL 1.1.1+, currently the 'ssl' module is compiled with 'LibreSSL 2.8.3'. See: https://github.com/urllib3/urllib3/issues/3020
  warnings.warn(
Running in AUTO mode...
Found 9 new files out of 50 total.
Exporting: 04-22 営業・集客戦略に関するコンサルティング：KPIの転換による事業拡大手法 (b520bd8d3cf0ee7b250de59093da6fcd)
  Fetching summary: Summary
  Fetching summary: 04-22 相談ミーティング：コミュニティ提携拡大・営業標準化・手動→自動化設計
  Fetching summary: 04-22 週次ミーティング：事業拡大のパラダイムシフトと営業の自動化
  Fetching transcript...
Saved to: /Users/hiroshi/cursor/plaud_exports/04-22 営業_集客戦略に関するコンサルティング_KPIの転換による事業拡大手法.md
Exporting: 04-22 講義: AI時代の適性評価とキャリア戦略最適化（マーケティングDNA・市場適合・一点突破 (32366f78633dc4d7000b6284f1c15138)
  Fetching summary: Summary
  Fetching summary: 04-22 自己の適性を知ることから始めるマーケティング戦略
  Fetching transcript...
Saved to: /Users/hiroshi/cursor/plaud_exports/04-22 講義_ AI時代の適性評価とキャリア戦略最適化_マーケティングDNA_市場適合_一点突破.md
Skipping 2026-04-13 18:18:23 (edb15544894f4a75951777628db1b4b7) - AI processing not yet complete.
Skipping 2026-03-15 16:23:06 (f741ea39d62b8cce8461e71de8006d15) - AI processing not yet complete.
Skipping 2026-03-12 10:00:47 (f4d99481d2520131e1fe9d35142bd876) - AI processing not yet complete.
Skipping 2026-03-03 11:40:52 (5ee14a603a0eb00dc0cd014131634a49) - AI processing not yet complete.
Skipping 2026-03-02 22:55:37 (f8e768606308a898b656297de98ecdf0) - AI processing not yet complete.
Skipping 2026-03-02 18:19:41 (e2e964c6239c49aa1ac0d62fa7a9b149) - AI processing not yet complete.
Skipping 2026-02-22 03:25:10 (2091a2244a8f229875ad1e486c0de2a0) - AI processing not yet complete.
Auto mode complete.
[2026-04-22 19:08:45] Auto export completed successfully.
[2026-04-23 10:13:53] Starting auto export...
/Users/hiroshi/Library/Python/3.9/lib/python/site-packages/urllib3/__init__.py:35: NotOpenSSLWarning: urllib3 v2 only supports OpenSSL 1.1.1+, currently the 'ssl' module is compiled with 'LibreSSL 2.8.3'. See: https://github.com/urllib3/urllib3/issues/3020
  warnings.warn(
Running in AUTO mode...
Found 8 new files out of 50 total.
Exporting: 04-22 アフィリエイト収益化に向けた戦略と具体的な戦術 (ab8d564b284c904273fd06f6a80b90bc)
  Fetching summary: Summary
  Fetching summary: 04-22 営業戦略会議：KPI設定と行動計画
  Fetching summary: 04-22 定例会議: 逆算設計・日次KPI・無料価値提供モデル・ポジショニング・資源配分
  Fetching transcript...
Saved to: /Users/hiroshi/cursor/plaud_exports/04-22 アフィリエイト収益化に向けた戦略と具体的な戦術.md
Skipping 2026-04-13 18:18:23 (edb15544894f4a75951777628db1b4b7) - AI processing not yet complete.
Skipping 2026-03-15 16:23:06 (f741ea39d62b8cce8461e71de8006d15) - AI processing not yet complete.
Skipping 2026-03-12 10:00:47 (f4d99481d2520131e1fe9d35142bd876) - AI processing not yet complete.
Skipping 2026-03-03 11:40:52 (5ee14a603a0eb00dc0cd014131634a49) - AI processing not yet complete.
Skipping 2026-03-02 22:55:37 (f8e768606308a898b656297de98ecdf0) - AI processing not yet complete.
Skipping 2026-03-02 18:19:41 (e2e964c6239c49aa1ac0d62fa7a9b149) - AI processing not yet complete.
Skipping 2026-02-22 03:25:10 (2091a2244a8f229875ad1e486c0de2a0) - AI processing not yet complete.
Auto mode complete.
[2026-04-23 10:13:56] Auto export completed successfully.
[2026-04-23 11:13:57] Starting auto export...
/Users/hiroshi/Library/Python/3.9/lib/python/site-packages/urllib3/__init__.py:35: NotOpenSSLWarning: urllib3 v2 only supports OpenSSL 1.1.1+, currently the 'ssl' module is compiled with 'LibreSSL 2.8.3'. See: https://github.com/urllib3/urllib3/issues/3020
  warnings.warn(
Running in AUTO mode...
Found 7 new files out of 50 total.
Skipping 2026-04-13 18:18:23 (edb15544894f4a75951777628db1b4b7) - AI processing not yet complete.
Skipping 2026-03-15 16:23:06 (f741ea39d62b8cce8461e71de8006d15) - AI processing not yet complete.
Skipping 2026-03-12 10:00:47 (f4d99481d2520131e1fe9d35142bd876) - AI processing not yet complete.
Skipping 2026-03-03 11:40:52 (5ee14a603a0eb00dc0cd014131634a49) - AI processing not yet complete.
Skipping 2026-03-02 22:55:37 (f8e768606308a898b656297de98ecdf0) - AI processing not yet complete.
Skipping 2026-03-02 18:19:41 (e2e964c6239c49aa1ac0d62fa7a9b149) - AI processing not yet complete.
Skipping 2026-02-22 03:25:10 (2091a2244a8f229875ad1e486c0de2a0) - AI processing not yet complete.
Auto mode complete.
[2026-04-23 11:13:57] Auto export completed successfully.
[2026-04-23 13:46:38] Starting auto export...
/Users/hiroshi/Library/Python/3.9/lib/python/site-packages/urllib3/__init__.py:35: NotOpenSSLWarning: urllib3 v2 only supports OpenSSL 1.1.1+, currently the 'ssl' module is compiled with 'LibreSSL 2.8.3'. See: https://github.com/urllib3/urllib3/issues/3020
  warnings.warn(
Running in AUTO mode...
Found 7 new files out of 50 total.
Skipping 2026-04-13 18:18:23 (edb15544894f4a75951777628db1b4b7) - AI processing not yet complete.
Skipping 2026-03-15 16:23:06 (f741ea39d62b8cce8461e71de8006d15) - AI processing not yet complete.
Skipping 2026-03-12 10:00:47 (f4d99481d2520131e1fe9d35142bd876) - AI processing not yet complete.
Skipping 2026-03-03 11:40:52 (5ee14a603a0eb00dc0cd014131634a49) - AI processing not yet complete.
Skipping 2026-03-02 22:55:37 (f8e768606308a898b656297de98ecdf0) - AI processing not yet complete.
Skipping 2026-03-02 18:19:41 (e2e964c6239c49aa1ac0d62fa7a9b149) - AI processing not yet complete.
Skipping 2026-02-22 03:25:10 (2091a2244a8f229875ad1e486c0de2a0) - AI processing not yet complete.
Auto mode complete.
[2026-04-23 13:46:40] Auto export completed successfully.
[2026-04-23 14:46:40] Starting auto export...
/Users/hiroshi/Library/Python/3.9/lib/python/site-packages/urllib3/__init__.py:35: NotOpenSSLWarning: urllib3 v2 only supports OpenSSL 1.1.1+, currently the 'ssl' module is compiled with 'LibreSSL 2.8.3'. See: https://github.com/urllib3/urllib3/issues/3020
  warnings.warn(
Running in AUTO mode...
Found 7 new files out of 50 total.
Skipping 2026-04-13 18:18:23 (edb15544894f4a75951777628db1b4b7) - AI processing not yet complete.
Skipping 2026-03-15 16:23:06 (f741ea39d62b8cce8461e71de8006d15) - AI processing not yet complete.
Skipping 2026-03-12 10:00:47 (f4d99481d2520131e1fe9d35142bd876) - AI processing not yet complete.
Skipping 2026-03-03 11:40:52 (5ee14a603a0eb00dc0cd014131634a49) - AI processing not yet complete.
Skipping 2026-03-02 22:55:37 (f8e768606308a898b656297de98ecdf0) - AI processing not yet complete.
Skipping 2026-03-02 18:19:41 (e2e964c6239c49aa1ac0d62fa7a9b149) - AI processing not yet complete.
Skipping 2026-02-22 03:25:10 (2091a2244a8f229875ad1e486c0de2a0) - AI processing not yet complete.
Auto mode complete.
[2026-04-23 14:46:41] Auto export completed successfully.
[2026-04-23 15:46:41] Starting auto export...
/Users/hiroshi/Library/Python/3.9/lib/python/site-packages/urllib3/__init__.py:35: NotOpenSSLWarning: urllib3 v2 only supports OpenSSL 1.1.1+, currently the 'ssl' module is compiled with 'LibreSSL 2.8.3'. See: https://github.com/urllib3/urllib3/issues/3020
  warnings.warn(
Running in AUTO mode...
Found 7 new files out of 50 total.
Skipping 2026-04-13 18:18:23 (edb15544894f4a75951777628db1b4b7) - AI processing not yet complete.
Skipping 2026-03-15 16:23:06 (f741ea39d62b8cce8461e71de8006d15) - AI processing not yet complete.
Skipping 2026-03-12 10:00:47 (f4d99481d2520131e1fe9d35142bd876) - AI processing not yet complete.
Skipping 2026-03-03 11:40:52 (5ee14a603a0eb00dc0cd014131634a49) - AI processing not yet complete.
Skipping 2026-03-02 22:55:37 (f8e768606308a898b656297de98ecdf0) - AI processing not yet complete.
Skipping 2026-03-02 18:19:41 (e2e964c6239c49aa1ac0d62fa7a9b149) - AI processing not yet complete.
Skipping 2026-02-22 03:25:10 (2091a2244a8f229875ad1e486c0de2a0) - AI processing not yet complete.
Auto mode complete.
[2026-04-23 15:46:42] Auto export completed successfully.
[2026-04-23 16:46:42] Starting auto export...
/Users/hiroshi/Library/Python/3.9/lib/python/site-packages/urllib3/__init__.py:35: NotOpenSSLWarning: urllib3 v2 only supports OpenSSL 1.1.1+, currently the 'ssl' module is compiled with 'LibreSSL 2.8.3'. See: https://github.com/urllib3/urllib3/issues/3020
  warnings.warn(
Running in AUTO mode...
Found 7 new files out of 50 total.
Skipping 2026-04-13 18:18:23 (edb15544894f4a75951777628db1b4b7) - AI processing not yet complete.
Skipping 2026-03-15 16:23:06 (f741ea39d62b8cce8461e71de8006d15) - AI processing not yet complete.
Skipping 2026-03-12 10:00:47 (f4d99481d2520131e1fe9d35142bd876) - AI processing not yet complete.
Skipping 2026-03-03 11:40:52 (5ee14a603a0eb00dc0cd014131634a49) - AI processing not yet complete.
Skipping 2026-03-02 22:55:37 (f8e768606308a898b656297de98ecdf0) - AI processing not yet complete.
Skipping 2026-03-02 18:19:41 (e2e964c6239c49aa1ac0d62fa7a9b149) - AI processing not yet complete.
Skipping 2026-02-22 03:25:10 (2091a2244a8f229875ad1e486c0de2a0) - AI processing not yet complete.
Auto mode complete.
[2026-04-23 16:46:43] Auto export completed successfully.
[2026-04-23 17:46:43] Starting auto export...
/Users/hiroshi/Library/Python/3.9/lib/python/site-packages/urllib3/__init__.py:35: NotOpenSSLWarning: urllib3 v2 only supports OpenSSL 1.1.1+, currently the 'ssl' module is compiled with 'LibreSSL 2.8.3'. See: https://github.com/urllib3/urllib3/issues/3020
  warnings.warn(
Running in AUTO mode...
Found 7 new files out of 50 total.
Skipping 2026-04-13 18:18:23 (edb15544894f4a75951777628db1b4b7) - AI processing not yet complete.
Skipping 2026-03-15 16:23:06 (f741ea39d62b8cce8461e71de8006d15) - AI processing not yet complete.
Skipping 2026-03-12 10:00:47 (f4d99481d2520131e1fe9d35142bd876) - AI processing not yet complete.
Skipping 2026-03-03 11:40:52 (5ee14a603a0eb00dc0cd014131634a49) - AI processing not yet complete.
Skipping 2026-03-02 22:55:37 (f8e768606308a898b656297de98ecdf0) - AI processing not yet complete.
Skipping 2026-03-02 18:19:41 (e2e964c6239c49aa1ac0d62fa7a9b149) - AI processing not yet complete.
Skipping 2026-02-22 03:25:10 (2091a2244a8f229875ad1e486c0de2a0) - AI processing not yet complete.
Auto mode complete.
[2026-04-23 17:46:44] Auto export completed successfully.
[2026-04-23 18:46:44] Starting auto export...
/Users/hiroshi/Library/Python/3.9/lib/python/site-packages/urllib3/__init__.py:35: NotOpenSSLWarning: urllib3 v2 only supports OpenSSL 1.1.1+, currently the 'ssl' module is compiled with 'LibreSSL 2.8.3'. See: https://github.com/urllib3/urllib3/issues/3020
  warnings.warn(
Running in AUTO mode...
Traceback (most recent call last):
  File "/Users/hiroshi/Library/Python/3.9/lib/python/site-packages/urllib3/connection.py", line 204, in _new_conn
    sock = connection.create_connection(
  File "/Users/hiroshi/Library/Python/3.9/lib/python/site-packages/urllib3/util/connection.py", line 60, in create_connection
    for res in socket.getaddrinfo(host, port, family, socket.SOCK_STREAM):
  File "/Library/Developer/CommandLineTools/Library/Frameworks/Python3.framework/Versions/3.9/lib/python3.9/socket.py", line 953, in getaddrinfo
    for res in _socket.getaddrinfo(host, port, family, type, proto, flags):
socket.gaierror: [Errno 8] nodename nor servname provided, or not known

The above exception was the direct cause of the following exception:

Traceback (most recent call last):
  File "/Users/hiroshi/Library/Python/3.9/lib/python/site-packages/urllib3/connectionpool.py", line 787, in urlopen
    response = self._make_request(
  File "/Users/hiroshi/Library/Python/3.9/lib/python/site-packages/urllib3/connectionpool.py", line 488, in _make_request
    raise new_e
  File "/Users/hiroshi/Library/Python/3.9/lib/python/site-packages/urllib3/connectionpool.py", line 464, in _make_request
    self._validate_conn(conn)
  File "/Users/hiroshi/Library/Python/3.9/lib/python/site-packages/urllib3/connectionpool.py", line 1093, in _validate_conn
    conn.connect()
  File "/Users/hiroshi/Library/Python/3.9/lib/python/site-packages/urllib3/connection.py", line 759, in connect
    self.sock = sock = self._new_conn()
  File "/Users/hiroshi/Library/Python/3.9/lib/python/site-packages/urllib3/connection.py", line 211, in _new_conn
    raise NameResolutionError(self.host, self, e) from e
urllib3.exceptions.NameResolutionError: HTTPSConnection(host='api-apne1.plaud.ai', port=443): Failed to resolve 'api-apne1.plaud.ai' ([Errno 8] nodename nor servname provided, or not known)

The above exception was the direct cause of the following exception:

Traceback (most recent call last):
  File "/Users/hiroshi/Library/Python/3.9/lib/python/site-packages/requests/adapters.py", line 644, in send
    resp = conn.urlopen(
  File "/Users/hiroshi/Library/Python/3.9/lib/python/site-packages/urllib3/connectionpool.py", line 841, in urlopen
    retries = retries.increment(
  File "/Users/hiroshi/Library/Python/3.9/lib/python/site-packages/urllib3/util/retry.py", line 519, in increment
    raise MaxRetryError(_pool, url, reason) from reason  # type: ignore[arg-type]
urllib3.exceptions.MaxRetryError: HTTPSConnectionPool(host='api-apne1.plaud.ai', port=443): Max retries exceeded with url: /file/simple/web?skip=0&limit=50&is_trash=2&sort_by=start_time&is_desc=true (Caused by NameResolutionError("HTTPSConnection(host='api-apne1.plaud.ai', port=443): Failed to resolve 'api-apne1.plaud.ai' ([Errno 8] nodename nor servname provided, or not known)"))

During handling of the above exception, another exception occurred:

Traceback (most recent call last):
  File "/Users/hiroshi/cursor/plaud_exports/plaud_export.py", line 322, in <module>
    main()
  File "/Users/hiroshi/cursor/plaud_exports/plaud_export.py", line 255, in main
    files = list_files(args.token, args.limit)
  File "/Users/hiroshi/cursor/plaud_exports/plaud_export.py", line 173, in list_files
    response = requests.get(url, headers=headers, params=params)
  File "/Users/hiroshi/Library/Python/3.9/lib/python/site-packages/requests/api.py", line 73, in get
    return request("get", url, params=params, **kwargs)
  File "/Users/hiroshi/Library/Python/3.9/lib/python/site-packages/requests/api.py", line 59, in request
    return session.request(method=method, url=url, **kwargs)
  File "/Users/hiroshi/Library/Python/3.9/lib/python/site-packages/requests/sessions.py", line 589, in request
    resp = self.send(prep, **send_kwargs)
  File "/Users/hiroshi/Library/Python/3.9/lib/python/site-packages/requests/sessions.py", line 703, in send
    r = adapter.send(request, **kwargs)
  File "/Users/hiroshi/Library/Python/3.9/lib/python/site-packages/requests/adapters.py", line 677, in send
    raise ConnectionError(e, request=request)
requests.exceptions.ConnectionError: HTTPSConnectionPool(host='api-apne1.plaud.ai', port=443): Max retries exceeded with url: /file/simple/web?skip=0&limit=50&is_trash=2&sort_by=start_time&is_desc=true (Caused by NameResolutionError("HTTPSConnection(host='api-apne1.plaud.ai', port=443): Failed to resolve 'api-apne1.plaud.ai' ([Errno 8] nodename nor servname provided, or not known)"))
[2026-04-23 18:46:45] ERROR: Auto export failed with exit code 1
[2026-04-23 20:38:13] Starting auto export...
/Users/hiroshi/Library/Python/3.9/lib/python/site-packages/urllib3/__init__.py:35: NotOpenSSLWarning: urllib3 v2 only supports OpenSSL 1.1.1+, currently the 'ssl' module is compiled with 'LibreSSL 2.8.3'. See: https://github.com/urllib3/urllib3/issues/3020
  warnings.warn(
Running in AUTO mode...
Found 7 new files out of 50 total.
Skipping 2026-04-13 18:18:23 (edb15544894f4a75951777628db1b4b7) - AI processing not yet complete.
Skipping 2026-03-15 16:23:06 (f741ea39d62b8cce8461e71de8006d15) - AI processing not yet complete.
Skipping 2026-03-12 10:00:47 (f4d99481d2520131e1fe9d35142bd876) - AI processing not yet complete.
Skipping 2026-03-03 11:40:52 (5ee14a603a0eb00dc0cd014131634a49) - AI processing not yet complete.
Skipping 2026-03-02 22:55:37 (f8e768606308a898b656297de98ecdf0) - AI processing not yet complete.
Skipping 2026-03-02 18:19:41 (e2e964c6239c49aa1ac0d62fa7a9b149) - AI processing not yet complete.
Skipping 2026-02-22 03:25:10 (2091a2244a8f229875ad1e486c0de2a0) - AI processing not yet complete.
Auto mode complete.
[2026-04-23 20:38:14] Auto export completed successfully.
[2026-04-23 21:38:14] Starting auto export...
/Users/hiroshi/Library/Python/3.9/lib/python/site-packages/urllib3/__init__.py:35: NotOpenSSLWarning: urllib3 v2 only supports OpenSSL 1.1.1+, currently the 'ssl' module is compiled with 'LibreSSL 2.8.3'. See: https://github.com/urllib3/urllib3/issues/3020
  warnings.warn(
Running in AUTO mode...
Found 7 new files out of 50 total.
Skipping 2026-04-13 18:18:23 (edb15544894f4a75951777628db1b4b7) - AI processing not yet complete.
Skipping 2026-03-15 16:23:06 (f741ea39d62b8cce8461e71de8006d15) - AI processing not yet complete.
Skipping 2026-03-12 10:00:47 (f4d99481d2520131e1fe9d35142bd876) - AI processing not yet complete.
Skipping 2026-03-03 11:40:52 (5ee14a603a0eb00dc0cd014131634a49) - AI processing not yet complete.
Skipping 2026-03-02 22:55:37 (f8e768606308a898b656297de98ecdf0) - AI processing not yet complete.
Skipping 2026-03-02 18:19:41 (e2e964c6239c49aa1ac0d62fa7a9b149) - AI processing not yet complete.
Skipping 2026-02-22 03:25:10 (2091a2244a8f229875ad1e486c0de2a0) - AI processing not yet complete.
Auto mode complete.
[2026-04-23 21:38:14] Auto export completed successfully.
[2026-04-23 22:38:14] Starting auto export...
/Users/hiroshi/Library/Python/3.9/lib/python/site-packages/urllib3/__init__.py:35: NotOpenSSLWarning: urllib3 v2 only supports OpenSSL 1.1.1+, currently the 'ssl' module is compiled with 'LibreSSL 2.8.3'. See: https://github.com/urllib3/urllib3/issues/3020
  warnings.warn(
Running in AUTO mode...
Traceback (most recent call last):
  File "/Users/hiroshi/Library/Python/3.9/lib/python/site-packages/urllib3/connection.py", line 204, in _new_conn
    sock = connection.create_connection(
  File "/Users/hiroshi/Library/Python/3.9/lib/python/site-packages/urllib3/util/connection.py", line 60, in create_connection
    for res in socket.getaddrinfo(host, port, family, socket.SOCK_STREAM):
  File "/Library/Developer/CommandLineTools/Library/Frameworks/Python3.framework/Versions/3.9/lib/python3.9/socket.py", line 953, in getaddrinfo
    for res in _socket.getaddrinfo(host, port, family, type, proto, flags):
socket.gaierror: [Errno 8] nodename nor servname provided, or not known

The above exception was the direct cause of the following exception:

Traceback (most recent call last):
  File "/Users/hiroshi/Library/Python/3.9/lib/python/site-packages/urllib3/connectionpool.py", line 787, in urlopen
    response = self._make_request(
  File "/Users/hiroshi/Library/Python/3.9/lib/python/site-packages/urllib3/connectionpool.py", line 488, in _make_request
    raise new_e
  File "/Users/hiroshi/Library/Python/3.9/lib/python/site-packages/urllib3/connectionpool.py", line 464, in _make_request
    self._validate_conn(conn)
  File "/Users/hiroshi/Library/Python/3.9/lib/python/site-packages/urllib3/connectionpool.py", line 1093, in _validate_conn
    conn.connect()
  File "/Users/hiroshi/Library/Python/3.9/lib/python/site-packages/urllib3/connection.py", line 759, in connect
    self.sock = sock = self._new_conn()
  File "/Users/hiroshi/Library/Python/3.9/lib/python/site-packages/urllib3/connection.py", line 211, in _new_conn
    raise NameResolutionError(self.host, self, e) from e
urllib3.exceptions.NameResolutionError: HTTPSConnection(host='api-apne1.plaud.ai', port=443): Failed to resolve 'api-apne1.plaud.ai' ([Errno 8] nodename nor servname provided, or not known)

The above exception was the direct cause of the following exception:

Traceback (most recent call last):
  File "/Users/hiroshi/Library/Python/3.9/lib/python/site-packages/requests/adapters.py", line 644, in send
    resp = conn.urlopen(
  File "/Users/hiroshi/Library/Python/3.9/lib/python/site-packages/urllib3/connectionpool.py", line 841, in urlopen
    retries = retries.increment(
  File "/Users/hiroshi/Library/Python/3.9/lib/python/site-packages/urllib3/util/retry.py", line 519, in increment
    raise MaxRetryError(_pool, url, reason) from reason  # type: ignore[arg-type]
urllib3.exceptions.MaxRetryError: HTTPSConnectionPool(host='api-apne1.plaud.ai', port=443): Max retries exceeded with url: /file/simple/web?skip=0&limit=50&is_trash=2&sort_by=start_time&is_desc=true (Caused by NameResolutionError("HTTPSConnection(host='api-apne1.plaud.ai', port=443): Failed to resolve 'api-apne1.plaud.ai' ([Errno 8] nodename nor servname provided, or not known)"))

During handling of the above exception, another exception occurred:

Traceback (most recent call last):
  File "/Users/hiroshi/cursor/plaud_exports/plaud_export.py", line 322, in <module>
    main()
  File "/Users/hiroshi/cursor/plaud_exports/plaud_export.py", line 255, in main
    files = list_files(args.token, args.limit)
  File "/Users/hiroshi/cursor/plaud_exports/plaud_export.py", line 173, in list_files
    response = requests.get(url, headers=headers, params=params)
  File "/Users/hiroshi/Library/Python/3.9/lib/python/site-packages/requests/api.py", line 73, in get
    return request("get", url, params=params, **kwargs)
  File "/Users/hiroshi/Library/Python/3.9/lib/python/site-packages/requests/api.py", line 59, in request
    return session.request(method=method, url=url, **kwargs)
  File "/Users/hiroshi/Library/Python/3.9/lib/python/site-packages/requests/sessions.py", line 589, in request
    resp = self.send(prep, **send_kwargs)
  File "/Users/hiroshi/Library/Python/3.9/lib/python/site-packages/requests/sessions.py", line 703, in send
    r = adapter.send(request, **kwargs)
  File "/Users/hiroshi/Library/Python/3.9/lib/python/site-packages/requests/adapters.py", line 677, in send
    raise ConnectionError(e, request=request)
requests.exceptions.ConnectionError: HTTPSConnectionPool(host='api-apne1.plaud.ai', port=443): Max retries exceeded with url: /file/simple/web?skip=0&limit=50&is_trash=2&sort_by=start_time&is_desc=true (Caused by NameResolutionError("HTTPSConnection(host='api-apne1.plaud.ai', port=443): Failed to resolve 'api-apne1.plaud.ai' ([Errno 8] nodename nor servname provided, or not known)"))
[2026-04-23 22:39:15] ERROR: Auto export failed with exit code 1
[2026-04-24 01:54:33] Starting auto export...
/Users/hiroshi/Library/Python/3.9/lib/python/site-packages/urllib3/__init__.py:35: NotOpenSSLWarning: urllib3 v2 only supports OpenSSL 1.1.1+, currently the 'ssl' module is compiled with 'LibreSSL 2.8.3'. See: https://github.com/urllib3/urllib3/issues/3020
  warnings.warn(
Running in AUTO mode...
Traceback (most recent call last):
  File "/Users/hiroshi/Library/Python/3.9/lib/python/site-packages/urllib3/connection.py", line 204, in _new_conn
    sock = connection.create_connection(
  File "/Users/hiroshi/Library/Python/3.9/lib/python/site-packages/urllib3/util/connection.py", line 60, in create_connection
    for res in socket.getaddrinfo(host, port, family, socket.SOCK_STREAM):
  File "/Library/Developer/CommandLineTools/Library/Frameworks/Python3.framework/Versions/3.9/lib/python3.9/socket.py", line 953, in getaddrinfo
    for res in _socket.getaddrinfo(host, port, family, type, proto, flags):
socket.gaierror: [Errno 8] nodename nor servname provided, or not known

The above exception was the direct cause of the following exception:

Traceback (most recent call last):
  File "/Users/hiroshi/Library/Python/3.9/lib/python/site-packages/urllib3/connectionpool.py", line 787, in urlopen
    response = self._make_request(
  File "/Users/hiroshi/Library/Python/3.9/lib/python/site-packages/urllib3/connectionpool.py", line 488, in _make_request
    raise new_e
  File "/Users/hiroshi/Library/Python/3.9/lib/python/site-packages/urllib3/connectionpool.py", line 464, in _make_request
    self._validate_conn(conn)
  File "/Users/hiroshi/Library/Python/3.9/lib/python/site-packages/urllib3/connectionpool.py", line 1093, in _validate_conn
    conn.connect()
  File "/Users/hiroshi/Library/Python/3.9/lib/python/site-packages/urllib3/connection.py", line 759, in connect
    self.sock = sock = self._new_conn()
  File "/Users/hiroshi/Library/Python/3.9/lib/python/site-packages/urllib3/connection.py", line 211, in _new_conn
    raise NameResolutionError(self.host, self, e) from e
urllib3.exceptions.NameResolutionError: HTTPSConnection(host='api-apne1.plaud.ai', port=443): Failed to resolve 'api-apne1.plaud.ai' ([Errno 8] nodename nor servname provided, or not known)

The above exception was the direct cause of the following exception:

Traceback (most recent call last):
  File "/Users/hiroshi/Library/Python/3.9/lib/python/site-packages/requests/adapters.py", line 644, in send
    resp = conn.urlopen(
  File "/Users/hiroshi/Library/Python/3.9/lib/python/site-packages/urllib3/connectionpool.py", line 841, in urlopen
    retries = retries.increment(
  File "/Users/hiroshi/Library/Python/3.9/lib/python/site-packages/urllib3/util/retry.py", line 519, in increment
    raise MaxRetryError(_pool, url, reason) from reason  # type: ignore[arg-type]
urllib3.exceptions.MaxRetryError: HTTPSConnectionPool(host='api-apne1.plaud.ai', port=443): Max retries exceeded with url: /file/simple/web?skip=0&limit=50&is_trash=2&sort_by=start_time&is_desc=true (Caused by NameResolutionError("HTTPSConnection(host='api-apne1.plaud.ai', port=443): Failed to resolve 'api-apne1.plaud.ai' ([Errno 8] nodename nor servname provided, or not known)"))

During handling of the above exception, another exception occurred:

Traceback (most recent call last):
  File "/Users/hiroshi/cursor/plaud_exports/plaud_export.py", line 322, in <module>
    main()
  File "/Users/hiroshi/cursor/plaud_exports/plaud_export.py", line 255, in main
    files = list_files(args.token, args.limit)
  File "/Users/hiroshi/cursor/plaud_exports/plaud_export.py", line 173, in list_files
    response = requests.get(url, headers=headers, params=params)
  File "/Users/hiroshi/Library/Python/3.9/lib/python/site-packages/requests/api.py", line 73, in get
    return request("get", url, params=params, **kwargs)
  File "/Users/hiroshi/Library/Python/3.9/lib/python/site-packages/requests/api.py", line 59, in request
    return session.request(method=method, url=url, **kwargs)
  File "/Users/hiroshi/Library/Python/3.9/lib/python/site-packages/requests/sessions.py", line 589, in request
    resp = self.send(prep, **send_kwargs)
  File "/Users/hiroshi/Library/Python/3.9/lib/python/site-packages/requests/sessions.py", line 703, in send
    r = adapter.send(request, **kwargs)
  File "/Users/hiroshi/Library/Python/3.9/lib/python/site-packages/requests/adapters.py", line 677, in send
    raise ConnectionError(e, request=request)
requests.exceptions.ConnectionError: HTTPSConnectionPool(host='api-apne1.plaud.ai', port=443): Max retries exceeded with url: /file/simple/web?skip=0&limit=50&is_trash=2&sort_by=start_time&is_desc=true (Caused by NameResolutionError("HTTPSConnection(host='api-apne1.plaud.ai', port=443): Failed to resolve 'api-apne1.plaud.ai' ([Errno 8] nodename nor servname provided, or not known)"))
[2026-04-24 01:55:33] ERROR: Auto export failed with exit code 1
[2026-04-24 02:55:33] Starting auto export...
/Users/hiroshi/Library/Python/3.9/lib/python/site-packages/urllib3/__init__.py:35: NotOpenSSLWarning: urllib3 v2 only supports OpenSSL 1.1.1+, currently the 'ssl' module is compiled with 'LibreSSL 2.8.3'. See: https://github.com/urllib3/urllib3/issues/3020
  warnings.warn(
Running in AUTO mode...
Traceback (most recent call last):
  File "/Users/hiroshi/Library/Python/3.9/lib/python/site-packages/urllib3/connection.py", line 204, in _new_conn
    sock = connection.create_connection(
  File "/Users/hiroshi/Library/Python/3.9/lib/python/site-packages/urllib3/util/connection.py", line 60, in create_connection
    for res in socket.getaddrinfo(host, port, family, socket.SOCK_STREAM):
  File "/Library/Developer/CommandLineTools/Library/Frameworks/Python3.framework/Versions/3.9/lib/python3.9/socket.py", line 953, in getaddrinfo
    for res in _socket.getaddrinfo(host, port, family, type, proto, flags):
socket.gaierror: [Errno 8] nodename nor servname provided, or not known

The above exception was the direct cause of the following exception:

Traceback (most recent call last):
  File "/Users/hiroshi/Library/Python/3.9/lib/python/site-packages/urllib3/connectionpool.py", line 787, in urlopen
    response = self._make_request(
  File "/Users/hiroshi/Library/Python/3.9/lib/python/site-packages/urllib3/connectionpool.py", line 488, in _make_request
    raise new_e
  File "/Users/hiroshi/Library/Python/3.9/lib/python/site-packages/urllib3/connectionpool.py", line 464, in _make_request
    self._validate_conn(conn)
  File "/Users/hiroshi/Library/Python/3.9/lib/python/site-packages/urllib3/connectionpool.py", line 1093, in _validate_conn
    conn.connect()
  File "/Users/hiroshi/Library/Python/3.9/lib/python/site-packages/urllib3/connection.py", line 759, in connect
    self.sock = sock = self._new_conn()
  File "/Users/hiroshi/Library/Python/3.9/lib/python/site-packages/urllib3/connection.py", line 211, in _new_conn
    raise NameResolutionError(self.host, self, e) from e
urllib3.exceptions.NameResolutionError: HTTPSConnection(host='api-apne1.plaud.ai', port=443): Failed to resolve 'api-apne1.plaud.ai' ([Errno 8] nodename nor servname provided, or not known)

The above exception was the direct cause of the following exception:

Traceback (most recent call last):
  File "/Users/hiroshi/Library/Python/3.9/lib/python/site-packages/requests/adapters.py", line 644, in send
    resp = conn.urlopen(
  File "/Users/hiroshi/Library/Python/3.9/lib/python/site-packages/urllib3/connectionpool.py", line 841, in urlopen
    retries = retries.increment(
  File "/Users/hiroshi/Library/Python/3.9/lib/python/site-packages/urllib3/util/retry.py", line 519, in increment
    raise MaxRetryError(_pool, url, reason) from reason  # type: ignore[arg-type]
urllib3.exceptions.MaxRetryError: HTTPSConnectionPool(host='api-apne1.plaud.ai', port=443): Max retries exceeded with url: /file/simple/web?skip=0&limit=50&is_trash=2&sort_by=start_time&is_desc=true (Caused by NameResolutionError("HTTPSConnection(host='api-apne1.plaud.ai', port=443): Failed to resolve 'api-apne1.plaud.ai' ([Errno 8] nodename nor servname provided, or not known)"))

During handling of the above exception, another exception occurred:

Traceback (most recent call last):
  File "/Users/hiroshi/cursor/plaud_exports/plaud_export.py", line 322, in <module>
    main()
  File "/Users/hiroshi/cursor/plaud_exports/plaud_export.py", line 255, in main
    files = list_files(args.token, args.limit)
  File "/Users/hiroshi/cursor/plaud_exports/plaud_export.py", line 173, in list_files
    response = requests.get(url, headers=headers, params=params)
  File "/Users/hiroshi/Library/Python/3.9/lib/python/site-packages/requests/api.py", line 73, in get
    return request("get", url, params=params, **kwargs)
  File "/Users/hiroshi/Library/Python/3.9/lib/python/site-packages/requests/api.py", line 59, in request
    return session.request(method=method, url=url, **kwargs)
  File "/Users/hiroshi/Library/Python/3.9/lib/python/site-packages/requests/sessions.py", line 589, in request
    resp = self.send(prep, **send_kwargs)
  File "/Users/hiroshi/Library/Python/3.9/lib/python/site-packages/requests/sessions.py", line 703, in send
    r = adapter.send(request, **kwargs)
  File "/Users/hiroshi/Library/Python/3.9/lib/python/site-packages/requests/adapters.py", line 677, in send
    raise ConnectionError(e, request=request)
requests.exceptions.ConnectionError: HTTPSConnectionPool(host='api-apne1.plaud.ai', port=443): Max retries exceeded with url: /file/simple/web?skip=0&limit=50&is_trash=2&sort_by=start_time&is_desc=true (Caused by NameResolutionError("HTTPSConnection(host='api-apne1.plaud.ai', port=443): Failed to resolve 'api-apne1.plaud.ai' ([Errno 8] nodename nor servname provided, or not known)"))
[2026-04-24 02:56:20] ERROR: Auto export failed with exit code 1
[2026-04-24 04:53:19] Starting auto export...
/Users/hiroshi/Library/Python/3.9/lib/python/site-packages/urllib3/__init__.py:35: NotOpenSSLWarning: urllib3 v2 only supports OpenSSL 1.1.1+, currently the 'ssl' module is compiled with 'LibreSSL 2.8.3'. See: https://github.com/urllib3/urllib3/issues/3020
  warnings.warn(
Running in AUTO mode...
Traceback (most recent call last):
  File "/Users/hiroshi/Library/Python/3.9/lib/python/site-packages/urllib3/connection.py", line 204, in _new_conn
    sock = connection.create_connection(
  File "/Users/hiroshi/Library/Python/3.9/lib/python/site-packages/urllib3/util/connection.py", line 60, in create_connection
    for res in socket.getaddrinfo(host, port, family, socket.SOCK_STREAM):
  File "/Library/Developer/CommandLineTools/Library/Frameworks/Python3.framework/Versions/3.9/lib/python3.9/socket.py", line 953, in getaddrinfo
    for res in _socket.getaddrinfo(host, port, family, type, proto, flags):
socket.gaierror: [Errno 8] nodename nor servname provided, or not known

The above exception was the direct cause of the following exception:

Traceback (most recent call last):
  File "/Users/hiroshi/Library/Python/3.9/lib/python/site-packages/urllib3/connectionpool.py", line 787, in urlopen
    response = self._make_request(
  File "/Users/hiroshi/Library/Python/3.9/lib/python/site-packages/urllib3/connectionpool.py", line 488, in _make_request
    raise new_e
  File "/Users/hiroshi/Library/Python/3.9/lib/python/site-packages/urllib3/connectionpool.py", line 464, in _make_request
    self._validate_conn(conn)
  File "/Users/hiroshi/Library/Python/3.9/lib/python/site-packages/urllib3/connectionpool.py", line 1093, in _validate_conn
    conn.connect()
  File "/Users/hiroshi/Library/Python/3.9/lib/python/site-packages/urllib3/connection.py", line 759, in connect
    self.sock = sock = self._new_conn()
  File "/Users/hiroshi/Library/Python/3.9/lib/python/site-packages/urllib3/connection.py", line 211, in _new_conn
    raise NameResolutionError(self.host, self, e) from e
urllib3.exceptions.NameResolutionError: HTTPSConnection(host='api-apne1.plaud.ai', port=443): Failed to resolve 'api-apne1.plaud.ai' ([Errno 8] nodename nor servname provided, or not known)

The above exception was the direct cause of the following exception:

Traceback (most recent call last):
  File "/Users/hiroshi/Library/Python/3.9/lib/python/site-packages/requests/adapters.py", line 644, in send
    resp = conn.urlopen(
  File "/Users/hiroshi/Library/Python/3.9/lib/python/site-packages/urllib3/connectionpool.py", line 841, in urlopen
    retries = retries.increment(
  File "/Users/hiroshi/Library/Python/3.9/lib/python/site-packages/urllib3/util/retry.py", line 519, in increment
    raise MaxRetryError(_pool, url, reason) from reason  # type: ignore[arg-type]
urllib3.exceptions.MaxRetryError: HTTPSConnectionPool(host='api-apne1.plaud.ai', port=443): Max retries exceeded with url: /file/simple/web?skip=0&limit=50&is_trash=2&sort_by=start_time&is_desc=true (Caused by NameResolutionError("HTTPSConnection(host='api-apne1.plaud.ai', port=443): Failed to resolve 'api-apne1.plaud.ai' ([Errno 8] nodename nor servname provided, or not known)"))

During handling of the above exception, another exception occurred:

Traceback (most recent call last):
  File "/Users/hiroshi/cursor/plaud_exports/plaud_export.py", line 322, in <module>
    main()
  File "/Users/hiroshi/cursor/plaud_exports/plaud_export.py", line 255, in main
    files = list_files(args.token, args.limit)
  File "/Users/hiroshi/cursor/plaud_exports/plaud_export.py", line 173, in list_files
    response = requests.get(url, headers=headers, params=params)
  File "/Users/hiroshi/Library/Python/3.9/lib/python/site-packages/requests/api.py", line 73, in get
    return request("get", url, params=params, **kwargs)
  File "/Users/hiroshi/Library/Python/3.9/lib/python/site-packages/requests/api.py", line 59, in request
    return session.request(method=method, url=url, **kwargs)
  File "/Users/hiroshi/Library/Python/3.9/lib/python/site-packages/requests/sessions.py", line 589, in request
    resp = self.send(prep, **send_kwargs)
  File "/Users/hiroshi/Library/Python/3.9/lib/python/site-packages/requests/sessions.py", line 703, in send
    r = adapter.send(request, **kwargs)
  File "/Users/hiroshi/Library/Python/3.9/lib/python/site-packages/requests/adapters.py", line 677, in send
    raise ConnectionError(e, request=request)
requests.exceptions.ConnectionError: HTTPSConnectionPool(host='api-apne1.plaud.ai', port=443): Max retries exceeded with url: /file/simple/web?skip=0&limit=50&is_trash=2&sort_by=start_time&is_desc=true (Caused by NameResolutionError("HTTPSConnection(host='api-apne1.plaud.ai', port=443): Failed to resolve 'api-apne1.plaud.ai' ([Errno 8] nodename nor servname provided, or not known)"))
[2026-04-24 04:54:19] ERROR: Auto export failed with exit code 1
[2026-04-24 08:32:22] Starting auto export...
/Users/hiroshi/Library/Python/3.9/lib/python/site-packages/urllib3/__init__.py:35: NotOpenSSLWarning: urllib3 v2 only supports OpenSSL 1.1.1+, currently the 'ssl' module is compiled with 'LibreSSL 2.8.3'. See: https://github.com/urllib3/urllib3/issues/3020
  warnings.warn(
Running in AUTO mode...
Traceback (most recent call last):
  File "/Users/hiroshi/Library/Python/3.9/lib/python/site-packages/urllib3/connection.py", line 204, in _new_conn
    sock = connection.create_connection(
  File "/Users/hiroshi/Library/Python/3.9/lib/python/site-packages/urllib3/util/connection.py", line 60, in create_connection
    for res in socket.getaddrinfo(host, port, family, socket.SOCK_STREAM):
  File "/Library/Developer/CommandLineTools/Library/Frameworks/Python3.framework/Versions/3.9/lib/python3.9/socket.py", line 953, in getaddrinfo
    for res in _socket.getaddrinfo(host, port, family, type, proto, flags):
socket.gaierror: [Errno 8] nodename nor servname provided, or not known

The above exception was the direct cause of the following exception:

Traceback (most recent call last):
  File "/Users/hiroshi/Library/Python/3.9/lib/python/site-packages/urllib3/connectionpool.py", line 787, in urlopen
    response = self._make_request(
  File "/Users/hiroshi/Library/Python/3.9/lib/python/site-packages/urllib3/connectionpool.py", line 488, in _make_request
    raise new_e
  File "/Users/hiroshi/Library/Python/3.9/lib/python/site-packages/urllib3/connectionpool.py", line 464, in _make_request
    self._validate_conn(conn)
  File "/Users/hiroshi/Library/Python/3.9/lib/python/site-packages/urllib3/connectionpool.py", line 1093, in _validate_conn
    conn.connect()
  File "/Users/hiroshi/Library/Python/3.9/lib/python/site-packages/urllib3/connection.py", line 759, in connect
    self.sock = sock = self._new_conn()
  File "/Users/hiroshi/Library/Python/3.9/lib/python/site-packages/urllib3/connection.py", line 211, in _new_conn
    raise NameResolutionError(self.host, self, e) from e
urllib3.exceptions.NameResolutionError: HTTPSConnection(host='api-apne1.plaud.ai', port=443): Failed to resolve 'api-apne1.plaud.ai' ([Errno 8] nodename nor servname provided, or not known)

The above exception was the direct cause of the following exception:

Traceback (most recent call last):
  File "/Users/hiroshi/Library/Python/3.9/lib/python/site-packages/requests/adapters.py", line 644, in send
    resp = conn.urlopen(
  File "/Users/hiroshi/Library/Python/3.9/lib/python/site-packages/urllib3/connectionpool.py", line 841, in urlopen
    retries = retries.increment(
  File "/Users/hiroshi/Library/Python/3.9/lib/python/site-packages/urllib3/util/retry.py", line 519, in increment
    raise MaxRetryError(_pool, url, reason) from reason  # type: ignore[arg-type]
urllib3.exceptions.MaxRetryError: HTTPSConnectionPool(host='api-apne1.plaud.ai', port=443): Max retries exceeded with url: /file/simple/web?skip=0&limit=50&is_trash=2&sort_by=start_time&is_desc=true (Caused by NameResolutionError("HTTPSConnection(host='api-apne1.plaud.ai', port=443): Failed to resolve 'api-apne1.plaud.ai' ([Errno 8] nodename nor servname provided, or not known)"))

During handling of the above exception, another exception occurred:

Traceback (most recent call last):
  File "/Users/hiroshi/cursor/plaud_exports/plaud_export.py", line 322, in <module>
    main()
  File "/Users/hiroshi/cursor/plaud_exports/plaud_export.py", line 255, in main
    files = list_files(args.token, args.limit)
  File "/Users/hiroshi/cursor/plaud_exports/plaud_export.py", line 173, in list_files
    response = requests.get(url, headers=headers, params=params)
  File "/Users/hiroshi/Library/Python/3.9/lib/python/site-packages/requests/api.py", line 73, in get
    return request("get", url, params=params, **kwargs)
  File "/Users/hiroshi/Library/Python/3.9/lib/python/site-packages/requests/api.py", line 59, in request
    return session.request(method=method, url=url, **kwargs)
  File "/Users/hiroshi/Library/Python/3.9/lib/python/site-packages/requests/sessions.py", line 589, in request
    resp = self.send(prep, **send_kwargs)
  File "/Users/hiroshi/Library/Python/3.9/lib/python/site-packages/requests/sessions.py", line 703, in send
    r = adapter.send(request, **kwargs)
  File "/Users/hiroshi/Library/Python/3.9/lib/python/site-packages/requests/adapters.py", line 677, in send
    raise ConnectionError(e, request=request)
requests.exceptions.ConnectionError: HTTPSConnectionPool(host='api-apne1.plaud.ai', port=443): Max retries exceeded with url: /file/simple/web?skip=0&limit=50&is_trash=2&sort_by=start_time&is_desc=true (Caused by NameResolutionError("HTTPSConnection(host='api-apne1.plaud.ai', port=443): Failed to resolve 'api-apne1.plaud.ai' ([Errno 8] nodename nor servname provided, or not known)"))
[2026-04-24 08:32:22] ERROR: Auto export failed with exit code 1
[2026-04-24 10:26:39] Starting auto export...
/Users/hiroshi/Library/Python/3.9/lib/python/site-packages/urllib3/__init__.py:35: NotOpenSSLWarning: urllib3 v2 only supports OpenSSL 1.1.1+, currently the 'ssl' module is compiled with 'LibreSSL 2.8.3'. See: https://github.com/urllib3/urllib3/issues/3020
  warnings.warn(
Running in AUTO mode...
Traceback (most recent call last):
  File "/Users/hiroshi/Library/Python/3.9/lib/python/site-packages/urllib3/connection.py", line 204, in _new_conn
    sock = connection.create_connection(
  File "/Users/hiroshi/Library/Python/3.9/lib/python/site-packages/urllib3/util/connection.py", line 60, in create_connection
    for res in socket.getaddrinfo(host, port, family, socket.SOCK_STREAM):
  File "/Library/Developer/CommandLineTools/Library/Frameworks/Python3.framework/Versions/3.9/lib/python3.9/socket.py", line 953, in getaddrinfo
    for res in _socket.getaddrinfo(host, port, family, type, proto, flags):
socket.gaierror: [Errno 8] nodename nor servname provided, or not known

The above exception was the direct cause of the following exception:

Traceback (most recent call last):
  File "/Users/hiroshi/Library/Python/3.9/lib/python/site-packages/urllib3/connectionpool.py", line 787, in urlopen
    response = self._make_request(
  File "/Users/hiroshi/Library/Python/3.9/lib/python/site-packages/urllib3/connectionpool.py", line 488, in _make_request
    raise new_e
  File "/Users/hiroshi/Library/Python/3.9/lib/python/site-packages/urllib3/connectionpool.py", line 464, in _make_request
    self._validate_conn(conn)
  File "/Users/hiroshi/Library/Python/3.9/lib/python/site-packages/urllib3/connectionpool.py", line 1093, in _validate_conn
    conn.connect()
  File "/Users/hiroshi/Library/Python/3.9/lib/python/site-packages/urllib3/connection.py", line 759, in connect
    self.sock = sock = self._new_conn()
  File "/Users/hiroshi/Library/Python/3.9/lib/python/site-packages/urllib3/connection.py", line 211, in _new_conn
    raise NameResolutionError(self.host, self, e) from e
urllib3.exceptions.NameResolutionError: HTTPSConnection(host='api-apne1.plaud.ai', port=443): Failed to resolve 'api-apne1.plaud.ai' ([Errno 8] nodename nor servname provided, or not known)

The above exception was the direct cause of the following exception:

Traceback (most recent call last):
  File "/Users/hiroshi/Library/Python/3.9/lib/python/site-packages/requests/adapters.py", line 644, in send
    resp = conn.urlopen(
  File "/Users/hiroshi/Library/Python/3.9/lib/python/site-packages/urllib3/connectionpool.py", line 841, in urlopen
    retries = retries.increment(
  File "/Users/hiroshi/Library/Python/3.9/lib/python/site-packages/urllib3/util/retry.py", line 519, in increment
    raise MaxRetryError(_pool, url, reason) from reason  # type: ignore[arg-type]
urllib3.exceptions.MaxRetryError: HTTPSConnectionPool(host='api-apne1.plaud.ai', port=443): Max retries exceeded with url: /file/simple/web?skip=0&limit=50&is_trash=2&sort_by=start_time&is_desc=true (Caused by NameResolutionError("HTTPSConnection(host='api-apne1.plaud.ai', port=443): Failed to resolve 'api-apne1.plaud.ai' ([Errno 8] nodename nor servname provided, or not known)"))

During handling of the above exception, another exception occurred:

Traceback (most recent call last):
  File "/Users/hiroshi/cursor/plaud_exports/plaud_export.py", line 322, in <module>
    main()
  File "/Users/hiroshi/cursor/plaud_exports/plaud_export.py", line 255, in main
    files = list_files(args.token, args.limit)
  File "/Users/hiroshi/cursor/plaud_exports/plaud_export.py", line 173, in list_files
    response = requests.get(url, headers=headers, params=params)
  File "/Users/hiroshi/Library/Python/3.9/lib/python/site-packages/requests/api.py", line 73, in get
    return request("get", url, params=params, **kwargs)
  File "/Users/hiroshi/Library/Python/3.9/lib/python/site-packages/requests/api.py", line 59, in request
    return session.request(method=method, url=url, **kwargs)
  File "/Users/hiroshi/Library/Python/3.9/lib/python/site-packages/requests/sessions.py", line 589, in request
    resp = self.send(prep, **send_kwargs)
  File "/Users/hiroshi/Library/Python/3.9/lib/python/site-packages/requests/sessions.py", line 703, in send
    r = adapter.send(request, **kwargs)
  File "/Users/hiroshi/Library/Python/3.9/lib/python/site-packages/requests/adapters.py", line 677, in send
    raise ConnectionError(e, request=request)
requests.exceptions.ConnectionError: HTTPSConnectionPool(host='api-apne1.plaud.ai', port=443): Max retries exceeded with url: /file/simple/web?skip=0&limit=50&is_trash=2&sort_by=start_time&is_desc=true (Caused by NameResolutionError("HTTPSConnection(host='api-apne1.plaud.ai', port=443): Failed to resolve 'api-apne1.plaud.ai' ([Errno 8] nodename nor servname provided, or not known)"))
[2026-04-24 10:26:39] ERROR: Auto export failed with exit code 1
[2026-04-24 11:36:17] Starting auto export...
/Users/hiroshi/Library/Python/3.9/lib/python/site-packages/urllib3/__init__.py:35: NotOpenSSLWarning: urllib3 v2 only supports OpenSSL 1.1.1+, currently the 'ssl' module is compiled with 'LibreSSL 2.8.3'. See: https://github.com/urllib3/urllib3/issues/3020
  warnings.warn(
Running in AUTO mode...
Found 7 new files out of 50 total.
Skipping 2026-04-13 18:18:23 (edb15544894f4a75951777628db1b4b7) - AI processing not yet complete.
Skipping 2026-03-15 16:23:06 (f741ea39d62b8cce8461e71de8006d15) - AI processing not yet complete.
Skipping 2026-03-12 10:00:47 (f4d99481d2520131e1fe9d35142bd876) - AI processing not yet complete.
Skipping 2026-03-03 11:40:52 (5ee14a603a0eb00dc0cd014131634a49) - AI processing not yet complete.
Skipping 2026-03-02 22:55:37 (f8e768606308a898b656297de98ecdf0) - AI processing not yet complete.
Skipping 2026-03-02 18:19:41 (e2e964c6239c49aa1ac0d62fa7a9b149) - AI processing not yet complete.
Skipping 2026-02-22 03:25:10 (2091a2244a8f229875ad1e486c0de2a0) - AI processing not yet complete.
Auto mode complete.
[2026-04-24 11:36:18] Auto export completed successfully.
[2026-04-24 12:36:18] Starting auto export...
/Users/hiroshi/Library/Python/3.9/lib/python/site-packages/urllib3/__init__.py:35: NotOpenSSLWarning: urllib3 v2 only supports OpenSSL 1.1.1+, currently the 'ssl' module is compiled with 'LibreSSL 2.8.3'. See: https://github.com/urllib3/urllib3/issues/3020
  warnings.warn(
Running in AUTO mode...
Found 7 new files out of 50 total.
Skipping 2026-04-13 18:18:23 (edb15544894f4a75951777628db1b4b7) - AI processing not yet complete.
Skipping 2026-03-15 16:23:06 (f741ea39d62b8cce8461e71de8006d15) - AI processing not yet complete.
Skipping 2026-03-12 10:00:47 (f4d99481d2520131e1fe9d35142bd876) - AI processing not yet complete.
Skipping 2026-03-03 11:40:52 (5ee14a603a0eb00dc0cd014131634a49) - AI processing not yet complete.
Skipping 2026-03-02 22:55:37 (f8e768606308a898b656297de98ecdf0) - AI processing not yet complete.
Skipping 2026-03-02 18:19:41 (e2e964c6239c49aa1ac0d62fa7a9b149) - AI processing not yet complete.
Skipping 2026-02-22 03:25:10 (2091a2244a8f229875ad1e486c0de2a0) - AI processing not yet complete.
Auto mode complete.
[2026-04-24 12:36:19] Auto export completed successfully.
[2026-04-24 18:07:42] Starting auto export...
/Users/hiroshi/Library/Python/3.9/lib/python/site-packages/urllib3/__init__.py:35: NotOpenSSLWarning: urllib3 v2 only supports OpenSSL 1.1.1+, currently the 'ssl' module is compiled with 'LibreSSL 2.8.3'. See: https://github.com/urllib3/urllib3/issues/3020
  warnings.warn(
Running in AUTO mode...
Traceback (most recent call last):
  File "/Users/hiroshi/Library/Python/3.9/lib/python/site-packages/urllib3/connection.py", line 204, in _new_conn
    sock = connection.create_connection(
  File "/Users/hiroshi/Library/Python/3.9/lib/python/site-packages/urllib3/util/connection.py", line 60, in create_connection
    for res in socket.getaddrinfo(host, port, family, socket.SOCK_STREAM):
  File "/Library/Developer/CommandLineTools/Library/Frameworks/Python3.framework/Versions/3.9/lib/python3.9/socket.py", line 953, in getaddrinfo
    for res in _socket.getaddrinfo(host, port, family, type, proto, flags):
socket.gaierror: [Errno 8] nodename nor servname provided, or not known

The above exception was the direct cause of the following exception:

Traceback (most recent call last):
  File "/Users/hiroshi/Library/Python/3.9/lib/python/site-packages/urllib3/connectionpool.py", line 787, in urlopen
    response = self._make_request(
  File "/Users/hiroshi/Library/Python/3.9/lib/python/site-packages/urllib3/connectionpool.py", line 488, in _make_request
    raise new_e
  File "/Users/hiroshi/Library/Python/3.9/lib/python/site-packages/urllib3/connectionpool.py", line 464, in _make_request
    self._validate_conn(conn)
  File "/Users/hiroshi/Library/Python/3.9/lib/python/site-packages/urllib3/connectionpool.py", line 1093, in _validate_conn
    conn.connect()
  File "/Users/hiroshi/Library/Python/3.9/lib/python/site-packages/urllib3/connection.py", line 759, in connect
    self.sock = sock = self._new_conn()
  File "/Users/hiroshi/Library/Python/3.9/lib/python/site-packages/urllib3/connection.py", line 211, in _new_conn
    raise NameResolutionError(self.host, self, e) from e
urllib3.exceptions.NameResolutionError: HTTPSConnection(host='api-apne1.plaud.ai', port=443): Failed to resolve 'api-apne1.plaud.ai' ([Errno 8] nodename nor servname provided, or not known)

The above exception was the direct cause of the following exception:

Traceback (most recent call last):
  File "/Users/hiroshi/Library/Python/3.9/lib/python/site-packages/requests/adapters.py", line 644, in send
    resp = conn.urlopen(
  File "/Users/hiroshi/Library/Python/3.9/lib/python/site-packages/urllib3/connectionpool.py", line 841, in urlopen
    retries = retries.increment(
  File "/Users/hiroshi/Library/Python/3.9/lib/python/site-packages/urllib3/util/retry.py", line 519, in increment
    raise MaxRetryError(_pool, url, reason) from reason  # type: ignore[arg-type]
urllib3.exceptions.MaxRetryError: HTTPSConnectionPool(host='api-apne1.plaud.ai', port=443): Max retries exceeded with url: /file/simple/web?skip=0&limit=50&is_trash=2&sort_by=start_time&is_desc=true (Caused by NameResolutionError("HTTPSConnection(host='api-apne1.plaud.ai', port=443): Failed to resolve 'api-apne1.plaud.ai' ([Errno 8] nodename nor servname provided, or not known)"))

During handling of the above exception, another exception occurred:

Traceback (most recent call last):
  File "/Users/hiroshi/cursor/plaud_exports/plaud_export.py", line 322, in <module>
    main()
  File "/Users/hiroshi/cursor/plaud_exports/plaud_export.py", line 255, in main
    files = list_files(args.token, args.limit)
  File "/Users/hiroshi/cursor/plaud_exports/plaud_export.py", line 173, in list_files
    response = requests.get(url, headers=headers, params=params)
  File "/Users/hiroshi/Library/Python/3.9/lib/python/site-packages/requests/api.py", line 73, in get
    return request("get", url, params=params, **kwargs)
  File "/Users/hiroshi/Library/Python/3.9/lib/python/site-packages/requests/api.py", line 59, in request
    return session.request(method=method, url=url, **kwargs)
  File "/Users/hiroshi/Library/Python/3.9/lib/python/site-packages/requests/sessions.py", line 589, in request
    resp = self.send(prep, **send_kwargs)
  File "/Users/hiroshi/Library/Python/3.9/lib/python/site-packages/requests/sessions.py", line 703, in send
    r = adapter.send(request, **kwargs)
  File "/Users/hiroshi/Library/Python/3.9/lib/python/site-packages/requests/adapters.py", line 677, in send
    raise ConnectionError(e, request=request)
requests.exceptions.ConnectionError: HTTPSConnectionPool(host='api-apne1.plaud.ai', port=443): Max retries exceeded with url: /file/simple/web?skip=0&limit=50&is_trash=2&sort_by=start_time&is_desc=true (Caused by NameResolutionError("HTTPSConnection(host='api-apne1.plaud.ai', port=443): Failed to resolve 'api-apne1.plaud.ai' ([Errno 8] nodename nor servname provided, or not known)"))
[2026-04-24 18:07:42] ERROR: Auto export failed with exit code 1
[2026-04-25 02:37:58] Starting auto export...
/Users/hiroshi/Library/Python/3.9/lib/python/site-packages/urllib3/__init__.py:35: NotOpenSSLWarning: urllib3 v2 only supports OpenSSL 1.1.1+, currently the 'ssl' module is compiled with 'LibreSSL 2.8.3'. See: https://github.com/urllib3/urllib3/issues/3020
  warnings.warn(
Running in AUTO mode...
Found 7 new files out of 50 total.
Skipping 2026-04-13 18:18:23 (edb15544894f4a75951777628db1b4b7) - AI processing not yet complete.
Skipping 2026-03-15 16:23:06 (f741ea39d62b8cce8461e71de8006d15) - AI processing not yet complete.
Skipping 2026-03-12 10:00:47 (f4d99481d2520131e1fe9d35142bd876) - AI processing not yet complete.
Skipping 2026-03-03 11:40:52 (5ee14a603a0eb00dc0cd014131634a49) - AI processing not yet complete.
Skipping 2026-03-02 22:55:37 (f8e768606308a898b656297de98ecdf0) - AI processing not yet complete.
Skipping 2026-03-02 18:19:41 (e2e964c6239c49aa1ac0d62fa7a9b149) - AI processing not yet complete.
Skipping 2026-02-22 03:25:10 (2091a2244a8f229875ad1e486c0de2a0) - AI processing not yet complete.
Auto mode complete.
[2026-04-25 02:37:59] Auto export completed successfully.
[2026-04-25 03:37:59] Starting auto export...
/Users/hiroshi/Library/Python/3.9/lib/python/site-packages/urllib3/__init__.py:35: NotOpenSSLWarning: urllib3 v2 only supports OpenSSL 1.1.1+, currently the 'ssl' module is compiled with 'LibreSSL 2.8.3'. See: https://github.com/urllib3/urllib3/issues/3020
  warnings.warn(
Running in AUTO mode...
Found 7 new files out of 50 total.
Skipping 2026-04-13 18:18:23 (edb15544894f4a75951777628db1b4b7) - AI processing not yet complete.
Skipping 2026-03-15 16:23:06 (f741ea39d62b8cce8461e71de8006d15) - AI processing not yet complete.
Skipping 2026-03-12 10:00:47 (f4d99481d2520131e1fe9d35142bd876) - AI processing not yet complete.
Skipping 2026-03-03 11:40:52 (5ee14a603a0eb00dc0cd014131634a49) - AI processing not yet complete.
Skipping 2026-03-02 22:55:37 (f8e768606308a898b656297de98ecdf0) - AI processing not yet complete.
Skipping 2026-03-02 18:19:41 (e2e964c6239c49aa1ac0d62fa7a9b149) - AI processing not yet complete.
Skipping 2026-02-22 03:25:10 (2091a2244a8f229875ad1e486c0de2a0) - AI processing not yet complete.
Auto mode complete.
[2026-04-25 03:38:00] Auto export completed successfully.
[2026-04-25 12:28:10] Starting auto export...
/Users/hiroshi/Library/Python/3.9/lib/python/site-packages/urllib3/__init__.py:35: NotOpenSSLWarning: urllib3 v2 only supports OpenSSL 1.1.1+, currently the 'ssl' module is compiled with 'LibreSSL 2.8.3'. See: https://github.com/urllib3/urllib3/issues/3020
  warnings.warn(
Running in AUTO mode...
Found 7 new files out of 50 total.
Skipping 2026-04-13 18:18:23 (edb15544894f4a75951777628db1b4b7) - AI processing not yet complete.
Skipping 2026-03-15 16:23:06 (f741ea39d62b8cce8461e71de8006d15) - AI processing not yet complete.
Skipping 2026-03-12 10:00:47 (f4d99481d2520131e1fe9d35142bd876) - AI processing not yet complete.
Skipping 2026-03-03 11:40:52 (5ee14a603a0eb00dc0cd014131634a49) - AI processing not yet complete.
Skipping 2026-03-02 22:55:37 (f8e768606308a898b656297de98ecdf0) - AI processing not yet complete.
Skipping 2026-03-02 18:19:41 (e2e964c6239c49aa1ac0d62fa7a9b149) - AI processing not yet complete.
Skipping 2026-02-22 03:25:10 (2091a2244a8f229875ad1e486c0de2a0) - AI processing not yet complete.
Auto mode complete.
[2026-04-25 12:28:11] Auto export completed successfully.
[2026-04-25 13:28:11] Starting auto export...
/Users/hiroshi/Library/Python/3.9/lib/python/site-packages/urllib3/__init__.py:35: NotOpenSSLWarning: urllib3 v2 only supports OpenSSL 1.1.1+, currently the 'ssl' module is compiled with 'LibreSSL 2.8.3'. See: https://github.com/urllib3/urllib3/issues/3020
  warnings.warn(
Running in AUTO mode...
Found 7 new files out of 50 total.
Skipping 2026-04-13 18:18:23 (edb15544894f4a75951777628db1b4b7) - AI processing not yet complete.
Skipping 2026-03-15 16:23:06 (f741ea39d62b8cce8461e71de8006d15) - AI processing not yet complete.
Skipping 2026-03-12 10:00:47 (f4d99481d2520131e1fe9d35142bd876) - AI processing not yet complete.
Skipping 2026-03-03 11:40:52 (5ee14a603a0eb00dc0cd014131634a49) - AI processing not yet complete.
Skipping 2026-03-02 22:55:37 (f8e768606308a898b656297de98ecdf0) - AI processing not yet complete.
Skipping 2026-03-02 18:19:41 (e2e964c6239c49aa1ac0d62fa7a9b149) - AI processing not yet complete.
Skipping 2026-02-22 03:25:10 (2091a2244a8f229875ad1e486c0de2a0) - AI processing not yet complete.
Auto mode complete.
[2026-04-25 13:28:16] Auto export completed successfully.
[2026-04-25 14:28:16] Starting auto export...
/Users/hiroshi/Library/Python/3.9/lib/python/site-packages/urllib3/__init__.py:35: NotOpenSSLWarning: urllib3 v2 only supports OpenSSL 1.1.1+, currently the 'ssl' module is compiled with 'LibreSSL 2.8.3'. See: https://github.com/urllib3/urllib3/issues/3020
  warnings.warn(
Running in AUTO mode...
Found 7 new files out of 50 total.
Skipping 2026-04-13 18:18:23 (edb15544894f4a75951777628db1b4b7) - AI processing not yet complete.
Skipping 2026-03-15 16:23:06 (f741ea39d62b8cce8461e71de8006d15) - AI processing not yet complete.
Skipping 2026-03-12 10:00:47 (f4d99481d2520131e1fe9d35142bd876) - AI processing not yet complete.
Skipping 2026-03-03 11:40:52 (5ee14a603a0eb00dc0cd014131634a49) - AI processing not yet complete.
Skipping 2026-03-02 22:55:37 (f8e768606308a898b656297de98ecdf0) - AI processing not yet complete.
Skipping 2026-03-02 18:19:41 (e2e964c6239c49aa1ac0d62fa7a9b149) - AI processing not yet complete.
Skipping 2026-02-22 03:25:10 (2091a2244a8f229875ad1e486c0de2a0) - AI processing not yet complete.
Auto mode complete.
[2026-04-25 14:28:16] Auto export completed successfully.
[2026-04-25 15:28:17] Starting auto export...
/Users/hiroshi/Library/Python/3.9/lib/python/site-packages/urllib3/__init__.py:35: NotOpenSSLWarning: urllib3 v2 only supports OpenSSL 1.1.1+, currently the 'ssl' module is compiled with 'LibreSSL 2.8.3'. See: https://github.com/urllib3/urllib3/issues/3020
  warnings.warn(
Running in AUTO mode...
Found 7 new files out of 50 total.
Skipping 2026-04-13 18:18:23 (edb15544894f4a75951777628db1b4b7) - AI processing not yet complete.
Skipping 2026-03-15 16:23:06 (f741ea39d62b8cce8461e71de8006d15) - AI processing not yet complete.
Skipping 2026-03-12 10:00:47 (f4d99481d2520131e1fe9d35142bd876) - AI processing not yet complete.
Skipping 2026-03-03 11:40:52 (5ee14a603a0eb00dc0cd014131634a49) - AI processing not yet complete.
Skipping 2026-03-02 22:55:37 (f8e768606308a898b656297de98ecdf0) - AI processing not yet complete.
Skipping 2026-03-02 18:19:41 (e2e964c6239c49aa1ac0d62fa7a9b149) - AI processing not yet complete.
Skipping 2026-02-22 03:25:10 (2091a2244a8f229875ad1e486c0de2a0) - AI processing not yet complete.
Auto mode complete.
[2026-04-25 15:28:18] Auto export completed successfully.
[2026-04-25 16:28:18] Starting auto export...
/Users/hiroshi/Library/Python/3.9/lib/python/site-packages/urllib3/__init__.py:35: NotOpenSSLWarning: urllib3 v2 only supports OpenSSL 1.1.1+, currently the 'ssl' module is compiled with 'LibreSSL 2.8.3'. See: https://github.com/urllib3/urllib3/issues/3020
  warnings.warn(
Running in AUTO mode...
Found 7 new files out of 50 total.
Skipping 2026-04-13 18:18:23 (edb15544894f4a75951777628db1b4b7) - AI processing not yet complete.
Skipping 2026-03-15 16:23:06 (f741ea39d62b8cce8461e71de8006d15) - AI processing not yet complete.
Skipping 2026-03-12 10:00:47 (f4d99481d2520131e1fe9d35142bd876) - AI processing not yet complete.
Skipping 2026-03-03 11:40:52 (5ee14a603a0eb00dc0cd014131634a49) - AI processing not yet complete.
Skipping 2026-03-02 22:55:37 (f8e768606308a898b656297de98ecdf0) - AI processing not yet complete.
Skipping 2026-03-02 18:19:41 (e2e964c6239c49aa1ac0d62fa7a9b149) - AI processing not yet complete.
Skipping 2026-02-22 03:25:10 (2091a2244a8f229875ad1e486c0de2a0) - AI processing not yet complete.
Auto mode complete.
[2026-04-25 16:28:19] Auto export completed successfully.
[2026-04-26 06:24:42] Starting auto export...
/Users/hiroshi/Library/Python/3.9/lib/python/site-packages/urllib3/__init__.py:35: NotOpenSSLWarning: urllib3 v2 only supports OpenSSL 1.1.1+, currently the 'ssl' module is compiled with 'LibreSSL 2.8.3'. See: https://github.com/urllib3/urllib3/issues/3020
  warnings.warn(
Running in AUTO mode...
Traceback (most recent call last):
  File "/Users/hiroshi/Library/Python/3.9/lib/python/site-packages/urllib3/connection.py", line 204, in _new_conn
    sock = connection.create_connection(
  File "/Users/hiroshi/Library/Python/3.9/lib/python/site-packages/urllib3/util/connection.py", line 60, in create_connection
    for res in socket.getaddrinfo(host, port, family, socket.SOCK_STREAM):
  File "/Library/Developer/CommandLineTools/Library/Frameworks/Python3.framework/Versions/3.9/lib/python3.9/socket.py", line 953, in getaddrinfo
    for res in _socket.getaddrinfo(host, port, family, type, proto, flags):
socket.gaierror: [Errno 8] nodename nor servname provided, or not known

The above exception was the direct cause of the following exception:

Traceback (most recent call last):
  File "/Users/hiroshi/Library/Python/3.9/lib/python/site-packages/urllib3/connectionpool.py", line 787, in urlopen
    response = self._make_request(
  File "/Users/hiroshi/Library/Python/3.9/lib/python/site-packages/urllib3/connectionpool.py", line 488, in _make_request
    raise new_e
  File "/Users/hiroshi/Library/Python/3.9/lib/python/site-packages/urllib3/connectionpool.py", line 464, in _make_request
    self._validate_conn(conn)
  File "/Users/hiroshi/Library/Python/3.9/lib/python/site-packages/urllib3/connectionpool.py", line 1093, in _validate_conn
    conn.connect()
  File "/Users/hiroshi/Library/Python/3.9/lib/python/site-packages/urllib3/connection.py", line 759, in connect
    self.sock = sock = self._new_conn()
  File "/Users/hiroshi/Library/Python/3.9/lib/python/site-packages/urllib3/connection.py", line 211, in _new_conn
    raise NameResolutionError(self.host, self, e) from e
urllib3.exceptions.NameResolutionError: HTTPSConnection(host='api-apne1.plaud.ai', port=443): Failed to resolve 'api-apne1.plaud.ai' ([Errno 8] nodename nor servname provided, or not known)

The above exception was the direct cause of the following exception:

Traceback (most recent call last):
  File "/Users/hiroshi/Library/Python/3.9/lib/python/site-packages/requests/adapters.py", line 644, in send
    resp = conn.urlopen(
  File "/Users/hiroshi/Library/Python/3.9/lib/python/site-packages/urllib3/connectionpool.py", line 841, in urlopen
    retries = retries.increment(
  File "/Users/hiroshi/Library/Python/3.9/lib/python/site-packages/urllib3/util/retry.py", line 519, in increment
    raise MaxRetryError(_pool, url, reason) from reason  # type: ignore[arg-type]
urllib3.exceptions.MaxRetryError: HTTPSConnectionPool(host='api-apne1.plaud.ai', port=443): Max retries exceeded with url: /file/simple/web?skip=0&limit=50&is_trash=2&sort_by=start_time&is_desc=true (Caused by NameResolutionError("HTTPSConnection(host='api-apne1.plaud.ai', port=443): Failed to resolve 'api-apne1.plaud.ai' ([Errno 8] nodename nor servname provided, or not known)"))

During handling of the above exception, another exception occurred:

Traceback (most recent call last):
  File "/Users/hiroshi/cursor/plaud_exports/plaud_export.py", line 322, in <module>
    main()
  File "/Users/hiroshi/cursor/plaud_exports/plaud_export.py", line 255, in main
    files = list_files(args.token, args.limit)
  File "/Users/hiroshi/cursor/plaud_exports/plaud_export.py", line 173, in list_files
    response = requests.get(url, headers=headers, params=params)
  File "/Users/hiroshi/Library/Python/3.9/lib/python/site-packages/requests/api.py", line 73, in get
    return request("get", url, params=params, **kwargs)
  File "/Users/hiroshi/Library/Python/3.9/lib/python/site-packages/requests/api.py", line 59, in request
    return session.request(method=method, url=url, **kwargs)
  File "/Users/hiroshi/Library/Python/3.9/lib/python/site-packages/requests/sessions.py", line 589, in request
    resp = self.send(prep, **send_kwargs)
  File "/Users/hiroshi/Library/Python/3.9/lib/python/site-packages/requests/sessions.py", line 703, in send
    r = adapter.send(request, **kwargs)
  File "/Users/hiroshi/Library/Python/3.9/lib/python/site-packages/requests/adapters.py", line 677, in send
    raise ConnectionError(e, request=request)
requests.exceptions.ConnectionError: HTTPSConnectionPool(host='api-apne1.plaud.ai', port=443): Max retries exceeded with url: /file/simple/web?skip=0&limit=50&is_trash=2&sort_by=start_time&is_desc=true (Caused by NameResolutionError("HTTPSConnection(host='api-apne1.plaud.ai', port=443): Failed to resolve 'api-apne1.plaud.ai' ([Errno 8] nodename nor servname provided, or not known)"))
[2026-04-26 07:25:40] ERROR: Auto export failed with exit code 1
[2026-04-27 01:46:26] Starting auto export...
/Users/hiroshi/Library/Python/3.9/lib/python/site-packages/urllib3/__init__.py:35: NotOpenSSLWarning: urllib3 v2 only supports OpenSSL 1.1.1+, currently the 'ssl' module is compiled with 'LibreSSL 2.8.3'. See: https://github.com/urllib3/urllib3/issues/3020
  warnings.warn(
Running in AUTO mode...
Traceback (most recent call last):
  File "/Users/hiroshi/Library/Python/3.9/lib/python/site-packages/urllib3/connection.py", line 204, in _new_conn
    sock = connection.create_connection(
  File "/Users/hiroshi/Library/Python/3.9/lib/python/site-packages/urllib3/util/connection.py", line 60, in create_connection
    for res in socket.getaddrinfo(host, port, family, socket.SOCK_STREAM):
  File "/Library/Developer/CommandLineTools/Library/Frameworks/Python3.framework/Versions/3.9/lib/python3.9/socket.py", line 953, in getaddrinfo
    for res in _socket.getaddrinfo(host, port, family, type, proto, flags):
socket.gaierror: [Errno 8] nodename nor servname provided, or not known

The above exception was the direct cause of the following exception:

Traceback (most recent call last):
  File "/Users/hiroshi/Library/Python/3.9/lib/python/site-packages/urllib3/connectionpool.py", line 787, in urlopen
    response = self._make_request(
  File "/Users/hiroshi/Library/Python/3.9/lib/python/site-packages/urllib3/connectionpool.py", line 488, in _make_request
    raise new_e
  File "/Users/hiroshi/Library/Python/3.9/lib/python/site-packages/urllib3/connectionpool.py", line 464, in _make_request
    self._validate_conn(conn)
  File "/Users/hiroshi/Library/Python/3.9/lib/python/site-packages/urllib3/connectionpool.py", line 1093, in _validate_conn
    conn.connect()
  File "/Users/hiroshi/Library/Python/3.9/lib/python/site-packages/urllib3/connection.py", line 759, in connect
    self.sock = sock = self._new_conn()
  File "/Users/hiroshi/Library/Python/3.9/lib/python/site-packages/urllib3/connection.py", line 211, in _new_conn
    raise NameResolutionError(self.host, self, e) from e
urllib3.exceptions.NameResolutionError: HTTPSConnection(host='api-apne1.plaud.ai', port=443): Failed to resolve 'api-apne1.plaud.ai' ([Errno 8] nodename nor servname provided, or not known)

The above exception was the direct cause of the following exception:

Traceback (most recent call last):
  File "/Users/hiroshi/Library/Python/3.9/lib/python/site-packages/requests/adapters.py", line 644, in send
    resp = conn.urlopen(
  File "/Users/hiroshi/Library/Python/3.9/lib/python/site-packages/urllib3/connectionpool.py", line 841, in urlopen
    retries = retries.increment(
  File "/Users/hiroshi/Library/Python/3.9/lib/python/site-packages/urllib3/util/retry.py", line 519, in increment
    raise MaxRetryError(_pool, url, reason) from reason  # type: ignore[arg-type]
urllib3.exceptions.MaxRetryError: HTTPSConnectionPool(host='api-apne1.plaud.ai', port=443): Max retries exceeded with url: /file/simple/web?skip=0&limit=50&is_trash=2&sort_by=start_time&is_desc=true (Caused by NameResolutionError("HTTPSConnection(host='api-apne1.plaud.ai', port=443): Failed to resolve 'api-apne1.plaud.ai' ([Errno 8] nodename nor servname provided, or not known)"))

During handling of the above exception, another exception occurred:

Traceback (most recent call last):
  File "/Users/hiroshi/cursor/plaud_exports/plaud_export.py", line 322, in <module>
    main()
  File "/Users/hiroshi/cursor/plaud_exports/plaud_export.py", line 255, in main
    files = list_files(args.token, args.limit)
  File "/Users/hiroshi/cursor/plaud_exports/plaud_export.py", line 173, in list_files
    response = requests.get(url, headers=headers, params=params)
  File "/Users/hiroshi/Library/Python/3.9/lib/python/site-packages/requests/api.py", line 73, in get
    return request("get", url, params=params, **kwargs)
  File "/Users/hiroshi/Library/Python/3.9/lib/python/site-packages/requests/api.py", line 59, in request
    return session.request(method=method, url=url, **kwargs)
  File "/Users/hiroshi/Library/Python/3.9/lib/python/site-packages/requests/sessions.py", line 589, in request
    resp = self.send(prep, **send_kwargs)
  File "/Users/hiroshi/Library/Python/3.9/lib/python/site-packages/requests/sessions.py", line 703, in send
    r = adapter.send(request, **kwargs)
  File "/Users/hiroshi/Library/Python/3.9/lib/python/site-packages/requests/adapters.py", line 677, in send
    raise ConnectionError(e, request=request)
requests.exceptions.ConnectionError: HTTPSConnectionPool(host='api-apne1.plaud.ai', port=443): Max retries exceeded with url: /file/simple/web?skip=0&limit=50&is_trash=2&sort_by=start_time&is_desc=true (Caused by NameResolutionError("HTTPSConnection(host='api-apne1.plaud.ai', port=443): Failed to resolve 'api-apne1.plaud.ai' ([Errno 8] nodename nor servname provided, or not known)"))
[2026-04-27 01:46:26] ERROR: Auto export failed with exit code 1
[2026-04-27 03:13:51] Starting auto export...
/Users/hiroshi/Library/Python/3.9/lib/python/site-packages/urllib3/__init__.py:35: NotOpenSSLWarning: urllib3 v2 only supports OpenSSL 1.1.1+, currently the 'ssl' module is compiled with 'LibreSSL 2.8.3'. See: https://github.com/urllib3/urllib3/issues/3020
  warnings.warn(
Running in AUTO mode...
Found 7 new files out of 50 total.
Skipping 2026-04-13 18:18:23 (edb15544894f4a75951777628db1b4b7) - AI processing not yet complete.
Skipping 2026-03-15 16:23:06 (f741ea39d62b8cce8461e71de8006d15) - AI processing not yet complete.
Skipping 2026-03-12 10:00:47 (f4d99481d2520131e1fe9d35142bd876) - AI processing not yet complete.
Skipping 2026-03-03 11:40:52 (5ee14a603a0eb00dc0cd014131634a49) - AI processing not yet complete.
Skipping 2026-03-02 22:55:37 (f8e768606308a898b656297de98ecdf0) - AI processing not yet complete.
Skipping 2026-03-02 18:19:41 (e2e964c6239c49aa1ac0d62fa7a9b149) - AI processing not yet complete.
Skipping 2026-02-22 03:25:10 (2091a2244a8f229875ad1e486c0de2a0) - AI processing not yet complete.
Auto mode complete.
[2026-04-27 03:13:52] Auto export completed successfully.
[2026-04-27 04:13:52] Starting auto export...
/Users/hiroshi/Library/Python/3.9/lib/python/site-packages/urllib3/__init__.py:35: NotOpenSSLWarning: urllib3 v2 only supports OpenSSL 1.1.1+, currently the 'ssl' module is compiled with 'LibreSSL 2.8.3'. See: https://github.com/urllib3/urllib3/issues/3020
  warnings.warn(
Running in AUTO mode...
Found 7 new files out of 50 total.
Skipping 2026-04-13 18:18:23 (edb15544894f4a75951777628db1b4b7) - AI processing not yet complete.
Skipping 2026-03-15 16:23:06 (f741ea39d62b8cce8461e71de8006d15) - AI processing not yet complete.
Skipping 2026-03-12 10:00:47 (f4d99481d2520131e1fe9d35142bd876) - AI processing not yet complete.
Skipping 2026-03-03 11:40:52 (5ee14a603a0eb00dc0cd014131634a49) - AI processing not yet complete.
Skipping 2026-03-02 22:55:37 (f8e768606308a898b656297de98ecdf0) - AI processing not yet complete.
Skipping 2026-03-02 18:19:41 (e2e964c6239c49aa1ac0d62fa7a9b149) - AI processing not yet complete.
Skipping 2026-02-22 03:25:10 (2091a2244a8f229875ad1e486c0de2a0) - AI processing not yet complete.
Auto mode complete.
[2026-04-27 04:13:53] Auto export completed successfully.
[2026-04-27 05:29:30] Starting auto export...
/Users/hiroshi/Library/Python/3.9/lib/python/site-packages/urllib3/__init__.py:35: NotOpenSSLWarning: urllib3 v2 only supports OpenSSL 1.1.1+, currently the 'ssl' module is compiled with 'LibreSSL 2.8.3'. See: https://github.com/urllib3/urllib3/issues/3020
  warnings.warn(
Running in AUTO mode...
Found 10 new files out of 50 total.
Skipping 新規録音 55 (e49be34643282e73d5c0aa9533118963) - AI processing not yet complete.
Skipping 新規録音 56 (0b67071551b1a7b77d4dbadeb8de69de) - AI processing not yet complete.
Skipping 2026-04-25 16:42:13 (0264e9d75e316e8be03d95f3c8fc5f62) - AI processing not yet complete.
Skipping 2026-04-13 18:18:23 (edb15544894f4a75951777628db1b4b7) - AI processing not yet complete.
Skipping 2026-03-15 16:23:06 (f741ea39d62b8cce8461e71de8006d15) - AI processing not yet complete.
Skipping 2026-03-12 10:00:47 (f4d99481d2520131e1fe9d35142bd876) - AI processing not yet complete.
Skipping 2026-03-03 11:40:52 (5ee14a603a0eb00dc0cd014131634a49) - AI processing not yet complete.
Skipping 2026-03-02 22:55:37 (f8e768606308a898b656297de98ecdf0) - AI processing not yet complete.
Skipping 2026-03-02 18:19:41 (e2e964c6239c49aa1ac0d62fa7a9b149) - AI processing not yet complete.
Skipping 2026-02-22 03:25:10 (2091a2244a8f229875ad1e486c0de2a0) - AI processing not yet complete.
Auto mode complete.
[2026-04-27 05:29:46] Auto export completed successfully.
[2026-04-27 17:02:00] Starting auto export...
/Users/hiroshi/Library/Python/3.9/lib/python/site-packages/urllib3/__init__.py:35: NotOpenSSLWarning: urllib3 v2 only supports OpenSSL 1.1.1+, currently the 'ssl' module is compiled with 'LibreSSL 2.8.3'. See: https://github.com/urllib3/urllib3/issues/3020
  warnings.warn(
Running in AUTO mode...
Found 13 new files out of 50 total.
Skipping 2026-04-27 14:13:16 (f8620130c57f859beaf5ec6b6d01c177) - AI processing not yet complete.
Skipping 2026-04-27 12:52:06 (96d4b65f5b7ab8726967129469eea708) - AI processing not yet complete.
Skipping 新規録音 55 (e49be34643282e73d5c0aa9533118963) - AI processing not yet complete.
Skipping 新規録音 56 (0b67071551b1a7b77d4dbadeb8de69de) - AI processing not yet complete.
Exporting: 04-25 「Risa」の事業成長に向けた理念と今後の戦略展開 (0264e9d75e316e8be03d95f3c8fc5f62)
  Fetching summary: Summary
  Fetching summary: 04-25 打ち合わせ: FCオーナー支援と5万円サービス設計・アップセル方針／Zoom運用計画
  Fetching transcript...
Saved to: /Users/hiroshi/cursor/plaud_exports/04-25 _Risa_の事業成長に向けた理念と今後の戦略展開.md
Exporting: 04-25 週次会議: 顧客管理統一・参加KPI・電子契約・告知運用・LP/広告方針 (19156f869392420fc1ec165b98cf77fb)
  Fetching summary: Summary
  Fetching summary: 04-25 定例会議: FC拠点別CRM構築・フォーム運用統一・月次告知ルーティン確立
  Fetching transcript...
Saved to: /Users/hiroshi/cursor/plaud_exports/04-25 週次会議_ 顧客管理統一_参加KPI_電子契約_告知運用_LP_広告方針.md
Skipping 2026-04-13 18:18:23 (edb15544894f4a75951777628db1b4b7) - AI processing not yet complete.
Skipping 2026-03-15 16:23:06 (f741ea39d62b8cce8461e71de8006d15) - AI processing not yet complete.
Skipping 2026-03-12 10:00:47 (f4d99481d2520131e1fe9d35142bd876) - AI processing not yet complete.
Skipping 2026-03-03 11:40:52 (5ee14a603a0eb00dc0cd014131634a49) - AI processing not yet complete.
Skipping 2026-03-02 22:55:37 (f8e768606308a898b656297de98ecdf0) - AI processing not yet complete.
Skipping 2026-03-02 18:19:41 (e2e964c6239c49aa1ac0d62fa7a9b149) - AI processing not yet complete.
Skipping 2026-02-22 03:25:10 (2091a2244a8f229875ad1e486c0de2a0) - AI processing not yet complete.
Auto mode complete.
[2026-04-27 17:02:04] Auto export completed successfully.
[2026-04-27 18:02:05] Starting auto export...
/Users/hiroshi/Library/Python/3.9/lib/python/site-packages/urllib3/__init__.py:35: NotOpenSSLWarning: urllib3 v2 only supports OpenSSL 1.1.1+, currently the 'ssl' module is compiled with 'LibreSSL 2.8.3'. See: https://github.com/urllib3/urllib3/issues/3020
  warnings.warn(
Running in AUTO mode...
Found 11 new files out of 50 total.
Skipping 2026-04-27 14:13:16 (f8620130c57f859beaf5ec6b6d01c177) - AI processing not yet complete.
Skipping 2026-04-27 12:52:06 (96d4b65f5b7ab8726967129469eea708) - AI processing not yet complete.
Skipping 新規録音 55 (e49be34643282e73d5c0aa9533118963) - AI processing not yet complete.
Skipping 新規録音 56 (0b67071551b1a7b77d4dbadeb8de69de) - AI processing not yet complete.
Skipping 2026-04-13 18:18:23 (edb15544894f4a75951777628db1b4b7) - AI processing not yet complete.
Skipping 2026-03-15 16:23:06 (f741ea39d62b8cce8461e71de8006d15) - AI processing not yet complete.
Skipping 2026-03-12 10:00:47 (f4d99481d2520131e1fe9d35142bd876) - AI processing not yet complete.
Skipping 2026-03-03 11:40:52 (5ee14a603a0eb00dc0cd014131634a49) - AI processing not yet complete.
Skipping 2026-03-02 22:55:37 (f8e768606308a898b656297de98ecdf0) - AI processing not yet complete.
Skipping 2026-03-02 18:19:41 (e2e964c6239c49aa1ac0d62fa7a9b149) - AI processing not yet complete.
Skipping 2026-02-22 03:25:10 (2091a2244a8f229875ad1e486c0de2a0) - AI processing not yet complete.
Auto mode complete.
[2026-04-27 18:02:06] Auto export completed successfully.
[2026-04-27 19:09:06] Starting auto export...
/Users/hiroshi/Library/Python/3.9/lib/python/site-packages/urllib3/__init__.py:35: NotOpenSSLWarning: urllib3 v2 only supports OpenSSL 1.1.1+, currently the 'ssl' module is compiled with 'LibreSSL 2.8.3'. See: https://github.com/urllib3/urllib3/issues/3020
  warnings.warn(
Running in AUTO mode...
Found 11 new files out of 50 total.
Skipping 2026-04-27 14:13:16 (f8620130c57f859beaf5ec6b6d01c177) - AI processing not yet complete.
Skipping 2026-04-27 12:52:06 (96d4b65f5b7ab8726967129469eea708) - AI processing not yet complete.
Skipping 新規録音 55 (e49be34643282e73d5c0aa9533118963) - AI processing not yet complete.
Skipping 新規録音 56 (0b67071551b1a7b77d4dbadeb8de69de) - AI processing not yet complete.
Skipping 2026-04-13 18:18:23 (edb15544894f4a75951777628db1b4b7) - AI processing not yet complete.
Skipping 2026-03-15 16:23:06 (f741ea39d62b8cce8461e71de8006d15) - AI processing not yet complete.
Skipping 2026-03-12 10:00:47 (f4d99481d2520131e1fe9d35142bd876) - AI processing not yet complete.
Skipping 2026-03-03 11:40:52 (5ee14a603a0eb00dc0cd014131634a49) - AI processing not yet complete.
Skipping 2026-03-02 22:55:37 (f8e768606308a898b656297de98ecdf0) - AI processing not yet complete.
Skipping 2026-03-02 18:19:41 (e2e964c6239c49aa1ac0d62fa7a9b149) - AI processing not yet complete.
Skipping 2026-02-22 03:25:10 (2091a2244a8f229875ad1e486c0de2a0) - AI processing not yet complete.
Auto mode complete.
[2026-04-27 19:09:08] Auto export completed successfully.
[2026-04-27 20:09:07] Starting auto export...
/Users/hiroshi/Library/Python/3.9/lib/python/site-packages/urllib3/__init__.py:35: NotOpenSSLWarning: urllib3 v2 only supports OpenSSL 1.1.1+, currently the 'ssl' module is compiled with 'LibreSSL 2.8.3'. See: https://github.com/urllib3/urllib3/issues/3020
  warnings.warn(
Running in AUTO mode...
Found 12 new files out of 50 total.
Skipping 2026-04-27 18:12:22 (66cad290cb373807f99917ea3f0d2127) - AI processing not yet complete.
Skipping 2026-04-27 14:13:16 (f8620130c57f859beaf5ec6b6d01c177) - AI processing not yet complete.
Exporting: 04-27 複数事業の現状課題と小田氏への業務委託提案 (96d4b65f5b7ab8726967129469eea708)
  Fetching summary: Summary
  Fetching summary: 04-27 打ち合わせ: リソース拡充・広告運用（リサ）・プロラインアフィリエイト集中方針の確認
  Fetching summary: 04-27 週次会議：事業成長のボトルネック解消と実行戦略
  Fetching transcript...
Saved to: /Users/hiroshi/cursor/plaud_exports/04-27 複数事業の現状課題と小田氏への業務委託提案.md
Skipping 新規録音 55 (e49be34643282e73d5c0aa9533118963) - AI processing not yet complete.
Skipping 新規録音 56 (0b67071551b1a7b77d4dbadeb8de69de) - AI processing not yet complete.
Skipping 2026-04-13 18:18:23 (edb15544894f4a75951777628db1b4b7) - AI processing not yet complete.
Skipping 2026-03-15 16:23:06 (f741ea39d62b8cce8461e71de8006d15) - AI processing not yet complete.
Skipping 2026-03-12 10:00:47 (f4d99481d2520131e1fe9d35142bd876) - AI processing not yet complete.
Skipping 2026-03-03 11:40:52 (5ee14a603a0eb00dc0cd014131634a49) - AI processing not yet complete.
Skipping 2026-03-02 22:55:37 (f8e768606308a898b656297de98ecdf0) - AI processing not yet complete.
Skipping 2026-03-02 18:19:41 (e2e964c6239c49aa1ac0d62fa7a9b149) - AI processing not yet complete.
Skipping 2026-02-22 03:25:10 (2091a2244a8f229875ad1e486c0de2a0) - AI processing not yet complete.
Auto mode complete.
[2026-04-27 20:09:10] Auto export completed successfully.
[2026-04-27 21:09:10] Starting auto export...
/Users/hiroshi/Library/Python/3.9/lib/python/site-packages/urllib3/__init__.py:35: NotOpenSSLWarning: urllib3 v2 only supports OpenSSL 1.1.1+, currently the 'ssl' module is compiled with 'LibreSSL 2.8.3'. See: https://github.com/urllib3/urllib3/issues/3020
  warnings.warn(
Running in AUTO mode...
Found 12 new files out of 50 total.
Skipping 2026-04-27 20:12:43 (19e560b82714ebd43ce48e9607c2a639) - AI processing not yet complete.
Skipping 2026-04-27 18:12:22 (66cad290cb373807f99917ea3f0d2127) - AI processing not yet complete.
Skipping 2026-04-27 14:13:16 (f8620130c57f859beaf5ec6b6d01c177) - AI processing not yet complete.
Skipping 新規録音 55 (e49be34643282e73d5c0aa9533118963) - AI processing not yet complete.
Skipping 新規録音 56 (0b67071551b1a7b77d4dbadeb8de69de) - AI processing not yet complete.
Skipping 2026-04-13 18:18:23 (edb15544894f4a75951777628db1b4b7) - AI processing not yet complete.
Skipping 2026-03-15 16:23:06 (f741ea39d62b8cce8461e71de8006d15) - AI processing not yet complete.
Skipping 2026-03-12 10:00:47 (f4d99481d2520131e1fe9d35142bd876) - AI processing not yet complete.
Skipping 2026-03-03 11:40:52 (5ee14a603a0eb00dc0cd014131634a49) - AI processing not yet complete.
Skipping 2026-03-02 22:55:37 (f8e768606308a898b656297de98ecdf0) - AI processing not yet complete.
Skipping 2026-03-02 18:19:41 (e2e964c6239c49aa1ac0d62fa7a9b149) - AI processing not yet complete.
Skipping 2026-02-22 03:25:10 (2091a2244a8f229875ad1e486c0de2a0) - AI processing not yet complete.
Auto mode complete.
[2026-04-27 21:09:11] Auto export completed successfully.
[2026-04-27 22:09:11] Starting auto export...
/Users/hiroshi/Library/Python/3.9/lib/python/site-packages/urllib3/__init__.py:35: NotOpenSSLWarning: urllib3 v2 only supports OpenSSL 1.1.1+, currently the 'ssl' module is compiled with 'LibreSSL 2.8.3'. See: https://github.com/urllib3/urllib3/issues/3020
  warnings.warn(
Running in AUTO mode...
Found 14 new files out of 50 total.
Skipping 2026-04-27 21:29:10 (1cf645ef5adeb290a3b37928a6c51291) - AI processing not yet complete.
Skipping 2026-04-27 21:05:01 (0b5f678f01164a5c8df680096c328c7a) - AI processing not yet complete.
Skipping 2026-04-27 20:12:43 (19e560b82714ebd43ce48e9607c2a639) - AI processing not yet complete.
Skipping 2026-04-27 18:12:22 (66cad290cb373807f99917ea3f0d2127) - AI processing not yet complete.
Skipping 2026-04-27 14:13:16 (f8620130c57f859beaf5ec6b6d01c177) - AI processing not yet complete.
Skipping 新規録音 55 (e49be34643282e73d5c0aa9533118963) - AI processing not yet complete.
Skipping 新規録音 56 (0b67071551b1a7b77d4dbadeb8de69de) - AI processing not yet complete.
Skipping 2026-04-13 18:18:23 (edb15544894f4a75951777628db1b4b7) - AI processing not yet complete.
Skipping 2026-03-15 16:23:06 (f741ea39d62b8cce8461e71de8006d15) - AI processing not yet complete.
Skipping 2026-03-12 10:00:47 (f4d99481d2520131e1fe9d35142bd876) - AI processing not yet complete.
Skipping 2026-03-03 11:40:52 (5ee14a603a0eb00dc0cd014131634a49) - AI processing not yet complete.
Skipping 2026-03-02 22:55:37 (f8e768606308a898b656297de98ecdf0) - AI processing not yet complete.
Skipping 2026-03-02 18:19:41 (e2e964c6239c49aa1ac0d62fa7a9b149) - AI processing not yet complete.
Skipping 2026-02-22 03:25:10 (2091a2244a8f229875ad1e486c0de2a0) - AI processing not yet complete.
Auto mode complete.
[2026-04-27 22:09:12] Auto export completed successfully.
[2026-04-27 23:09:12] Starting auto export...
/Users/hiroshi/Library/Python/3.9/lib/python/site-packages/urllib3/__init__.py:35: NotOpenSSLWarning: urllib3 v2 only supports OpenSSL 1.1.1+, currently the 'ssl' module is compiled with 'LibreSSL 2.8.3'. See: https://github.com/urllib3/urllib3/issues/3020
  warnings.warn(
Running in AUTO mode...
Found 16 new files out of 50 total.
Exporting: 04-27 会議: 11万円パッケージの広告方針・年払い導入・収益配分と3カ年計画 (43cc807d067ebb467489d9ca78cd1208)
  Fetching summary: Summary
  Fetching summary: 04-27 定例会議: 11万円/6万円パッケージ分離、年払い70%導入、ROAS300%とイベント獲得計画
  Fetching summary: 04-27 事業計画：高付加価値パッケージと広告戦略
  Fetching transcript...
Saved to: /Users/hiroshi/cursor/plaud_exports/04-27 会議_ 11万円パッケージの広告方針_年払い導入_収益配分と3カ年計画.md
Exporting: 04-27 週次会議：ワークショップの収益モデルとタングルの広告戦略 (e43e40caac8375ad296a742baa80983a)
  Fetching summary: Summary
  Fetching summary: 04-27 ワークショップ計画会議: ROAS目標200%・LTV6.2万円・収益配分と固定費リスク検討
  Fetching transcript...
Saved to: /Users/hiroshi/cursor/plaud_exports/04-27 週次会議_ワークショップの収益モデルとタングルの広告戦略.md
Exporting: 04-27 会議: 融資初動方針・月次PL設計・ワークショップ拡大計画と収支モデル (1cf645ef5adeb290a3b37928a6c51291)
  Fetching summary: Summary
  Fetching summary: 04-27 定例会議：ワークショップ拡大計画と収益モデル
  Fetching summary: 04-27 計画ミーティング：ワークショップ拡大ロードマップと収支モデル最適化
  Fetching transcript...
Saved to: /Users/hiroshi/cursor/plaud_exports/04-27 会議_ 融資初動方針_月次PL設計_ワークショップ拡大計画と収支モデル.md
Exporting: 04-27 AIを活用した事業計画の深化：銀行融資要件を満たすための即時アクションプラン (0b5f678f01164a5c8df680096c328c7a)
  Fetching summary: Summary
  Fetching summary: 04-27 打合せ: 月次事業計画・PL/CF逆算と銀行提出資料の品質とスピード最適化、AI活用録音段取り
  Fetching summary: 04-27 会議: 月次事業計画のPL→CF設計と録音AIワークフロー整備
  Fetching transcript...
Saved to: /Users/hiroshi/cursor/plaud_exports/04-27 AIを活用した事業計画の深化_銀行融資要件を満たすための即時アクションプラン.md
Exporting: 04-27 相談ミーティング: 社長MVV動画採用プロダクト転換・KPI再設計・コンプライアンス運用 (19e560b82714ebd43ce48e9607c2a639)
  Fetching summary: Summary
  Fetching summary: 04-27 定例会議：ノンエクイティ社長密着コンテンツ戦略とセールス仮説の確立
  Fetching summary: 04-27 週間会議：事業戦略の転換と新事業モデル
  Fetching transcript...
Saved to: /Users/hiroshi/cursor/plaud_exports/04-27 相談ミーティング_ 社長MVV動画採用プロダクト転換_KPI再設計_コンプライアンス運用.md
Exporting: 04-27 会議: 収益構造の見直し・キャッシュフロー再策定・データ管理体制設計 (66cad290cb373807f99917ea3f0d2127)
  Fetching summary: Summary
  Fetching summary: 04-27 財務レビュー：収益圧縮要因・費用高止まり・資金繰り逼迫の定量ストーリー
  Fetching transcript...
Saved to: /Users/hiroshi/cursor/plaud_exports/04-27 会議_ 収益構造の見直し_キャッシュフロー再策定_データ管理体制設計.md
Exporting: 2026-04-27 14:13:16 (f8620130c57f859beaf5ec6b6d01c177)
  Fetching summary: Summary
  Warning: Failed to fetch summary Summary: Expecting value: line 1 column 1 (char 0)
  Fetching transcript...
Saved to: /Users/hiroshi/cursor/plaud_exports/2026-04-27 14_13_16.md
Exporting: 新規録音 55 (e49be34643282e73d5c0aa9533118963)
  Fetching summary: Summary
  Fetching summary: 04-27 戦略会議: FC型教育・コンサル事業の収益設計・集客戦略・配分ルール/運営SOPの確定
  Fetching summary: 04-27 新規コミュニティ事業を通じたFCモデル拡大戦略の構想
  Fetching transcript...
Saved to: /Users/hiroshi/cursor/plaud_exports/新規録音 55.md
Exporting: 新規録音 56 (0b67071551b1a7b77d4dbadeb8de69de)
  Fetching summary: Summary
  Fetching summary: 04-27 定例会議: 新事業計画とコンサルティングモデル
  Fetching summary: 04-27 打合せ: 店舗設計・供給連携・商品戦略・コンサル設計・チーム運用の実装要点
  Fetching transcript...
Saved to: /Users/hiroshi/cursor/plaud_exports/新規録音 56.md
Skipping 2026-04-13 18:18:23 (edb15544894f4a75951777628db1b4b7) - AI processing not yet complete.
Skipping 2026-03-15 16:23:06 (f741ea39d62b8cce8461e71de8006d15) - AI processing not yet complete.
Skipping 2026-03-12 10:00:47 (f4d99481d2520131e1fe9d35142bd876) - AI processing not yet complete.
Skipping 2026-03-03 11:40:52 (5ee14a603a0eb00dc0cd014131634a49) - AI processing not yet complete.
Skipping 2026-03-02 22:55:37 (f8e768606308a898b656297de98ecdf0) - AI processing not yet complete.
Skipping 2026-03-02 18:19:41 (e2e964c6239c49aa1ac0d62fa7a9b149) - AI processing not yet complete.
Skipping 2026-02-22 03:25:10 (2091a2244a8f229875ad1e486c0de2a0) - AI processing not yet complete.
Auto mode complete.
[2026-04-27 23:09:27] Auto export completed successfully.
[2026-04-28 09:02:53] Starting auto export...
/Users/hiroshi/Library/Python/3.9/lib/python/site-packages/urllib3/__init__.py:35: NotOpenSSLWarning: urllib3 v2 only supports OpenSSL 1.1.1+, currently the 'ssl' module is compiled with 'LibreSSL 2.8.3'. See: https://github.com/urllib3/urllib3/issues/3020
  warnings.warn(
Running in AUTO mode...
Found 7 new files out of 50 total.
Skipping 2026-04-13 18:18:23 (edb15544894f4a75951777628db1b4b7) - AI processing not yet complete.
Skipping 2026-03-15 16:23:06 (f741ea39d62b8cce8461e71de8006d15) - AI processing not yet complete.
Skipping 2026-03-12 10:00:47 (f4d99481d2520131e1fe9d35142bd876) - AI processing not yet complete.
Skipping 2026-03-03 11:40:52 (5ee14a603a0eb00dc0cd014131634a49) - AI processing not yet complete.
Skipping 2026-03-02 22:55:37 (f8e768606308a898b656297de98ecdf0) - AI processing not yet complete.
Skipping 2026-03-02 18:19:41 (e2e964c6239c49aa1ac0d62fa7a9b149) - AI processing not yet complete.
Skipping 2026-02-22 03:25:10 (2091a2244a8f229875ad1e486c0de2a0) - AI processing not yet complete.
Auto mode complete.
[2026-04-28 09:02:54] Auto export completed successfully.
[2026-04-28 10:02:54] Starting auto export...
/Users/hiroshi/Library/Python/3.9/lib/python/site-packages/urllib3/__init__.py:35: NotOpenSSLWarning: urllib3 v2 only supports OpenSSL 1.1.1+, currently the 'ssl' module is compiled with 'LibreSSL 2.8.3'. See: https://github.com/urllib3/urllib3/issues/3020
  warnings.warn(
Running in AUTO mode...
Found 7 new files out of 50 total.
Skipping 2026-04-13 18:18:23 (edb15544894f4a75951777628db1b4b7) - AI processing not yet complete.
Skipping 2026-03-15 16:23:06 (f741ea39d62b8cce8461e71de8006d15) - AI processing not yet complete.
Skipping 2026-03-12 10:00:47 (f4d99481d2520131e1fe9d35142bd876) - AI processing not yet complete.
Skipping 2026-03-03 11:40:52 (5ee14a603a0eb00dc0cd014131634a49) - AI processing not yet complete.
Skipping 2026-03-02 22:55:37 (f8e768606308a898b656297de98ecdf0) - AI processing not yet complete.
Skipping 2026-03-02 18:19:41 (e2e964c6239c49aa1ac0d62fa7a9b149) - AI processing not yet complete.
Skipping 2026-02-22 03:25:10 (2091a2244a8f229875ad1e486c0de2a0) - AI processing not yet complete.
Auto mode complete.
[2026-04-28 10:02:55] Auto export completed successfully.
[2026-04-28 11:02:55] Starting auto export...
/Users/hiroshi/Library/Python/3.9/lib/python/site-packages/urllib3/__init__.py:35: NotOpenSSLWarning: urllib3 v2 only supports OpenSSL 1.1.1+, currently the 'ssl' module is compiled with 'LibreSSL 2.8.3'. See: https://github.com/urllib3/urllib3/issues/3020
  warnings.warn(
Running in AUTO mode...
Found 7 new files out of 50 total.
Skipping 2026-04-13 18:18:23 (edb15544894f4a75951777628db1b4b7) - AI processing not yet complete.
Skipping 2026-03-15 16:23:06 (f741ea39d62b8cce8461e71de8006d15) - AI processing not yet complete.
Skipping 2026-03-12 10:00:47 (f4d99481d2520131e1fe9d35142bd876) - AI processing not yet complete.
Skipping 2026-03-03 11:40:52 (5ee14a603a0eb00dc0cd014131634a49) - AI processing not yet complete.
Skipping 2026-03-02 22:55:37 (f8e768606308a898b656297de98ecdf0) - AI processing not yet complete.
Skipping 2026-03-02 18:19:41 (e2e964c6239c49aa1ac0d62fa7a9b149) - AI processing not yet complete.
Skipping 2026-02-22 03:25:10 (2091a2244a8f229875ad1e486c0de2a0) - AI processing not yet complete.
Auto mode complete.
[2026-04-28 11:02:56] Auto export completed successfully.
[2026-04-28 12:02:56] Starting auto export...
/Users/hiroshi/Library/Python/3.9/lib/python/site-packages/urllib3/__init__.py:35: NotOpenSSLWarning: urllib3 v2 only supports OpenSSL 1.1.1+, currently the 'ssl' module is compiled with 'LibreSSL 2.8.3'. See: https://github.com/urllib3/urllib3/issues/3020
  warnings.warn(
Running in AUTO mode...
Found 7 new files out of 50 total.
Skipping 2026-04-13 18:18:23 (edb15544894f4a75951777628db1b4b7) - AI processing not yet complete.
Skipping 2026-03-15 16:23:06 (f741ea39d62b8cce8461e71de8006d15) - AI processing not yet complete.
Skipping 2026-03-12 10:00:47 (f4d99481d2520131e1fe9d35142bd876) - AI processing not yet complete.
Skipping 2026-03-03 11:40:52 (5ee14a603a0eb00dc0cd014131634a49) - AI processing not yet complete.
Skipping 2026-03-02 22:55:37 (f8e768606308a898b656297de98ecdf0) - AI processing not yet complete.
Skipping 2026-03-02 18:19:41 (e2e964c6239c49aa1ac0d62fa7a9b149) - AI processing not yet complete.
Skipping 2026-02-22 03:25:10 (2091a2244a8f229875ad1e486c0de2a0) - AI processing not yet complete.
Auto mode complete.
[2026-04-28 12:02:58] Auto export completed successfully.
[2026-04-28 13:02:58] Starting auto export...
/Users/hiroshi/Library/Python/3.9/lib/python/site-packages/urllib3/__init__.py:35: NotOpenSSLWarning: urllib3 v2 only supports OpenSSL 1.1.1+, currently the 'ssl' module is compiled with 'LibreSSL 2.8.3'. See: https://github.com/urllib3/urllib3/issues/3020
  warnings.warn(
Running in AUTO mode...
Found 7 new files out of 50 total.
Skipping 2026-04-13 18:18:23 (edb15544894f4a75951777628db1b4b7) - AI processing not yet complete.
Skipping 2026-03-15 16:23:06 (f741ea39d62b8cce8461e71de8006d15) - AI processing not yet complete.
Skipping 2026-03-12 10:00:47 (f4d99481d2520131e1fe9d35142bd876) - AI processing not yet complete.
Skipping 2026-03-03 11:40:52 (5ee14a603a0eb00dc0cd014131634a49) - AI processing not yet complete.
Skipping 2026-03-02 22:55:37 (f8e768606308a898b656297de98ecdf0) - AI processing not yet complete.
Skipping 2026-03-02 18:19:41 (e2e964c6239c49aa1ac0d62fa7a9b149) - AI processing not yet complete.
Skipping 2026-02-22 03:25:10 (2091a2244a8f229875ad1e486c0de2a0) - AI processing not yet complete.
Auto mode complete.
[2026-04-28 13:02:59] Auto export completed successfully.
[2026-04-28 14:02:59] Starting auto export...
/Users/hiroshi/Library/Python/3.9/lib/python/site-packages/urllib3/__init__.py:35: NotOpenSSLWarning: urllib3 v2 only supports OpenSSL 1.1.1+, currently the 'ssl' module is compiled with 'LibreSSL 2.8.3'. See: https://github.com/urllib3/urllib3/issues/3020
  warnings.warn(
Running in AUTO mode...
Found 7 new files out of 50 total.
Skipping 2026-04-13 18:18:23 (edb15544894f4a75951777628db1b4b7) - AI processing not yet complete.
Skipping 2026-03-15 16:23:06 (f741ea39d62b8cce8461e71de8006d15) - AI processing not yet complete.
Skipping 2026-03-12 10:00:47 (f4d99481d2520131e1fe9d35142bd876) - AI processing not yet complete.
Skipping 2026-03-03 11:40:52 (5ee14a603a0eb00dc0cd014131634a49) - AI processing not yet complete.
Skipping 2026-03-02 22:55:37 (f8e768606308a898b656297de98ecdf0) - AI processing not yet complete.
Skipping 2026-03-02 18:19:41 (e2e964c6239c49aa1ac0d62fa7a9b149) - AI processing not yet complete.
Skipping 2026-02-22 03:25:10 (2091a2244a8f229875ad1e486c0de2a0) - AI processing not yet complete.
Auto mode complete.
[2026-04-28 14:03:00] Auto export completed successfully.
[2026-04-28 16:33:44] Starting auto export...
/Users/hiroshi/Library/Python/3.9/lib/python/site-packages/urllib3/__init__.py:35: NotOpenSSLWarning: urllib3 v2 only supports OpenSSL 1.1.1+, currently the 'ssl' module is compiled with 'LibreSSL 2.8.3'. See: https://github.com/urllib3/urllib3/issues/3020
  warnings.warn(
Running in AUTO mode...
Traceback (most recent call last):
  File "/Users/hiroshi/Library/Python/3.9/lib/python/site-packages/urllib3/connection.py", line 204, in _new_conn
    sock = connection.create_connection(
  File "/Users/hiroshi/Library/Python/3.9/lib/python/site-packages/urllib3/util/connection.py", line 60, in create_connection
    for res in socket.getaddrinfo(host, port, family, socket.SOCK_STREAM):
  File "/Library/Developer/CommandLineTools/Library/Frameworks/Python3.framework/Versions/3.9/lib/python3.9/socket.py", line 953, in getaddrinfo
    for res in _socket.getaddrinfo(host, port, family, type, proto, flags):
socket.gaierror: [Errno 8] nodename nor servname provided, or not known

The above exception was the direct cause of the following exception:

Traceback (most recent call last):
  File "/Users/hiroshi/Library/Python/3.9/lib/python/site-packages/urllib3/connectionpool.py", line 787, in urlopen
    response = self._make_request(
  File "/Users/hiroshi/Library/Python/3.9/lib/python/site-packages/urllib3/connectionpool.py", line 488, in _make_request
    raise new_e
  File "/Users/hiroshi/Library/Python/3.9/lib/python/site-packages/urllib3/connectionpool.py", line 464, in _make_request
    self._validate_conn(conn)
  File "/Users/hiroshi/Library/Python/3.9/lib/python/site-packages/urllib3/connectionpool.py", line 1093, in _validate_conn
    conn.connect()
  File "/Users/hiroshi/Library/Python/3.9/lib/python/site-packages/urllib3/connection.py", line 759, in connect
    self.sock = sock = self._new_conn()
  File "/Users/hiroshi/Library/Python/3.9/lib/python/site-packages/urllib3/connection.py", line 211, in _new_conn
    raise NameResolutionError(self.host, self, e) from e
urllib3.exceptions.NameResolutionError: HTTPSConnection(host='api-apne1.plaud.ai', port=443): Failed to resolve 'api-apne1.plaud.ai' ([Errno 8] nodename nor servname provided, or not known)

The above exception was the direct cause of the following exception:

Traceback (most recent call last):
  File "/Users/hiroshi/Library/Python/3.9/lib/python/site-packages/requests/adapters.py", line 644, in send
    resp = conn.urlopen(
  File "/Users/hiroshi/Library/Python/3.9/lib/python/site-packages/urllib3/connectionpool.py", line 841, in urlopen
    retries = retries.increment(
  File "/Users/hiroshi/Library/Python/3.9/lib/python/site-packages/urllib3/util/retry.py", line 519, in increment
    raise MaxRetryError(_pool, url, reason) from reason  # type: ignore[arg-type]
urllib3.exceptions.MaxRetryError: HTTPSConnectionPool(host='api-apne1.plaud.ai', port=443): Max retries exceeded with url: /file/simple/web?skip=0&limit=50&is_trash=2&sort_by=start_time&is_desc=true (Caused by NameResolutionError("HTTPSConnection(host='api-apne1.plaud.ai', port=443): Failed to resolve 'api-apne1.plaud.ai' ([Errno 8] nodename nor servname provided, or not known)"))

During handling of the above exception, another exception occurred:

Traceback (most recent call last):
  File "/Users/hiroshi/cursor/plaud_exports/plaud_export.py", line 322, in <module>
    main()
  File "/Users/hiroshi/cursor/plaud_exports/plaud_export.py", line 255, in main
    files = list_files(args.token, args.limit)
  File "/Users/hiroshi/cursor/plaud_exports/plaud_export.py", line 173, in list_files
    response = requests.get(url, headers=headers, params=params)
  File "/Users/hiroshi/Library/Python/3.9/lib/python/site-packages/requests/api.py", line 73, in get
    return request("get", url, params=params, **kwargs)
  File "/Users/hiroshi/Library/Python/3.9/lib/python/site-packages/requests/api.py", line 59, in request
    return session.request(method=method, url=url, **kwargs)
  File "/Users/hiroshi/Library/Python/3.9/lib/python/site-packages/requests/sessions.py", line 589, in request
    resp = self.send(prep, **send_kwargs)
  File "/Users/hiroshi/Library/Python/3.9/lib/python/site-packages/requests/sessions.py", line 703, in send
    r = adapter.send(request, **kwargs)
  File "/Users/hiroshi/Library/Python/3.9/lib/python/site-packages/requests/adapters.py", line 677, in send
    raise ConnectionError(e, request=request)
requests.exceptions.ConnectionError: HTTPSConnectionPool(host='api-apne1.plaud.ai', port=443): Max retries exceeded with url: /file/simple/web?skip=0&limit=50&is_trash=2&sort_by=start_time&is_desc=true (Caused by NameResolutionError("HTTPSConnection(host='api-apne1.plaud.ai', port=443): Failed to resolve 'api-apne1.plaud.ai' ([Errno 8] nodename nor servname provided, or not known)"))
[2026-04-28 16:33:44] ERROR: Auto export failed with exit code 1
[2026-04-28 20:33:06] Starting auto export...
/Users/hiroshi/Library/Python/3.9/lib/python/site-packages/urllib3/__init__.py:35: NotOpenSSLWarning: urllib3 v2 only supports OpenSSL 1.1.1+, currently the 'ssl' module is compiled with 'LibreSSL 2.8.3'. See: https://github.com/urllib3/urllib3/issues/3020
  warnings.warn(
Running in AUTO mode...
Found 7 new files out of 50 total.
Skipping 2026-04-13 18:18:23 (edb15544894f4a75951777628db1b4b7) - AI processing not yet complete.
Skipping 2026-03-15 16:23:06 (f741ea39d62b8cce8461e71de8006d15) - AI processing not yet complete.
Skipping 2026-03-12 10:00:47 (f4d99481d2520131e1fe9d35142bd876) - AI processing not yet complete.
Skipping 2026-03-03 11:40:52 (5ee14a603a0eb00dc0cd014131634a49) - AI processing not yet complete.
Skipping 2026-03-02 22:55:37 (f8e768606308a898b656297de98ecdf0) - AI processing not yet complete.
Skipping 2026-03-02 18:19:41 (e2e964c6239c49aa1ac0d62fa7a9b149) - AI processing not yet complete.
Skipping 2026-02-22 03:25:10 (2091a2244a8f229875ad1e486c0de2a0) - AI processing not yet complete.
Auto mode complete.
[2026-04-28 20:33:06] Auto export completed successfully.
[2026-04-28 21:33:07] Starting auto export...
/Users/hiroshi/Library/Python/3.9/lib/python/site-packages/urllib3/__init__.py:35: NotOpenSSLWarning: urllib3 v2 only supports OpenSSL 1.1.1+, currently the 'ssl' module is compiled with 'LibreSSL 2.8.3'. See: https://github.com/urllib3/urllib3/issues/3020
  warnings.warn(
Running in AUTO mode...
Traceback (most recent call last):
  File "/Users/hiroshi/Library/Python/3.9/lib/python/site-packages/urllib3/connection.py", line 204, in _new_conn
    sock = connection.create_connection(
  File "/Users/hiroshi/Library/Python/3.9/lib/python/site-packages/urllib3/util/connection.py", line 60, in create_connection
    for res in socket.getaddrinfo(host, port, family, socket.SOCK_STREAM):
  File "/Library/Developer/CommandLineTools/Library/Frameworks/Python3.framework/Versions/3.9/lib/python3.9/socket.py", line 953, in getaddrinfo
    for res in _socket.getaddrinfo(host, port, family, type, proto, flags):
socket.gaierror: [Errno 8] nodename nor servname provided, or not known

The above exception was the direct cause of the following exception:

Traceback (most recent call last):
  File "/Users/hiroshi/Library/Python/3.9/lib/python/site-packages/urllib3/connectionpool.py", line 787, in urlopen
    response = self._make_request(
  File "/Users/hiroshi/Library/Python/3.9/lib/python/site-packages/urllib3/connectionpool.py", line 488, in _make_request
    raise new_e
  File "/Users/hiroshi/Library/Python/3.9/lib/python/site-packages/urllib3/connectionpool.py", line 464, in _make_request
    self._validate_conn(conn)
  File "/Users/hiroshi/Library/Python/3.9/lib/python/site-packages/urllib3/connectionpool.py", line 1093, in _validate_conn
    conn.connect()
  File "/Users/hiroshi/Library/Python/3.9/lib/python/site-packages/urllib3/connection.py", line 759, in connect
    self.sock = sock = self._new_conn()
  File "/Users/hiroshi/Library/Python/3.9/lib/python/site-packages/urllib3/connection.py", line 211, in _new_conn
    raise NameResolutionError(self.host, self, e) from e
urllib3.exceptions.NameResolutionError: HTTPSConnection(host='api-apne1.plaud.ai', port=443): Failed to resolve 'api-apne1.plaud.ai' ([Errno 8] nodename nor servname provided, or not known)

The above exception was the direct cause of the following exception:

Traceback (most recent call last):
  File "/Users/hiroshi/Library/Python/3.9/lib/python/site-packages/requests/adapters.py", line 644, in send
    resp = conn.urlopen(
  File "/Users/hiroshi/Library/Python/3.9/lib/python/site-packages/urllib3/connectionpool.py", line 841, in urlopen
    retries = retries.increment(
  File "/Users/hiroshi/Library/Python/3.9/lib/python/site-packages/urllib3/util/retry.py", line 519, in increment
    raise MaxRetryError(_pool, url, reason) from reason  # type: ignore[arg-type]
urllib3.exceptions.MaxRetryError: HTTPSConnectionPool(host='api-apne1.plaud.ai', port=443): Max retries exceeded with url: /file/simple/web?skip=0&limit=50&is_trash=2&sort_by=start_time&is_desc=true (Caused by NameResolutionError("HTTPSConnection(host='api-apne1.plaud.ai', port=443): Failed to resolve 'api-apne1.plaud.ai' ([Errno 8] nodename nor servname provided, or not known)"))

During handling of the above exception, another exception occurred:

Traceback (most recent call last):
  File "/Users/hiroshi/cursor/plaud_exports/plaud_export.py", line 322, in <module>
    main()
  File "/Users/hiroshi/cursor/plaud_exports/plaud_export.py", line 255, in main
    files = list_files(args.token, args.limit)
  File "/Users/hiroshi/cursor/plaud_exports/plaud_export.py", line 173, in list_files
    response = requests.get(url, headers=headers, params=params)
  File "/Users/hiroshi/Library/Python/3.9/lib/python/site-packages/requests/api.py", line 73, in get
    return request("get", url, params=params, **kwargs)
  File "/Users/hiroshi/Library/Python/3.9/lib/python/site-packages/requests/api.py", line 59, in request
    return session.request(method=method, url=url, **kwargs)
  File "/Users/hiroshi/Library/Python/3.9/lib/python/site-packages/requests/sessions.py", line 589, in request
    resp = self.send(prep, **send_kwargs)
  File "/Users/hiroshi/Library/Python/3.9/lib/python/site-packages/requests/sessions.py", line 703, in send
    r = adapter.send(request, **kwargs)
  File "/Users/hiroshi/Library/Python/3.9/lib/python/site-packages/requests/adapters.py", line 677, in send
    raise ConnectionError(e, request=request)
requests.exceptions.ConnectionError: HTTPSConnectionPool(host='api-apne1.plaud.ai', port=443): Max retries exceeded with url: /file/simple/web?skip=0&limit=50&is_trash=2&sort_by=start_time&is_desc=true (Caused by NameResolutionError("HTTPSConnection(host='api-apne1.plaud.ai', port=443): Failed to resolve 'api-apne1.plaud.ai' ([Errno 8] nodename nor servname provided, or not known)"))
[2026-04-28 21:33:07] ERROR: Auto export failed with exit code 1
[2026-04-28 22:33:07] Starting auto export...
/Users/hiroshi/Library/Python/3.9/lib/python/site-packages/urllib3/__init__.py:35: NotOpenSSLWarning: urllib3 v2 only supports OpenSSL 1.1.1+, currently the 'ssl' module is compiled with 'LibreSSL 2.8.3'. See: https://github.com/urllib3/urllib3/issues/3020
  warnings.warn(
Running in AUTO mode...
Traceback (most recent call last):
  File "/Users/hiroshi/Library/Python/3.9/lib/python/site-packages/urllib3/connection.py", line 204, in _new_conn
    sock = connection.create_connection(
  File "/Users/hiroshi/Library/Python/3.9/lib/python/site-packages/urllib3/util/connection.py", line 60, in create_connection
    for res in socket.getaddrinfo(host, port, family, socket.SOCK_STREAM):
  File "/Library/Developer/CommandLineTools/Library/Frameworks/Python3.framework/Versions/3.9/lib/python3.9/socket.py", line 953, in getaddrinfo
    for res in _socket.getaddrinfo(host, port, family, type, proto, flags):
socket.gaierror: [Errno 8] nodename nor servname provided, or not known

The above exception was the direct cause of the following exception:

Traceback (most recent call last):
  File "/Users/hiroshi/Library/Python/3.9/lib/python/site-packages/urllib3/connectionpool.py", line 787, in urlopen
    response = self._make_request(
  File "/Users/hiroshi/Library/Python/3.9/lib/python/site-packages/urllib3/connectionpool.py", line 488, in _make_request
    raise new_e
  File "/Users/hiroshi/Library/Python/3.9/lib/python/site-packages/urllib3/connectionpool.py", line 464, in _make_request
    self._validate_conn(conn)
  File "/Users/hiroshi/Library/Python/3.9/lib/python/site-packages/urllib3/connectionpool.py", line 1093, in _validate_conn
    conn.connect()
  File "/Users/hiroshi/Library/Python/3.9/lib/python/site-packages/urllib3/connection.py", line 759, in connect
    self.sock = sock = self._new_conn()
  File "/Users/hiroshi/Library/Python/3.9/lib/python/site-packages/urllib3/connection.py", line 211, in _new_conn
    raise NameResolutionError(self.host, self, e) from e
urllib3.exceptions.NameResolutionError: HTTPSConnection(host='api-apne1.plaud.ai', port=443): Failed to resolve 'api-apne1.plaud.ai' ([Errno 8] nodename nor servname provided, or not known)

The above exception was the direct cause of the following exception:

Traceback (most recent call last):
  File "/Users/hiroshi/Library/Python/3.9/lib/python/site-packages/requests/adapters.py", line 644, in send
    resp = conn.urlopen(
  File "/Users/hiroshi/Library/Python/3.9/lib/python/site-packages/urllib3/connectionpool.py", line 841, in urlopen
    retries = retries.increment(
  File "/Users/hiroshi/Library/Python/3.9/lib/python/site-packages/urllib3/util/retry.py", line 519, in increment
    raise MaxRetryError(_pool, url, reason) from reason  # type: ignore[arg-type]
urllib3.exceptions.MaxRetryError: HTTPSConnectionPool(host='api-apne1.plaud.ai', port=443): Max retries exceeded with url: /file/simple/web?skip=0&limit=50&is_trash=2&sort_by=start_time&is_desc=true (Caused by NameResolutionError("HTTPSConnection(host='api-apne1.plaud.ai', port=443): Failed to resolve 'api-apne1.plaud.ai' ([Errno 8] nodename nor servname provided, or not known)"))

During handling of the above exception, another exception occurred:

Traceback (most recent call last):
  File "/Users/hiroshi/cursor/plaud_exports/plaud_export.py", line 322, in <module>
    main()
  File "/Users/hiroshi/cursor/plaud_exports/plaud_export.py", line 255, in main
    files = list_files(args.token, args.limit)
  File "/Users/hiroshi/cursor/plaud_exports/plaud_export.py", line 173, in list_files
    response = requests.get(url, headers=headers, params=params)
  File "/Users/hiroshi/Library/Python/3.9/lib/python/site-packages/requests/api.py", line 73, in get
    return request("get", url, params=params, **kwargs)
  File "/Users/hiroshi/Library/Python/3.9/lib/python/site-packages/requests/api.py", line 59, in request
    return session.request(method=method, url=url, **kwargs)
  File "/Users/hiroshi/Library/Python/3.9/lib/python/site-packages/requests/sessions.py", line 589, in request
    resp = self.send(prep, **send_kwargs)
  File "/Users/hiroshi/Library/Python/3.9/lib/python/site-packages/requests/sessions.py", line 703, in send
    r = adapter.send(request, **kwargs)
  File "/Users/hiroshi/Library/Python/3.9/lib/python/site-packages/requests/adapters.py", line 677, in send
    raise ConnectionError(e, request=request)
requests.exceptions.ConnectionError: HTTPSConnectionPool(host='api-apne1.plaud.ai', port=443): Max retries exceeded with url: /file/simple/web?skip=0&limit=50&is_trash=2&sort_by=start_time&is_desc=true (Caused by NameResolutionError("HTTPSConnection(host='api-apne1.plaud.ai', port=443): Failed to resolve 'api-apne1.plaud.ai' ([Errno 8] nodename nor servname provided, or not known)"))
[2026-04-28 22:33:07] ERROR: Auto export failed with exit code 1
[2026-04-28 23:33:07] Starting auto export...
/Users/hiroshi/Library/Python/3.9/lib/python/site-packages/urllib3/__init__.py:35: NotOpenSSLWarning: urllib3 v2 only supports OpenSSL 1.1.1+, currently the 'ssl' module is compiled with 'LibreSSL 2.8.3'. See: https://github.com/urllib3/urllib3/issues/3020
  warnings.warn(
Running in AUTO mode...
Traceback (most recent call last):
  File "/Users/hiroshi/Library/Python/3.9/lib/python/site-packages/urllib3/connection.py", line 204, in _new_conn
    sock = connection.create_connection(
  File "/Users/hiroshi/Library/Python/3.9/lib/python/site-packages/urllib3/util/connection.py", line 60, in create_connection
    for res in socket.getaddrinfo(host, port, family, socket.SOCK_STREAM):
  File "/Library/Developer/CommandLineTools/Library/Frameworks/Python3.framework/Versions/3.9/lib/python3.9/socket.py", line 953, in getaddrinfo
    for res in _socket.getaddrinfo(host, port, family, type, proto, flags):
socket.gaierror: [Errno 8] nodename nor servname provided, or not known

The above exception was the direct cause of the following exception:

Traceback (most recent call last):
  File "/Users/hiroshi/Library/Python/3.9/lib/python/site-packages/urllib3/connectionpool.py", line 787, in urlopen
    response = self._make_request(
  File "/Users/hiroshi/Library/Python/3.9/lib/python/site-packages/urllib3/connectionpool.py", line 488, in _make_request
    raise new_e
  File "/Users/hiroshi/Library/Python/3.9/lib/python/site-packages/urllib3/connectionpool.py", line 464, in _make_request
    self._validate_conn(conn)
  File "/Users/hiroshi/Library/Python/3.9/lib/python/site-packages/urllib3/connectionpool.py", line 1093, in _validate_conn
    conn.connect()
  File "/Users/hiroshi/Library/Python/3.9/lib/python/site-packages/urllib3/connection.py", line 759, in connect
    self.sock = sock = self._new_conn()
  File "/Users/hiroshi/Library/Python/3.9/lib/python/site-packages/urllib3/connection.py", line 211, in _new_conn
    raise NameResolutionError(self.host, self, e) from e
urllib3.exceptions.NameResolutionError: HTTPSConnection(host='api-apne1.plaud.ai', port=443): Failed to resolve 'api-apne1.plaud.ai' ([Errno 8] nodename nor servname provided, or not known)

The above exception was the direct cause of the following exception:

Traceback (most recent call last):
  File "/Users/hiroshi/Library/Python/3.9/lib/python/site-packages/requests/adapters.py", line 644, in send
    resp = conn.urlopen(
  File "/Users/hiroshi/Library/Python/3.9/lib/python/site-packages/urllib3/connectionpool.py", line 841, in urlopen
    retries = retries.increment(
  File "/Users/hiroshi/Library/Python/3.9/lib/python/site-packages/urllib3/util/retry.py", line 519, in increment
    raise MaxRetryError(_pool, url, reason) from reason  # type: ignore[arg-type]
urllib3.exceptions.MaxRetryError: HTTPSConnectionPool(host='api-apne1.plaud.ai', port=443): Max retries exceeded with url: /file/simple/web?skip=0&limit=50&is_trash=2&sort_by=start_time&is_desc=true (Caused by NameResolutionError("HTTPSConnection(host='api-apne1.plaud.ai', port=443): Failed to resolve 'api-apne1.plaud.ai' ([Errno 8] nodename nor servname provided, or not known)"))

During handling of the above exception, another exception occurred:

Traceback (most recent call last):
  File "/Users/hiroshi/cursor/plaud_exports/plaud_export.py", line 322, in <module>
    main()
  File "/Users/hiroshi/cursor/plaud_exports/plaud_export.py", line 255, in main
    files = list_files(args.token, args.limit)
  File "/Users/hiroshi/cursor/plaud_exports/plaud_export.py", line 173, in list_files
    response = requests.get(url, headers=headers, params=params)
  File "/Users/hiroshi/Library/Python/3.9/lib/python/site-packages/requests/api.py", line 73, in get
    return request("get", url, params=params, **kwargs)
  File "/Users/hiroshi/Library/Python/3.9/lib/python/site-packages/requests/api.py", line 59, in request
    return session.request(method=method, url=url, **kwargs)
  File "/Users/hiroshi/Library/Python/3.9/lib/python/site-packages/requests/sessions.py", line 589, in request
    resp = self.send(prep, **send_kwargs)
  File "/Users/hiroshi/Library/Python/3.9/lib/python/site-packages/requests/sessions.py", line 703, in send
    r = adapter.send(request, **kwargs)
  File "/Users/hiroshi/Library/Python/3.9/lib/python/site-packages/requests/adapters.py", line 677, in send
    raise ConnectionError(e, request=request)
requests.exceptions.ConnectionError: HTTPSConnectionPool(host='api-apne1.plaud.ai', port=443): Max retries exceeded with url: /file/simple/web?skip=0&limit=50&is_trash=2&sort_by=start_time&is_desc=true (Caused by NameResolutionError("HTTPSConnection(host='api-apne1.plaud.ai', port=443): Failed to resolve 'api-apne1.plaud.ai' ([Errno 8] nodename nor servname provided, or not known)"))
[2026-04-28 23:33:07] ERROR: Auto export failed with exit code 1
[2026-04-29 00:33:07] Starting auto export...
/Users/hiroshi/Library/Python/3.9/lib/python/site-packages/urllib3/__init__.py:35: NotOpenSSLWarning: urllib3 v2 only supports OpenSSL 1.1.1+, currently the 'ssl' module is compiled with 'LibreSSL 2.8.3'. See: https://github.com/urllib3/urllib3/issues/3020
  warnings.warn(
Running in AUTO mode...
Traceback (most recent call last):
  File "/Users/hiroshi/Library/Python/3.9/lib/python/site-packages/urllib3/connection.py", line 204, in _new_conn
    sock = connection.create_connection(
  File "/Users/hiroshi/Library/Python/3.9/lib/python/site-packages/urllib3/util/connection.py", line 60, in create_connection
    for res in socket.getaddrinfo(host, port, family, socket.SOCK_STREAM):
  File "/Library/Developer/CommandLineTools/Library/Frameworks/Python3.framework/Versions/3.9/lib/python3.9/socket.py", line 953, in getaddrinfo
    for res in _socket.getaddrinfo(host, port, family, type, proto, flags):
socket.gaierror: [Errno 8] nodename nor servname provided, or not known

The above exception was the direct cause of the following exception:

Traceback (most recent call last):
  File "/Users/hiroshi/Library/Python/3.9/lib/python/site-packages/urllib3/connectionpool.py", line 787, in urlopen
    response = self._make_request(
  File "/Users/hiroshi/Library/Python/3.9/lib/python/site-packages/urllib3/connectionpool.py", line 488, in _make_request
    raise new_e
  File "/Users/hiroshi/Library/Python/3.9/lib/python/site-packages/urllib3/connectionpool.py", line 464, in _make_request
    self._validate_conn(conn)
  File "/Users/hiroshi/Library/Python/3.9/lib/python/site-packages/urllib3/connectionpool.py", line 1093, in _validate_conn
    conn.connect()
  File "/Users/hiroshi/Library/Python/3.9/lib/python/site-packages/urllib3/connection.py", line 759, in connect
    self.sock = sock = self._new_conn()
  File "/Users/hiroshi/Library/Python/3.9/lib/python/site-packages/urllib3/connection.py", line 211, in _new_conn
    raise NameResolutionError(self.host, self, e) from e
urllib3.exceptions.NameResolutionError: HTTPSConnection(host='api-apne1.plaud.ai', port=443): Failed to resolve 'api-apne1.plaud.ai' ([Errno 8] nodename nor servname provided, or not known)

The above exception was the direct cause of the following exception:

Traceback (most recent call last):
  File "/Users/hiroshi/Library/Python/3.9/lib/python/site-packages/requests/adapters.py", line 644, in send
    resp = conn.urlopen(
  File "/Users/hiroshi/Library/Python/3.9/lib/python/site-packages/urllib3/connectionpool.py", line 841, in urlopen
    retries = retries.increment(
  File "/Users/hiroshi/Library/Python/3.9/lib/python/site-packages/urllib3/util/retry.py", line 519, in increment
    raise MaxRetryError(_pool, url, reason) from reason  # type: ignore[arg-type]
urllib3.exceptions.MaxRetryError: HTTPSConnectionPool(host='api-apne1.plaud.ai', port=443): Max retries exceeded with url: /file/simple/web?skip=0&limit=50&is_trash=2&sort_by=start_time&is_desc=true (Caused by NameResolutionError("HTTPSConnection(host='api-apne1.plaud.ai', port=443): Failed to resolve 'api-apne1.plaud.ai' ([Errno 8] nodename nor servname provided, or not known)"))

During handling of the above exception, another exception occurred:

Traceback (most recent call last):
  File "/Users/hiroshi/cursor/plaud_exports/plaud_export.py", line 322, in <module>
    main()
  File "/Users/hiroshi/cursor/plaud_exports/plaud_export.py", line 255, in main
    files = list_files(args.token, args.limit)
  File "/Users/hiroshi/cursor/plaud_exports/plaud_export.py", line 173, in list_files
    response = requests.get(url, headers=headers, params=params)
  File "/Users/hiroshi/Library/Python/3.9/lib/python/site-packages/requests/api.py", line 73, in get
    return request("get", url, params=params, **kwargs)
  File "/Users/hiroshi/Library/Python/3.9/lib/python/site-packages/requests/api.py", line 59, in request
    return session.request(method=method, url=url, **kwargs)
  File "/Users/hiroshi/Library/Python/3.9/lib/python/site-packages/requests/sessions.py", line 589, in request
    resp = self.send(prep, **send_kwargs)
  File "/Users/hiroshi/Library/Python/3.9/lib/python/site-packages/requests/sessions.py", line 703, in send
    r = adapter.send(request, **kwargs)
  File "/Users/hiroshi/Library/Python/3.9/lib/python/site-packages/requests/adapters.py", line 677, in send
    raise ConnectionError(e, request=request)
requests.exceptions.ConnectionError: HTTPSConnectionPool(host='api-apne1.plaud.ai', port=443): Max retries exceeded with url: /file/simple/web?skip=0&limit=50&is_trash=2&sort_by=start_time&is_desc=true (Caused by NameResolutionError("HTTPSConnection(host='api-apne1.plaud.ai', port=443): Failed to resolve 'api-apne1.plaud.ai' ([Errno 8] nodename nor servname provided, or not known)"))
[2026-04-29 00:33:07] ERROR: Auto export failed with exit code 1
[2026-04-29 01:33:09] Starting auto export...
/Users/hiroshi/Library/Python/3.9/lib/python/site-packages/urllib3/__init__.py:35: NotOpenSSLWarning: urllib3 v2 only supports OpenSSL 1.1.1+, currently the 'ssl' module is compiled with 'LibreSSL 2.8.3'. See: https://github.com/urllib3/urllib3/issues/3020
  warnings.warn(
Running in AUTO mode...
Found 7 new files out of 50 total.
Skipping 2026-04-13 18:18:23 (edb15544894f4a75951777628db1b4b7) - AI processing not yet complete.
Skipping 2026-03-15 16:23:06 (f741ea39d62b8cce8461e71de8006d15) - AI processing not yet complete.
Skipping 2026-03-12 10:00:47 (f4d99481d2520131e1fe9d35142bd876) - AI processing not yet complete.
Skipping 2026-03-03 11:40:52 (5ee14a603a0eb00dc0cd014131634a49) - AI processing not yet complete.
Skipping 2026-03-02 22:55:37 (f8e768606308a898b656297de98ecdf0) - AI processing not yet complete.
Skipping 2026-03-02 18:19:41 (e2e964c6239c49aa1ac0d62fa7a9b149) - AI processing not yet complete.
Skipping 2026-02-22 03:25:10 (2091a2244a8f229875ad1e486c0de2a0) - AI processing not yet complete.
Auto mode complete.
[2026-04-29 01:33:10] Auto export completed successfully.
[2026-04-29 02:33:11] Starting auto export...
/Users/hiroshi/Library/Python/3.9/lib/python/site-packages/urllib3/__init__.py:35: NotOpenSSLWarning: urllib3 v2 only supports OpenSSL 1.1.1+, currently the 'ssl' module is compiled with 'LibreSSL 2.8.3'. See: https://github.com/urllib3/urllib3/issues/3020
  warnings.warn(
Running in AUTO mode...
Found 7 new files out of 50 total.
Skipping 2026-04-13 18:18:23 (edb15544894f4a75951777628db1b4b7) - AI processing not yet complete.
Skipping 2026-03-15 16:23:06 (f741ea39d62b8cce8461e71de8006d15) - AI processing not yet complete.
Skipping 2026-03-12 10:00:47 (f4d99481d2520131e1fe9d35142bd876) - AI processing not yet complete.
Skipping 2026-03-03 11:40:52 (5ee14a603a0eb00dc0cd014131634a49) - AI processing not yet complete.
Skipping 2026-03-02 22:55:37 (f8e768606308a898b656297de98ecdf0) - AI processing not yet complete.
Skipping 2026-03-02 18:19:41 (e2e964c6239c49aa1ac0d62fa7a9b149) - AI processing not yet complete.
Skipping 2026-02-22 03:25:10 (2091a2244a8f229875ad1e486c0de2a0) - AI processing not yet complete.
Auto mode complete.
[2026-04-29 02:33:12] Auto export completed successfully.
[2026-04-29 03:33:12] Starting auto export...
/Users/hiroshi/Library/Python/3.9/lib/python/site-packages/urllib3/__init__.py:35: NotOpenSSLWarning: urllib3 v2 only supports OpenSSL 1.1.1+, currently the 'ssl' module is compiled with 'LibreSSL 2.8.3'. See: https://github.com/urllib3/urllib3/issues/3020
  warnings.warn(
Running in AUTO mode...
Found 7 new files out of 50 total.
Skipping 2026-04-13 18:18:23 (edb15544894f4a75951777628db1b4b7) - AI processing not yet complete.
Skipping 2026-03-15 16:23:06 (f741ea39d62b8cce8461e71de8006d15) - AI processing not yet complete.
Skipping 2026-03-12 10:00:47 (f4d99481d2520131e1fe9d35142bd876) - AI processing not yet complete.
Skipping 2026-03-03 11:40:52 (5ee14a603a0eb00dc0cd014131634a49) - AI processing not yet complete.
Skipping 2026-03-02 22:55:37 (f8e768606308a898b656297de98ecdf0) - AI processing not yet complete.
Skipping 2026-03-02 18:19:41 (e2e964c6239c49aa1ac0d62fa7a9b149) - AI processing not yet complete.
Skipping 2026-02-22 03:25:10 (2091a2244a8f229875ad1e486c0de2a0) - AI processing not yet complete.
Auto mode complete.
[2026-04-29 03:33:13] Auto export completed successfully.
[2026-04-29 04:33:13] Starting auto export...
/Users/hiroshi/Library/Python/3.9/lib/python/site-packages/urllib3/__init__.py:35: NotOpenSSLWarning: urllib3 v2 only supports OpenSSL 1.1.1+, currently the 'ssl' module is compiled with 'LibreSSL 2.8.3'. See: https://github.com/urllib3/urllib3/issues/3020
  warnings.warn(
Running in AUTO mode...
Found 7 new files out of 50 total.
Skipping 2026-04-13 18:18:23 (edb15544894f4a75951777628db1b4b7) - AI processing not yet complete.
Skipping 2026-03-15 16:23:06 (f741ea39d62b8cce8461e71de8006d15) - AI processing not yet complete.
Skipping 2026-03-12 10:00:47 (f4d99481d2520131e1fe9d35142bd876) - AI processing not yet complete.
Skipping 2026-03-03 11:40:52 (5ee14a603a0eb00dc0cd014131634a49) - AI processing not yet complete.
Skipping 2026-03-02 22:55:37 (f8e768606308a898b656297de98ecdf0) - AI processing not yet complete.
Skipping 2026-03-02 18:19:41 (e2e964c6239c49aa1ac0d62fa7a9b149) - AI processing not yet complete.
Skipping 2026-02-22 03:25:10 (2091a2244a8f229875ad1e486c0de2a0) - AI processing not yet complete.
Auto mode complete.
[2026-04-29 04:33:14] Auto export completed successfully.
[2026-04-29 05:33:14] Starting auto export...
/Users/hiroshi/Library/Python/3.9/lib/python/site-packages/urllib3/__init__.py:35: NotOpenSSLWarning: urllib3 v2 only supports OpenSSL 1.1.1+, currently the 'ssl' module is compiled with 'LibreSSL 2.8.3'. See: https://github.com/urllib3/urllib3/issues/3020
  warnings.warn(
Running in AUTO mode...
Found 7 new files out of 50 total.
Skipping 2026-04-13 18:18:23 (edb15544894f4a75951777628db1b4b7) - AI processing not yet complete.
Skipping 2026-03-15 16:23:06 (f741ea39d62b8cce8461e71de8006d15) - AI processing not yet complete.
Skipping 2026-03-12 10:00:47 (f4d99481d2520131e1fe9d35142bd876) - AI processing not yet complete.
Skipping 2026-03-03 11:40:52 (5ee14a603a0eb00dc0cd014131634a49) - AI processing not yet complete.
Skipping 2026-03-02 22:55:37 (f8e768606308a898b656297de98ecdf0) - AI processing not yet complete.
Skipping 2026-03-02 18:19:41 (e2e964c6239c49aa1ac0d62fa7a9b149) - AI processing not yet complete.
Skipping 2026-02-22 03:25:10 (2091a2244a8f229875ad1e486c0de2a0) - AI processing not yet complete.
Auto mode complete.
[2026-04-29 05:33:15] Auto export completed successfully.
[2026-04-29 06:33:15] Starting auto export...
/Users/hiroshi/Library/Python/3.9/lib/python/site-packages/urllib3/__init__.py:35: NotOpenSSLWarning: urllib3 v2 only supports OpenSSL 1.1.1+, currently the 'ssl' module is compiled with 'LibreSSL 2.8.3'. See: https://github.com/urllib3/urllib3/issues/3020
  warnings.warn(
Running in AUTO mode...
Found 7 new files out of 50 total.
Skipping 2026-04-13 18:18:23 (edb15544894f4a75951777628db1b4b7) - AI processing not yet complete.
Skipping 2026-03-15 16:23:06 (f741ea39d62b8cce8461e71de8006d15) - AI processing not yet complete.
Skipping 2026-03-12 10:00:47 (f4d99481d2520131e1fe9d35142bd876) - AI processing not yet complete.
Skipping 2026-03-03 11:40:52 (5ee14a603a0eb00dc0cd014131634a49) - AI processing not yet complete.
Skipping 2026-03-02 22:55:37 (f8e768606308a898b656297de98ecdf0) - AI processing not yet complete.
Skipping 2026-03-02 18:19:41 (e2e964c6239c49aa1ac0d62fa7a9b149) - AI processing not yet complete.
Skipping 2026-02-22 03:25:10 (2091a2244a8f229875ad1e486c0de2a0) - AI processing not yet complete.
Auto mode complete.
[2026-04-29 06:33:16] Auto export completed successfully.
[2026-04-29 07:33:16] Starting auto export...
/Users/hiroshi/Library/Python/3.9/lib/python/site-packages/urllib3/__init__.py:35: NotOpenSSLWarning: urllib3 v2 only supports OpenSSL 1.1.1+, currently the 'ssl' module is compiled with 'LibreSSL 2.8.3'. See: https://github.com/urllib3/urllib3/issues/3020
  warnings.warn(
Running in AUTO mode...
Found 7 new files out of 50 total.
Skipping 2026-04-13 18:18:23 (edb15544894f4a75951777628db1b4b7) - AI processing not yet complete.
Skipping 2026-03-15 16:23:06 (f741ea39d62b8cce8461e71de8006d15) - AI processing not yet complete.
Skipping 2026-03-12 10:00:47 (f4d99481d2520131e1fe9d35142bd876) - AI processing not yet complete.
Skipping 2026-03-03 11:40:52 (5ee14a603a0eb00dc0cd014131634a49) - AI processing not yet complete.
Skipping 2026-03-02 22:55:37 (f8e768606308a898b656297de98ecdf0) - AI processing not yet complete.
Skipping 2026-03-02 18:19:41 (e2e964c6239c49aa1ac0d62fa7a9b149) - AI processing not yet complete.
Skipping 2026-02-22 03:25:10 (2091a2244a8f229875ad1e486c0de2a0) - AI processing not yet complete.
Auto mode complete.
[2026-04-29 07:33:17] Auto export completed successfully.
[2026-04-29 08:33:17] Starting auto export...
/Users/hiroshi/Library/Python/3.9/lib/python/site-packages/urllib3/__init__.py:35: NotOpenSSLWarning: urllib3 v2 only supports OpenSSL 1.1.1+, currently the 'ssl' module is compiled with 'LibreSSL 2.8.3'. See: https://github.com/urllib3/urllib3/issues/3020
  warnings.warn(
Running in AUTO mode...
Found 7 new files out of 50 total.
Skipping 2026-04-13 18:18:23 (edb15544894f4a75951777628db1b4b7) - AI processing not yet complete.
Skipping 2026-03-15 16:23:06 (f741ea39d62b8cce8461e71de8006d15) - AI processing not yet complete.
Skipping 2026-03-12 10:00:47 (f4d99481d2520131e1fe9d35142bd876) - AI processing not yet complete.
Skipping 2026-03-03 11:40:52 (5ee14a603a0eb00dc0cd014131634a49) - AI processing not yet complete.
Skipping 2026-03-02 22:55:37 (f8e768606308a898b656297de98ecdf0) - AI processing not yet complete.
Skipping 2026-03-02 18:19:41 (e2e964c6239c49aa1ac0d62fa7a9b149) - AI processing not yet complete.
Skipping 2026-02-22 03:25:10 (2091a2244a8f229875ad1e486c0de2a0) - AI processing not yet complete.
Auto mode complete.
[2026-04-29 08:33:18] Auto export completed successfully.
[2026-04-29 09:33:18] Starting auto export...
/Users/hiroshi/Library/Python/3.9/lib/python/site-packages/urllib3/__init__.py:35: NotOpenSSLWarning: urllib3 v2 only supports OpenSSL 1.1.1+, currently the 'ssl' module is compiled with 'LibreSSL 2.8.3'. See: https://github.com/urllib3/urllib3/issues/3020
  warnings.warn(
Running in AUTO mode...
Found 7 new files out of 50 total.
Skipping 2026-04-13 18:18:23 (edb15544894f4a75951777628db1b4b7) - AI processing not yet complete.
Skipping 2026-03-15 16:23:06 (f741ea39d62b8cce8461e71de8006d15) - AI processing not yet complete.
Skipping 2026-03-12 10:00:47 (f4d99481d2520131e1fe9d35142bd876) - AI processing not yet complete.
Skipping 2026-03-03 11:40:52 (5ee14a603a0eb00dc0cd014131634a49) - AI processing not yet complete.
Skipping 2026-03-02 22:55:37 (f8e768606308a898b656297de98ecdf0) - AI processing not yet complete.
Skipping 2026-03-02 18:19:41 (e2e964c6239c49aa1ac0d62fa7a9b149) - AI processing not yet complete.
Skipping 2026-02-22 03:25:10 (2091a2244a8f229875ad1e486c0de2a0) - AI processing not yet complete.
Auto mode complete.
[2026-04-29 09:33:19] Auto export completed successfully.
[2026-04-29 10:33:19] Starting auto export...
/Users/hiroshi/Library/Python/3.9/lib/python/site-packages/urllib3/__init__.py:35: NotOpenSSLWarning: urllib3 v2 only supports OpenSSL 1.1.1+, currently the 'ssl' module is compiled with 'LibreSSL 2.8.3'. See: https://github.com/urllib3/urllib3/issues/3020
  warnings.warn(
Running in AUTO mode...
Found 7 new files out of 50 total.
Skipping 2026-04-13 18:18:23 (edb15544894f4a75951777628db1b4b7) - AI processing not yet complete.
Skipping 2026-03-15 16:23:06 (f741ea39d62b8cce8461e71de8006d15) - AI processing not yet complete.
Skipping 2026-03-12 10:00:47 (f4d99481d2520131e1fe9d35142bd876) - AI processing not yet complete.
Skipping 2026-03-03 11:40:52 (5ee14a603a0eb00dc0cd014131634a49) - AI processing not yet complete.
Skipping 2026-03-02 22:55:37 (f8e768606308a898b656297de98ecdf0) - AI processing not yet complete.
Skipping 2026-03-02 18:19:41 (e2e964c6239c49aa1ac0d62fa7a9b149) - AI processing not yet complete.
Skipping 2026-02-22 03:25:10 (2091a2244a8f229875ad1e486c0de2a0) - AI processing not yet complete.
Auto mode complete.
[2026-04-29 10:33:20] Auto export completed successfully.
[2026-04-29 11:33:20] Starting auto export...
/Users/hiroshi/Library/Python/3.9/lib/python/site-packages/urllib3/__init__.py:35: NotOpenSSLWarning: urllib3 v2 only supports OpenSSL 1.1.1+, currently the 'ssl' module is compiled with 'LibreSSL 2.8.3'. See: https://github.com/urllib3/urllib3/issues/3020
  warnings.warn(
Running in AUTO mode...
Found 7 new files out of 50 total.
Skipping 2026-04-13 18:18:23 (edb15544894f4a75951777628db1b4b7) - AI processing not yet complete.
Skipping 2026-03-15 16:23:06 (f741ea39d62b8cce8461e71de8006d15) - AI processing not yet complete.
Skipping 2026-03-12 10:00:47 (f4d99481d2520131e1fe9d35142bd876) - AI processing not yet complete.
Skipping 2026-03-03 11:40:52 (5ee14a603a0eb00dc0cd014131634a49) - AI processing not yet complete.
Skipping 2026-03-02 22:55:37 (f8e768606308a898b656297de98ecdf0) - AI processing not yet complete.
Skipping 2026-03-02 18:19:41 (e2e964c6239c49aa1ac0d62fa7a9b149) - AI processing not yet complete.
Skipping 2026-02-22 03:25:10 (2091a2244a8f229875ad1e486c0de2a0) - AI processing not yet complete.
Auto mode complete.
[2026-04-29 11:33:21] Auto export completed successfully.
[2026-04-29 12:33:21] Starting auto export...
/Users/hiroshi/Library/Python/3.9/lib/python/site-packages/urllib3/__init__.py:35: NotOpenSSLWarning: urllib3 v2 only supports OpenSSL 1.1.1+, currently the 'ssl' module is compiled with 'LibreSSL 2.8.3'. See: https://github.com/urllib3/urllib3/issues/3020
  warnings.warn(
Running in AUTO mode...
Found 7 new files out of 50 total.
Skipping 2026-04-13 18:18:23 (edb15544894f4a75951777628db1b4b7) - AI processing not yet complete.
Skipping 2026-03-15 16:23:06 (f741ea39d62b8cce8461e71de8006d15) - AI processing not yet complete.
Skipping 2026-03-12 10:00:47 (f4d99481d2520131e1fe9d35142bd876) - AI processing not yet complete.
Skipping 2026-03-03 11:40:52 (5ee14a603a0eb00dc0cd014131634a49) - AI processing not yet complete.
Skipping 2026-03-02 22:55:37 (f8e768606308a898b656297de98ecdf0) - AI processing not yet complete.
Skipping 2026-03-02 18:19:41 (e2e964c6239c49aa1ac0d62fa7a9b149) - AI processing not yet complete.
Skipping 2026-02-22 03:25:10 (2091a2244a8f229875ad1e486c0de2a0) - AI processing not yet complete.
Auto mode complete.
[2026-04-29 12:33:22] Auto export completed successfully.
[2026-04-29 13:33:22] Starting auto export...
/Users/hiroshi/Library/Python/3.9/lib/python/site-packages/urllib3/__init__.py:35: NotOpenSSLWarning: urllib3 v2 only supports OpenSSL 1.1.1+, currently the 'ssl' module is compiled with 'LibreSSL 2.8.3'. See: https://github.com/urllib3/urllib3/issues/3020
  warnings.warn(
Running in AUTO mode...
Found 7 new files out of 50 total.
Skipping 2026-04-13 18:18:23 (edb15544894f4a75951777628db1b4b7) - AI processing not yet complete.
Skipping 2026-03-15 16:23:06 (f741ea39d62b8cce8461e71de8006d15) - AI processing not yet complete.
Skipping 2026-03-12 10:00:47 (f4d99481d2520131e1fe9d35142bd876) - AI processing not yet complete.
Skipping 2026-03-03 11:40:52 (5ee14a603a0eb00dc0cd014131634a49) - AI processing not yet complete.
Skipping 2026-03-02 22:55:37 (f8e768606308a898b656297de98ecdf0) - AI processing not yet complete.
Skipping 2026-03-02 18:19:41 (e2e964c6239c49aa1ac0d62fa7a9b149) - AI processing not yet complete.
Skipping 2026-02-22 03:25:10 (2091a2244a8f229875ad1e486c0de2a0) - AI processing not yet complete.
Auto mode complete.
[2026-04-29 13:33:24] Auto export completed successfully.
[2026-04-29 17:12:37] Starting auto export...
/Users/hiroshi/Library/Python/3.9/lib/python/site-packages/urllib3/__init__.py:35: NotOpenSSLWarning: urllib3 v2 only supports OpenSSL 1.1.1+, currently the 'ssl' module is compiled with 'LibreSSL 2.8.3'. See: https://github.com/urllib3/urllib3/issues/3020
  warnings.warn(
Running in AUTO mode...
Found 7 new files out of 50 total.
Skipping 2026-04-13 18:18:23 (edb15544894f4a75951777628db1b4b7) - AI processing not yet complete.
Skipping 2026-03-15 16:23:06 (f741ea39d62b8cce8461e71de8006d15) - AI processing not yet complete.
Skipping 2026-03-12 10:00:47 (f4d99481d2520131e1fe9d35142bd876) - AI processing not yet complete.
Skipping 2026-03-03 11:40:52 (5ee14a603a0eb00dc0cd014131634a49) - AI processing not yet complete.
Skipping 2026-03-02 22:55:37 (f8e768606308a898b656297de98ecdf0) - AI processing not yet complete.
Skipping 2026-03-02 18:19:41 (e2e964c6239c49aa1ac0d62fa7a9b149) - AI processing not yet complete.
Skipping 2026-02-22 03:25:10 (2091a2244a8f229875ad1e486c0de2a0) - AI processing not yet complete.
Auto mode complete.
[2026-04-29 17:12:38] Auto export completed successfully.
[2026-04-29 18:12:38] Starting auto export...
/Users/hiroshi/Library/Python/3.9/lib/python/site-packages/urllib3/__init__.py:35: NotOpenSSLWarning: urllib3 v2 only supports OpenSSL 1.1.1+, currently the 'ssl' module is compiled with 'LibreSSL 2.8.3'. See: https://github.com/urllib3/urllib3/issues/3020
  warnings.warn(
Running in AUTO mode...
Found 7 new files out of 50 total.
Skipping 2026-04-13 18:18:23 (edb15544894f4a75951777628db1b4b7) - AI processing not yet complete.
Skipping 2026-03-15 16:23:06 (f741ea39d62b8cce8461e71de8006d15) - AI processing not yet complete.
Skipping 2026-03-12 10:00:47 (f4d99481d2520131e1fe9d35142bd876) - AI processing not yet complete.
Skipping 2026-03-03 11:40:52 (5ee14a603a0eb00dc0cd014131634a49) - AI processing not yet complete.
Skipping 2026-03-02 22:55:37 (f8e768606308a898b656297de98ecdf0) - AI processing not yet complete.
Skipping 2026-03-02 18:19:41 (e2e964c6239c49aa1ac0d62fa7a9b149) - AI processing not yet complete.
Skipping 2026-02-22 03:25:10 (2091a2244a8f229875ad1e486c0de2a0) - AI processing not yet complete.
Auto mode complete.
[2026-04-29 18:12:39] Auto export completed successfully.
[2026-04-29 19:12:39] Starting auto export...
/Users/hiroshi/Library/Python/3.9/lib/python/site-packages/urllib3/__init__.py:35: NotOpenSSLWarning: urllib3 v2 only supports OpenSSL 1.1.1+, currently the 'ssl' module is compiled with 'LibreSSL 2.8.3'. See: https://github.com/urllib3/urllib3/issues/3020
  warnings.warn(
Running in AUTO mode...
Found 7 new files out of 50 total.
Skipping 2026-04-13 18:18:23 (edb15544894f4a75951777628db1b4b7) - AI processing not yet complete.
Skipping 2026-03-15 16:23:06 (f741ea39d62b8cce8461e71de8006d15) - AI processing not yet complete.
Skipping 2026-03-12 10:00:47 (f4d99481d2520131e1fe9d35142bd876) - AI processing not yet complete.
Skipping 2026-03-03 11:40:52 (5ee14a603a0eb00dc0cd014131634a49) - AI processing not yet complete.
Skipping 2026-03-02 22:55:37 (f8e768606308a898b656297de98ecdf0) - AI processing not yet complete.
Skipping 2026-03-02 18:19:41 (e2e964c6239c49aa1ac0d62fa7a9b149) - AI processing not yet complete.
Skipping 2026-02-22 03:25:10 (2091a2244a8f229875ad1e486c0de2a0) - AI processing not yet complete.
Auto mode complete.
[2026-04-29 19:12:40] Auto export completed successfully.
[2026-04-29 20:12:40] Starting auto export...
/Users/hiroshi/Library/Python/3.9/lib/python/site-packages/urllib3/__init__.py:35: NotOpenSSLWarning: urllib3 v2 only supports OpenSSL 1.1.1+, currently the 'ssl' module is compiled with 'LibreSSL 2.8.3'. See: https://github.com/urllib3/urllib3/issues/3020
  warnings.warn(
Running in AUTO mode...
Found 7 new files out of 50 total.
Skipping 2026-04-13 18:18:23 (edb15544894f4a75951777628db1b4b7) - AI processing not yet complete.
Skipping 2026-03-15 16:23:06 (f741ea39d62b8cce8461e71de8006d15) - AI processing not yet complete.
Skipping 2026-03-12 10:00:47 (f4d99481d2520131e1fe9d35142bd876) - AI processing not yet complete.
Skipping 2026-03-03 11:40:52 (5ee14a603a0eb00dc0cd014131634a49) - AI processing not yet complete.
Skipping 2026-03-02 22:55:37 (f8e768606308a898b656297de98ecdf0) - AI processing not yet complete.
Skipping 2026-03-02 18:19:41 (e2e964c6239c49aa1ac0d62fa7a9b149) - AI processing not yet complete.
Skipping 2026-02-22 03:25:10 (2091a2244a8f229875ad1e486c0de2a0) - AI processing not yet complete.
Auto mode complete.
[2026-04-29 20:12:42] Auto export completed successfully.
[2026-04-29 21:12:42] Starting auto export...
/Users/hiroshi/Library/Python/3.9/lib/python/site-packages/urllib3/__init__.py:35: NotOpenSSLWarning: urllib3 v2 only supports OpenSSL 1.1.1+, currently the 'ssl' module is compiled with 'LibreSSL 2.8.3'. See: https://github.com/urllib3/urllib3/issues/3020
  warnings.warn(
Running in AUTO mode...
Found 7 new files out of 50 total.
Skipping 2026-04-13 18:18:23 (edb15544894f4a75951777628db1b4b7) - AI processing not yet complete.
Skipping 2026-03-15 16:23:06 (f741ea39d62b8cce8461e71de8006d15) - AI processing not yet complete.
Skipping 2026-03-12 10:00:47 (f4d99481d2520131e1fe9d35142bd876) - AI processing not yet complete.
Skipping 2026-03-03 11:40:52 (5ee14a603a0eb00dc0cd014131634a49) - AI processing not yet complete.
Skipping 2026-03-02 22:55:37 (f8e768606308a898b656297de98ecdf0) - AI processing not yet complete.
Skipping 2026-03-02 18:19:41 (e2e964c6239c49aa1ac0d62fa7a9b149) - AI processing not yet complete.
Skipping 2026-02-22 03:25:10 (2091a2244a8f229875ad1e486c0de2a0) - AI processing not yet complete.
Auto mode complete.
[2026-04-29 21:12:43] Auto export completed successfully.
[2026-04-30 10:09:30] Starting auto export...
/Users/hiroshi/Library/Python/3.9/lib/python/site-packages/urllib3/__init__.py:35: NotOpenSSLWarning: urllib3 v2 only supports OpenSSL 1.1.1+, currently the 'ssl' module is compiled with 'LibreSSL 2.8.3'. See: https://github.com/urllib3/urllib3/issues/3020
  warnings.warn(
Running in AUTO mode...
Traceback (most recent call last):
  File "/Users/hiroshi/Library/Python/3.9/lib/python/site-packages/urllib3/connection.py", line 204, in _new_conn
    sock = connection.create_connection(
  File "/Users/hiroshi/Library/Python/3.9/lib/python/site-packages/urllib3/util/connection.py", line 60, in create_connection
    for res in socket.getaddrinfo(host, port, family, socket.SOCK_STREAM):
  File "/Library/Developer/CommandLineTools/Library/Frameworks/Python3.framework/Versions/3.9/lib/python3.9/socket.py", line 953, in getaddrinfo
    for res in _socket.getaddrinfo(host, port, family, type, proto, flags):
socket.gaierror: [Errno 8] nodename nor servname provided, or not known

The above exception was the direct cause of the following exception:

Traceback (most recent call last):
  File "/Users/hiroshi/Library/Python/3.9/lib/python/site-packages/urllib3/connectionpool.py", line 787, in urlopen
    response = self._make_request(
  File "/Users/hiroshi/Library/Python/3.9/lib/python/site-packages/urllib3/connectionpool.py", line 488, in _make_request
    raise new_e
  File "/Users/hiroshi/Library/Python/3.9/lib/python/site-packages/urllib3/connectionpool.py", line 464, in _make_request
    self._validate_conn(conn)
  File "/Users/hiroshi/Library/Python/3.9/lib/python/site-packages/urllib3/connectionpool.py", line 1093, in _validate_conn
    conn.connect()
  File "/Users/hiroshi/Library/Python/3.9/lib/python/site-packages/urllib3/connection.py", line 759, in connect
    self.sock = sock = self._new_conn()
  File "/Users/hiroshi/Library/Python/3.9/lib/python/site-packages/urllib3/connection.py", line 211, in _new_conn
    raise NameResolutionError(self.host, self, e) from e
urllib3.exceptions.NameResolutionError: HTTPSConnection(host='api-apne1.plaud.ai', port=443): Failed to resolve 'api-apne1.plaud.ai' ([Errno 8] nodename nor servname provided, or not known)

The above exception was the direct cause of the following exception:

Traceback (most recent call last):
  File "/Users/hiroshi/Library/Python/3.9/lib/python/site-packages/requests/adapters.py", line 644, in send
    resp = conn.urlopen(
  File "/Users/hiroshi/Library/Python/3.9/lib/python/site-packages/urllib3/connectionpool.py", line 841, in urlopen
    retries = retries.increment(
  File "/Users/hiroshi/Library/Python/3.9/lib/python/site-packages/urllib3/util/retry.py", line 519, in increment
    raise MaxRetryError(_pool, url, reason) from reason  # type: ignore[arg-type]
urllib3.exceptions.MaxRetryError: HTTPSConnectionPool(host='api-apne1.plaud.ai', port=443): Max retries exceeded with url: /file/simple/web?skip=0&limit=50&is_trash=2&sort_by=start_time&is_desc=true (Caused by NameResolutionError("HTTPSConnection(host='api-apne1.plaud.ai', port=443): Failed to resolve 'api-apne1.plaud.ai' ([Errno 8] nodename nor servname provided, or not known)"))

During handling of the above exception, another exception occurred:

Traceback (most recent call last):
  File "/Users/hiroshi/cursor/plaud_exports/plaud_export.py", line 322, in <module>
    main()
  File "/Users/hiroshi/cursor/plaud_exports/plaud_export.py", line 255, in main
    files = list_files(args.token, args.limit)
  File "/Users/hiroshi/cursor/plaud_exports/plaud_export.py", line 173, in list_files
    response = requests.get(url, headers=headers, params=params)
  File "/Users/hiroshi/Library/Python/3.9/lib/python/site-packages/requests/api.py", line 73, in get
    return request("get", url, params=params, **kwargs)
  File "/Users/hiroshi/Library/Python/3.9/lib/python/site-packages/requests/api.py", line 59, in request
    return session.request(method=method, url=url, **kwargs)
  File "/Users/hiroshi/Library/Python/3.9/lib/python/site-packages/requests/sessions.py", line 589, in request
    resp = self.send(prep, **send_kwargs)
  File "/Users/hiroshi/Library/Python/3.9/lib/python/site-packages/requests/sessions.py", line 703, in send
    r = adapter.send(request, **kwargs)
  File "/Users/hiroshi/Library/Python/3.9/lib/python/site-packages/requests/adapters.py", line 677, in send
    raise ConnectionError(e, request=request)
requests.exceptions.ConnectionError: HTTPSConnectionPool(host='api-apne1.plaud.ai', port=443): Max retries exceeded with url: /file/simple/web?skip=0&limit=50&is_trash=2&sort_by=start_time&is_desc=true (Caused by NameResolutionError("HTTPSConnection(host='api-apne1.plaud.ai', port=443): Failed to resolve 'api-apne1.plaud.ai' ([Errno 8] nodename nor servname provided, or not known)"))
[2026-04-30 10:09:30] ERROR: Auto export failed with exit code 1
[2026-05-01 12:57:01] Starting auto export...
/Users/hiroshi/Library/Python/3.9/lib/python/site-packages/urllib3/__init__.py:35: NotOpenSSLWarning: urllib3 v2 only supports OpenSSL 1.1.1+, currently the 'ssl' module is compiled with 'LibreSSL 2.8.3'. See: https://github.com/urllib3/urllib3/issues/3020
  warnings.warn(
Running in AUTO mode...
Found 7 new files out of 50 total.
Skipping 2026-04-13 18:18:23 (edb15544894f4a75951777628db1b4b7) - AI processing not yet complete.
Skipping 2026-03-15 16:23:06 (f741ea39d62b8cce8461e71de8006d15) - AI processing not yet complete.
Skipping 2026-03-12 10:00:47 (f4d99481d2520131e1fe9d35142bd876) - AI processing not yet complete.
Skipping 2026-03-03 11:40:52 (5ee14a603a0eb00dc0cd014131634a49) - AI processing not yet complete.
Skipping 2026-03-02 22:55:37 (f8e768606308a898b656297de98ecdf0) - AI processing not yet complete.
Skipping 2026-03-02 18:19:41 (e2e964c6239c49aa1ac0d62fa7a9b149) - AI processing not yet complete.
Skipping 2026-02-22 03:25:10 (2091a2244a8f229875ad1e486c0de2a0) - AI processing not yet complete.
Auto mode complete.
[2026-05-01 12:57:02] Auto export completed successfully.
[2026-05-01 13:59:24] Starting auto export...
/Users/hiroshi/Library/Python/3.9/lib/python/site-packages/urllib3/__init__.py:35: NotOpenSSLWarning: urllib3 v2 only supports OpenSSL 1.1.1+, currently the 'ssl' module is compiled with 'LibreSSL 2.8.3'. See: https://github.com/urllib3/urllib3/issues/3020
  warnings.warn(
Running in AUTO mode...
Found 7 new files out of 50 total.
Skipping 2026-04-13 18:18:23 (edb15544894f4a75951777628db1b4b7) - AI processing not yet complete.
Skipping 2026-03-15 16:23:06 (f741ea39d62b8cce8461e71de8006d15) - AI processing not yet complete.
Skipping 2026-03-12 10:00:47 (f4d99481d2520131e1fe9d35142bd876) - AI processing not yet complete.
Skipping 2026-03-03 11:40:52 (5ee14a603a0eb00dc0cd014131634a49) - AI processing not yet complete.
Skipping 2026-03-02 22:55:37 (f8e768606308a898b656297de98ecdf0) - AI processing not yet complete.
Skipping 2026-03-02 18:19:41 (e2e964c6239c49aa1ac0d62fa7a9b149) - AI processing not yet complete.
Skipping 2026-02-22 03:25:10 (2091a2244a8f229875ad1e486c0de2a0) - AI processing not yet complete.
Auto mode complete.
[2026-05-01 13:59:25] Auto export completed successfully.
[2026-05-01 14:59:25] Starting auto export...
/Users/hiroshi/Library/Python/3.9/lib/python/site-packages/urllib3/__init__.py:35: NotOpenSSLWarning: urllib3 v2 only supports OpenSSL 1.1.1+, currently the 'ssl' module is compiled with 'LibreSSL 2.8.3'. See: https://github.com/urllib3/urllib3/issues/3020
  warnings.warn(
Running in AUTO mode...
Found 7 new files out of 50 total.
Skipping 2026-04-13 18:18:23 (edb15544894f4a75951777628db1b4b7) - AI processing not yet complete.
Skipping 2026-03-15 16:23:06 (f741ea39d62b8cce8461e71de8006d15) - AI processing not yet complete.
Skipping 2026-03-12 10:00:47 (f4d99481d2520131e1fe9d35142bd876) - AI processing not yet complete.
Skipping 2026-03-03 11:40:52 (5ee14a603a0eb00dc0cd014131634a49) - AI processing not yet complete.
Skipping 2026-03-02 22:55:37 (f8e768606308a898b656297de98ecdf0) - AI processing not yet complete.
Skipping 2026-03-02 18:19:41 (e2e964c6239c49aa1ac0d62fa7a9b149) - AI processing not yet complete.
Skipping 2026-02-22 03:25:10 (2091a2244a8f229875ad1e486c0de2a0) - AI processing not yet complete.
Auto mode complete.
[2026-05-01 14:59:25] Auto export completed successfully.
[2026-05-01 16:09:06] Starting auto export...
/Users/hiroshi/Library/Python/3.9/lib/python/site-packages/urllib3/__init__.py:35: NotOpenSSLWarning: urllib3 v2 only supports OpenSSL 1.1.1+, currently the 'ssl' module is compiled with 'LibreSSL 2.8.3'. See: https://github.com/urllib3/urllib3/issues/3020
  warnings.warn(
Running in AUTO mode...
Found 7 new files out of 50 total.
Skipping 2026-04-13 18:18:23 (edb15544894f4a75951777628db1b4b7) - AI processing not yet complete.
Skipping 2026-03-15 16:23:06 (f741ea39d62b8cce8461e71de8006d15) - AI processing not yet complete.
Skipping 2026-03-12 10:00:47 (f4d99481d2520131e1fe9d35142bd876) - AI processing not yet complete.
Skipping 2026-03-03 11:40:52 (5ee14a603a0eb00dc0cd014131634a49) - AI processing not yet complete.
Skipping 2026-03-02 22:55:37 (f8e768606308a898b656297de98ecdf0) - AI processing not yet complete.
Skipping 2026-03-02 18:19:41 (e2e964c6239c49aa1ac0d62fa7a9b149) - AI processing not yet complete.
Skipping 2026-02-22 03:25:10 (2091a2244a8f229875ad1e486c0de2a0) - AI processing not yet complete.
Auto mode complete.
[2026-05-01 16:09:07] Auto export completed successfully.
[2026-05-01 18:37:37] Starting auto export...
/Users/hiroshi/Library/Python/3.9/lib/python/site-packages/urllib3/__init__.py:35: NotOpenSSLWarning: urllib3 v2 only supports OpenSSL 1.1.1+, currently the 'ssl' module is compiled with 'LibreSSL 2.8.3'. See: https://github.com/urllib3/urllib3/issues/3020
  warnings.warn(
Running in AUTO mode...
Found 7 new files out of 50 total.
Skipping 2026-04-13 18:18:23 (edb15544894f4a75951777628db1b4b7) - AI processing not yet complete.
Skipping 2026-03-15 16:23:06 (f741ea39d62b8cce8461e71de8006d15) - AI processing not yet complete.
Skipping 2026-03-12 10:00:47 (f4d99481d2520131e1fe9d35142bd876) - AI processing not yet complete.
Skipping 2026-03-03 11:40:52 (5ee14a603a0eb00dc0cd014131634a49) - AI processing not yet complete.
Skipping 2026-03-02 22:55:37 (f8e768606308a898b656297de98ecdf0) - AI processing not yet complete.
Skipping 2026-03-02 18:19:41 (e2e964c6239c49aa1ac0d62fa7a9b149) - AI processing not yet complete.
Skipping 2026-02-22 03:25:10 (2091a2244a8f229875ad1e486c0de2a0) - AI processing not yet complete.
Auto mode complete.
[2026-05-01 18:37:38] Auto export completed successfully.
[2026-05-01 19:37:38] Starting auto export...
/Users/hiroshi/Library/Python/3.9/lib/python/site-packages/urllib3/__init__.py:35: NotOpenSSLWarning: urllib3 v2 only supports OpenSSL 1.1.1+, currently the 'ssl' module is compiled with 'LibreSSL 2.8.3'. See: https://github.com/urllib3/urllib3/issues/3020
  warnings.warn(
Running in AUTO mode...
Found 7 new files out of 50 total.
Skipping 2026-04-13 18:18:23 (edb15544894f4a75951777628db1b4b7) - AI processing not yet complete.
Skipping 2026-03-15 16:23:06 (f741ea39d62b8cce8461e71de8006d15) - AI processing not yet complete.
Skipping 2026-03-12 10:00:47 (f4d99481d2520131e1fe9d35142bd876) - AI processing not yet complete.
Skipping 2026-03-03 11:40:52 (5ee14a603a0eb00dc0cd014131634a49) - AI processing not yet complete.
Skipping 2026-03-02 22:55:37 (f8e768606308a898b656297de98ecdf0) - AI processing not yet complete.
Skipping 2026-03-02 18:19:41 (e2e964c6239c49aa1ac0d62fa7a9b149) - AI processing not yet complete.
Skipping 2026-02-22 03:25:10 (2091a2244a8f229875ad1e486c0de2a0) - AI processing not yet complete.
Auto mode complete.
[2026-05-01 19:37:39] Auto export completed successfully.
[2026-05-01 21:09:05] Starting auto export...
/Users/hiroshi/Library/Python/3.9/lib/python/site-packages/urllib3/__init__.py:35: NotOpenSSLWarning: urllib3 v2 only supports OpenSSL 1.1.1+, currently the 'ssl' module is compiled with 'LibreSSL 2.8.3'. See: https://github.com/urllib3/urllib3/issues/3020
  warnings.warn(
Running in AUTO mode...
Traceback (most recent call last):
  File "/Users/hiroshi/Library/Python/3.9/lib/python/site-packages/urllib3/connection.py", line 204, in _new_conn
    sock = connection.create_connection(
  File "/Users/hiroshi/Library/Python/3.9/lib/python/site-packages/urllib3/util/connection.py", line 60, in create_connection
    for res in socket.getaddrinfo(host, port, family, socket.SOCK_STREAM):
  File "/Library/Developer/CommandLineTools/Library/Frameworks/Python3.framework/Versions/3.9/lib/python3.9/socket.py", line 953, in getaddrinfo
    for res in _socket.getaddrinfo(host, port, family, type, proto, flags):
socket.gaierror: [Errno 8] nodename nor servname provided, or not known

The above exception was the direct cause of the following exception:

Traceback (most recent call last):
  File "/Users/hiroshi/Library/Python/3.9/lib/python/site-packages/urllib3/connectionpool.py", line 787, in urlopen
    response = self._make_request(
  File "/Users/hiroshi/Library/Python/3.9/lib/python/site-packages/urllib3/connectionpool.py", line 488, in _make_request
    raise new_e
  File "/Users/hiroshi/Library/Python/3.9/lib/python/site-packages/urllib3/connectionpool.py", line 464, in _make_request
    self._validate_conn(conn)
  File "/Users/hiroshi/Library/Python/3.9/lib/python/site-packages/urllib3/connectionpool.py", line 1093, in _validate_conn
    conn.connect()
  File "/Users/hiroshi/Library/Python/3.9/lib/python/site-packages/urllib3/connection.py", line 759, in connect
    self.sock = sock = self._new_conn()
  File "/Users/hiroshi/Library/Python/3.9/lib/python/site-packages/urllib3/connection.py", line 211, in _new_conn
    raise NameResolutionError(self.host, self, e) from e
urllib3.exceptions.NameResolutionError: HTTPSConnection(host='api-apne1.plaud.ai', port=443): Failed to resolve 'api-apne1.plaud.ai' ([Errno 8] nodename nor servname provided, or not known)

The above exception was the direct cause of the following exception:

Traceback (most recent call last):
  File "/Users/hiroshi/Library/Python/3.9/lib/python/site-packages/requests/adapters.py", line 644, in send
    resp = conn.urlopen(
  File "/Users/hiroshi/Library/Python/3.9/lib/python/site-packages/urllib3/connectionpool.py", line 841, in urlopen
    retries = retries.increment(
  File "/Users/hiroshi/Library/Python/3.9/lib/python/site-packages/urllib3/util/retry.py", line 519, in increment
    raise MaxRetryError(_pool, url, reason) from reason  # type: ignore[arg-type]
urllib3.exceptions.MaxRetryError: HTTPSConnectionPool(host='api-apne1.plaud.ai', port=443): Max retries exceeded with url: /file/simple/web?skip=0&limit=50&is_trash=2&sort_by=start_time&is_desc=true (Caused by NameResolutionError("HTTPSConnection(host='api-apne1.plaud.ai', port=443): Failed to resolve 'api-apne1.plaud.ai' ([Errno 8] nodename nor servname provided, or not known)"))

During handling of the above exception, another exception occurred:

Traceback (most recent call last):
  File "/Users/hiroshi/cursor/plaud_exports/plaud_export.py", line 322, in <module>
    main()
  File "/Users/hiroshi/cursor/plaud_exports/plaud_export.py", line 255, in main
    files = list_files(args.token, args.limit)
  File "/Users/hiroshi/cursor/plaud_exports/plaud_export.py", line 173, in list_files
    response = requests.get(url, headers=headers, params=params)
  File "/Users/hiroshi/Library/Python/3.9/lib/python/site-packages/requests/api.py", line 73, in get
    return request("get", url, params=params, **kwargs)
  File "/Users/hiroshi/Library/Python/3.9/lib/python/site-packages/requests/api.py", line 59, in request
    return session.request(method=method, url=url, **kwargs)
  File "/Users/hiroshi/Library/Python/3.9/lib/python/site-packages/requests/sessions.py", line 589, in request
    resp = self.send(prep, **send_kwargs)
  File "/Users/hiroshi/Library/Python/3.9/lib/python/site-packages/requests/sessions.py", line 703, in send
    r = adapter.send(request, **kwargs)
  File "/Users/hiroshi/Library/Python/3.9/lib/python/site-packages/requests/adapters.py", line 677, in send
    raise ConnectionError(e, request=request)
requests.exceptions.ConnectionError: HTTPSConnectionPool(host='api-apne1.plaud.ai', port=443): Max retries exceeded with url: /file/simple/web?skip=0&limit=50&is_trash=2&sort_by=start_time&is_desc=true (Caused by NameResolutionError("HTTPSConnection(host='api-apne1.plaud.ai', port=443): Failed to resolve 'api-apne1.plaud.ai' ([Errno 8] nodename nor servname provided, or not known)"))
[2026-05-01 21:09:05] ERROR: Auto export failed with exit code 1
[2026-05-02 02:36:10] Starting auto export...
/Users/hiroshi/Library/Python/3.9/lib/python/site-packages/urllib3/__init__.py:35: NotOpenSSLWarning: urllib3 v2 only supports OpenSSL 1.1.1+, currently the 'ssl' module is compiled with 'LibreSSL 2.8.3'. See: https://github.com/urllib3/urllib3/issues/3020
  warnings.warn(
Running in AUTO mode...
Traceback (most recent call last):
  File "/Users/hiroshi/Library/Python/3.9/lib/python/site-packages/urllib3/connection.py", line 204, in _new_conn
    sock = connection.create_connection(
  File "/Users/hiroshi/Library/Python/3.9/lib/python/site-packages/urllib3/util/connection.py", line 60, in create_connection
    for res in socket.getaddrinfo(host, port, family, socket.SOCK_STREAM):
  File "/Library/Developer/CommandLineTools/Library/Frameworks/Python3.framework/Versions/3.9/lib/python3.9/socket.py", line 953, in getaddrinfo
    for res in _socket.getaddrinfo(host, port, family, type, proto, flags):
socket.gaierror: [Errno 8] nodename nor servname provided, or not known

The above exception was the direct cause of the following exception:

Traceback (most recent call last):
  File "/Users/hiroshi/Library/Python/3.9/lib/python/site-packages/urllib3/connectionpool.py", line 787, in urlopen
    response = self._make_request(
  File "/Users/hiroshi/Library/Python/3.9/lib/python/site-packages/urllib3/connectionpool.py", line 488, in _make_request
    raise new_e
  File "/Users/hiroshi/Library/Python/3.9/lib/python/site-packages/urllib3/connectionpool.py", line 464, in _make_request
    self._validate_conn(conn)
  File "/Users/hiroshi/Library/Python/3.9/lib/python/site-packages/urllib3/connectionpool.py", line 1093, in _validate_conn
    conn.connect()
  File "/Users/hiroshi/Library/Python/3.9/lib/python/site-packages/urllib3/connection.py", line 759, in connect
    self.sock = sock = self._new_conn()
  File "/Users/hiroshi/Library/Python/3.9/lib/python/site-packages/urllib3/connection.py", line 211, in _new_conn
    raise NameResolutionError(self.host, self, e) from e
urllib3.exceptions.NameResolutionError: HTTPSConnection(host='api-apne1.plaud.ai', port=443): Failed to resolve 'api-apne1.plaud.ai' ([Errno 8] nodename nor servname provided, or not known)

The above exception was the direct cause of the following exception:

Traceback (most recent call last):
  File "/Users/hiroshi/Library/Python/3.9/lib/python/site-packages/requests/adapters.py", line 644, in send
    resp = conn.urlopen(
  File "/Users/hiroshi/Library/Python/3.9/lib/python/site-packages/urllib3/connectionpool.py", line 841, in urlopen
    retries = retries.increment(
  File "/Users/hiroshi/Library/Python/3.9/lib/python/site-packages/urllib3/util/retry.py", line 519, in increment
    raise MaxRetryError(_pool, url, reason) from reason  # type: ignore[arg-type]
urllib3.exceptions.MaxRetryError: HTTPSConnectionPool(host='api-apne1.plaud.ai', port=443): Max retries exceeded with url: /file/simple/web?skip=0&limit=50&is_trash=2&sort_by=start_time&is_desc=true (Caused by NameResolutionError("HTTPSConnection(host='api-apne1.plaud.ai', port=443): Failed to resolve 'api-apne1.plaud.ai' ([Errno 8] nodename nor servname provided, or not known)"))

During handling of the above exception, another exception occurred:

Traceback (most recent call last):
  File "/Users/hiroshi/cursor/plaud_exports/plaud_export.py", line 322, in <module>
    main()
  File "/Users/hiroshi/cursor/plaud_exports/plaud_export.py", line 255, in main
    files = list_files(args.token, args.limit)
  File "/Users/hiroshi/cursor/plaud_exports/plaud_export.py", line 173, in list_files
    response = requests.get(url, headers=headers, params=params)
  File "/Users/hiroshi/Library/Python/3.9/lib/python/site-packages/requests/api.py", line 73, in get
    return request("get", url, params=params, **kwargs)
  File "/Users/hiroshi/Library/Python/3.9/lib/python/site-packages/requests/api.py", line 59, in request
    return session.request(method=method, url=url, **kwargs)
  File "/Users/hiroshi/Library/Python/3.9/lib/python/site-packages/requests/sessions.py", line 589, in request
    resp = self.send(prep, **send_kwargs)
  File "/Users/hiroshi/Library/Python/3.9/lib/python/site-packages/requests/sessions.py", line 703, in send
    r = adapter.send(request, **kwargs)
  File "/Users/hiroshi/Library/Python/3.9/lib/python/site-packages/requests/adapters.py", line 677, in send
    raise ConnectionError(e, request=request)
requests.exceptions.ConnectionError: HTTPSConnectionPool(host='api-apne1.plaud.ai', port=443): Max retries exceeded with url: /file/simple/web?skip=0&limit=50&is_trash=2&sort_by=start_time&is_desc=true (Caused by NameResolutionError("HTTPSConnection(host='api-apne1.plaud.ai', port=443): Failed to resolve 'api-apne1.plaud.ai' ([Errno 8] nodename nor servname provided, or not known)"))
[2026-05-02 02:36:10] ERROR: Auto export failed with exit code 1
[2026-05-02 12:12:11] Starting auto export...
/Users/hiroshi/Library/Python/3.9/lib/python/site-packages/urllib3/__init__.py:35: NotOpenSSLWarning: urllib3 v2 only supports OpenSSL 1.1.1+, currently the 'ssl' module is compiled with 'LibreSSL 2.8.3'. See: https://github.com/urllib3/urllib3/issues/3020
  warnings.warn(
Running in AUTO mode...
Traceback (most recent call last):
  File "/Users/hiroshi/Library/Python/3.9/lib/python/site-packages/urllib3/connection.py", line 204, in _new_conn
    sock = connection.create_connection(
  File "/Users/hiroshi/Library/Python/3.9/lib/python/site-packages/urllib3/util/connection.py", line 60, in create_connection
    for res in socket.getaddrinfo(host, port, family, socket.SOCK_STREAM):
  File "/Library/Developer/CommandLineTools/Library/Frameworks/Python3.framework/Versions/3.9/lib/python3.9/socket.py", line 953, in getaddrinfo
    for res in _socket.getaddrinfo(host, port, family, type, proto, flags):
socket.gaierror: [Errno 8] nodename nor servname provided, or not known

The above exception was the direct cause of the following exception:

Traceback (most recent call last):
  File "/Users/hiroshi/Library/Python/3.9/lib/python/site-packages/urllib3/connectionpool.py", line 787, in urlopen
    response = self._make_request(
  File "/Users/hiroshi/Library/Python/3.9/lib/python/site-packages/urllib3/connectionpool.py", line 488, in _make_request
    raise new_e
  File "/Users/hiroshi/Library/Python/3.9/lib/python/site-packages/urllib3/connectionpool.py", line 464, in _make_request
    self._validate_conn(conn)
  File "/Users/hiroshi/Library/Python/3.9/lib/python/site-packages/urllib3/connectionpool.py", line 1093, in _validate_conn
    conn.connect()
  File "/Users/hiroshi/Library/Python/3.9/lib/python/site-packages/urllib3/connection.py", line 759, in connect
    self.sock = sock = self._new_conn()
  File "/Users/hiroshi/Library/Python/3.9/lib/python/site-packages/urllib3/connection.py", line 211, in _new_conn
    raise NameResolutionError(self.host, self, e) from e
urllib3.exceptions.NameResolutionError: HTTPSConnection(host='api-apne1.plaud.ai', port=443): Failed to resolve 'api-apne1.plaud.ai' ([Errno 8] nodename nor servname provided, or not known)

The above exception was the direct cause of the following exception:

Traceback (most recent call last):
  File "/Users/hiroshi/Library/Python/3.9/lib/python/site-packages/requests/adapters.py", line 644, in send
    resp = conn.urlopen(
  File "/Users/hiroshi/Library/Python/3.9/lib/python/site-packages/urllib3/connectionpool.py", line 841, in urlopen
    retries = retries.increment(
  File "/Users/hiroshi/Library/Python/3.9/lib/python/site-packages/urllib3/util/retry.py", line 519, in increment
    raise MaxRetryError(_pool, url, reason) from reason  # type: ignore[arg-type]
urllib3.exceptions.MaxRetryError: HTTPSConnectionPool(host='api-apne1.plaud.ai', port=443): Max retries exceeded with url: /file/simple/web?skip=0&limit=50&is_trash=2&sort_by=start_time&is_desc=true (Caused by NameResolutionError("HTTPSConnection(host='api-apne1.plaud.ai', port=443): Failed to resolve 'api-apne1.plaud.ai' ([Errno 8] nodename nor servname provided, or not known)"))

During handling of the above exception, another exception occurred:

Traceback (most recent call last):
  File "/Users/hiroshi/cursor/plaud_exports/plaud_export.py", line 322, in <module>
    main()
  File "/Users/hiroshi/cursor/plaud_exports/plaud_export.py", line 255, in main
    files = list_files(args.token, args.limit)
  File "/Users/hiroshi/cursor/plaud_exports/plaud_export.py", line 173, in list_files
    response = requests.get(url, headers=headers, params=params)
  File "/Users/hiroshi/Library/Python/3.9/lib/python/site-packages/requests/api.py", line 73, in get
    return request("get", url, params=params, **kwargs)
  File "/Users/hiroshi/Library/Python/3.9/lib/python/site-packages/requests/api.py", line 59, in request
    return session.request(method=method, url=url, **kwargs)
  File "/Users/hiroshi/Library/Python/3.9/lib/python/site-packages/requests/sessions.py", line 589, in request
    resp = self.send(prep, **send_kwargs)
  File "/Users/hiroshi/Library/Python/3.9/lib/python/site-packages/requests/sessions.py", line 703, in send
    r = adapter.send(request, **kwargs)
  File "/Users/hiroshi/Library/Python/3.9/lib/python/site-packages/requests/adapters.py", line 677, in send
    raise ConnectionError(e, request=request)
requests.exceptions.ConnectionError: HTTPSConnectionPool(host='api-apne1.plaud.ai', port=443): Max retries exceeded with url: /file/simple/web?skip=0&limit=50&is_trash=2&sort_by=start_time&is_desc=true (Caused by NameResolutionError("HTTPSConnection(host='api-apne1.plaud.ai', port=443): Failed to resolve 'api-apne1.plaud.ai' ([Errno 8] nodename nor servname provided, or not known)"))
[2026-05-02 12:12:12] ERROR: Auto export failed with exit code 1
[2026-05-02 13:38:06] Starting auto export...
/Users/hiroshi/Library/Python/3.9/lib/python/site-packages/urllib3/__init__.py:35: NotOpenSSLWarning: urllib3 v2 only supports OpenSSL 1.1.1+, currently the 'ssl' module is compiled with 'LibreSSL 2.8.3'. See: https://github.com/urllib3/urllib3/issues/3020
  warnings.warn(
Running in AUTO mode...
Found 7 new files out of 50 total.
Skipping 2026-04-13 18:18:23 (edb15544894f4a75951777628db1b4b7) - AI processing not yet complete.
Skipping 2026-03-15 16:23:06 (f741ea39d62b8cce8461e71de8006d15) - AI processing not yet complete.
Skipping 2026-03-12 10:00:47 (f4d99481d2520131e1fe9d35142bd876) - AI processing not yet complete.
Skipping 2026-03-03 11:40:52 (5ee14a603a0eb00dc0cd014131634a49) - AI processing not yet complete.
Skipping 2026-03-02 22:55:37 (f8e768606308a898b656297de98ecdf0) - AI processing not yet complete.
Skipping 2026-03-02 18:19:41 (e2e964c6239c49aa1ac0d62fa7a9b149) - AI processing not yet complete.
Skipping 2026-02-22 03:25:10 (2091a2244a8f229875ad1e486c0de2a0) - AI processing not yet complete.
Auto mode complete.
[2026-05-02 13:38:07] Auto export completed successfully.
[2026-05-02 14:38:06] Starting auto export...
/Users/hiroshi/Library/Python/3.9/lib/python/site-packages/urllib3/__init__.py:35: NotOpenSSLWarning: urllib3 v2 only supports OpenSSL 1.1.1+, currently the 'ssl' module is compiled with 'LibreSSL 2.8.3'. See: https://github.com/urllib3/urllib3/issues/3020
  warnings.warn(
Running in AUTO mode...
Found 7 new files out of 50 total.
Skipping 2026-04-13 18:18:23 (edb15544894f4a75951777628db1b4b7) - AI processing not yet complete.
Skipping 2026-03-15 16:23:06 (f741ea39d62b8cce8461e71de8006d15) - AI processing not yet complete.
Skipping 2026-03-12 10:00:47 (f4d99481d2520131e1fe9d35142bd876) - AI processing not yet complete.
Skipping 2026-03-03 11:40:52 (5ee14a603a0eb00dc0cd014131634a49) - AI processing not yet complete.
Skipping 2026-03-02 22:55:37 (f8e768606308a898b656297de98ecdf0) - AI processing not yet complete.
Skipping 2026-03-02 18:19:41 (e2e964c6239c49aa1ac0d62fa7a9b149) - AI processing not yet complete.
Skipping 2026-02-22 03:25:10 (2091a2244a8f229875ad1e486c0de2a0) - AI processing not yet complete.
Auto mode complete.
[2026-05-02 14:38:08] Auto export completed successfully.
[2026-05-02 15:38:12] Starting auto export...
/Users/hiroshi/Library/Python/3.9/lib/python/site-packages/urllib3/__init__.py:35: NotOpenSSLWarning: urllib3 v2 only supports OpenSSL 1.1.1+, currently the 'ssl' module is compiled with 'LibreSSL 2.8.3'. See: https://github.com/urllib3/urllib3/issues/3020
  warnings.warn(
Running in AUTO mode...
Found 7 new files out of 50 total.
Skipping 2026-04-13 18:18:23 (edb15544894f4a75951777628db1b4b7) - AI processing not yet complete.
Skipping 2026-03-15 16:23:06 (f741ea39d62b8cce8461e71de8006d15) - AI processing not yet complete.
Skipping 2026-03-12 10:00:47 (f4d99481d2520131e1fe9d35142bd876) - AI processing not yet complete.
Skipping 2026-03-03 11:40:52 (5ee14a603a0eb00dc0cd014131634a49) - AI processing not yet complete.
Skipping 2026-03-02 22:55:37 (f8e768606308a898b656297de98ecdf0) - AI processing not yet complete.
Skipping 2026-03-02 18:19:41 (e2e964c6239c49aa1ac0d62fa7a9b149) - AI processing not yet complete.
Skipping 2026-02-22 03:25:10 (2091a2244a8f229875ad1e486c0de2a0) - AI processing not yet complete.
Auto mode complete.
[2026-05-02 15:38:13] Auto export completed successfully.
[2026-05-02 16:38:12] Starting auto export...
/Users/hiroshi/Library/Python/3.9/lib/python/site-packages/urllib3/__init__.py:35: NotOpenSSLWarning: urllib3 v2 only supports OpenSSL 1.1.1+, currently the 'ssl' module is compiled with 'LibreSSL 2.8.3'. See: https://github.com/urllib3/urllib3/issues/3020
  warnings.warn(
Running in AUTO mode...
Found 7 new files out of 50 total.
Skipping 2026-04-13 18:18:23 (edb15544894f4a75951777628db1b4b7) - AI processing not yet complete.
Skipping 2026-03-15 16:23:06 (f741ea39d62b8cce8461e71de8006d15) - AI processing not yet complete.
Skipping 2026-03-12 10:00:47 (f4d99481d2520131e1fe9d35142bd876) - AI processing not yet complete.
Skipping 2026-03-03 11:40:52 (5ee14a603a0eb00dc0cd014131634a49) - AI processing not yet complete.
Skipping 2026-03-02 22:55:37 (f8e768606308a898b656297de98ecdf0) - AI processing not yet complete.
Skipping 2026-03-02 18:19:41 (e2e964c6239c49aa1ac0d62fa7a9b149) - AI processing not yet complete.
Skipping 2026-02-22 03:25:10 (2091a2244a8f229875ad1e486c0de2a0) - AI processing not yet complete.
Auto mode complete.
[2026-05-02 16:38:13] Auto export completed successfully.
[2026-05-02 17:38:14] Starting auto export...
/Users/hiroshi/Library/Python/3.9/lib/python/site-packages/urllib3/__init__.py:35: NotOpenSSLWarning: urllib3 v2 only supports OpenSSL 1.1.1+, currently the 'ssl' module is compiled with 'LibreSSL 2.8.3'. See: https://github.com/urllib3/urllib3/issues/3020
  warnings.warn(
Running in AUTO mode...
Found 7 new files out of 50 total.
Skipping 2026-04-13 18:18:23 (edb15544894f4a75951777628db1b4b7) - AI processing not yet complete.
Skipping 2026-03-15 16:23:06 (f741ea39d62b8cce8461e71de8006d15) - AI processing not yet complete.
Skipping 2026-03-12 10:00:47 (f4d99481d2520131e1fe9d35142bd876) - AI processing not yet complete.
Skipping 2026-03-03 11:40:52 (5ee14a603a0eb00dc0cd014131634a49) - AI processing not yet complete.
Skipping 2026-03-02 22:55:37 (f8e768606308a898b656297de98ecdf0) - AI processing not yet complete.
Skipping 2026-03-02 18:19:41 (e2e964c6239c49aa1ac0d62fa7a9b149) - AI processing not yet complete.
Skipping 2026-02-22 03:25:10 (2091a2244a8f229875ad1e486c0de2a0) - AI processing not yet complete.
Auto mode complete.
[2026-05-02 17:38:15] Auto export completed successfully.
[2026-05-03 03:02:54] Starting auto export...
/Users/hiroshi/Library/Python/3.9/lib/python/site-packages/urllib3/__init__.py:35: NotOpenSSLWarning: urllib3 v2 only supports OpenSSL 1.1.1+, currently the 'ssl' module is compiled with 'LibreSSL 2.8.3'. See: https://github.com/urllib3/urllib3/issues/3020
  warnings.warn(
Running in AUTO mode...
Found 7 new files out of 50 total.
Skipping 2026-04-13 18:18:23 (edb15544894f4a75951777628db1b4b7) - AI processing not yet complete.
Skipping 2026-03-15 16:23:06 (f741ea39d62b8cce8461e71de8006d15) - AI processing not yet complete.
Skipping 2026-03-12 10:00:47 (f4d99481d2520131e1fe9d35142bd876) - AI processing not yet complete.
Skipping 2026-03-03 11:40:52 (5ee14a603a0eb00dc0cd014131634a49) - AI processing not yet complete.
Skipping 2026-03-02 22:55:37 (f8e768606308a898b656297de98ecdf0) - AI processing not yet complete.
Skipping 2026-03-02 18:19:41 (e2e964c6239c49aa1ac0d62fa7a9b149) - AI processing not yet complete.
Skipping 2026-02-22 03:25:10 (2091a2244a8f229875ad1e486c0de2a0) - AI processing not yet complete.
Auto mode complete.
[2026-05-03 03:02:55] Auto export completed successfully.
[2026-05-03 09:28:22] Starting auto export...
/Users/hiroshi/Library/Python/3.9/lib/python/site-packages/urllib3/__init__.py:35: NotOpenSSLWarning: urllib3 v2 only supports OpenSSL 1.1.1+, currently the 'ssl' module is compiled with 'LibreSSL 2.8.3'. See: https://github.com/urllib3/urllib3/issues/3020
  warnings.warn(
Running in AUTO mode...
Found 7 new files out of 50 total.
Skipping 2026-04-13 18:18:23 (edb15544894f4a75951777628db1b4b7) - AI processing not yet complete.
Skipping 2026-03-15 16:23:06 (f741ea39d62b8cce8461e71de8006d15) - AI processing not yet complete.
Skipping 2026-03-12 10:00:47 (f4d99481d2520131e1fe9d35142bd876) - AI processing not yet complete.
Skipping 2026-03-03 11:40:52 (5ee14a603a0eb00dc0cd014131634a49) - AI processing not yet complete.
Skipping 2026-03-02 22:55:37 (f8e768606308a898b656297de98ecdf0) - AI processing not yet complete.
Skipping 2026-03-02 18:19:41 (e2e964c6239c49aa1ac0d62fa7a9b149) - AI processing not yet complete.
Skipping 2026-02-22 03:25:10 (2091a2244a8f229875ad1e486c0de2a0) - AI processing not yet complete.
Auto mode complete.
[2026-05-03 09:28:23] Auto export completed successfully.
[2026-05-03 14:58:49] Starting auto export...
/Users/hiroshi/Library/Python/3.9/lib/python/site-packages/urllib3/__init__.py:35: NotOpenSSLWarning: urllib3 v2 only supports OpenSSL 1.1.1+, currently the 'ssl' module is compiled with 'LibreSSL 2.8.3'. See: https://github.com/urllib3/urllib3/issues/3020
  warnings.warn(
Running in AUTO mode...
Found 7 new files out of 50 total.
Skipping 2026-04-13 18:18:23 (edb15544894f4a75951777628db1b4b7) - AI processing not yet complete.
Skipping 2026-03-15 16:23:06 (f741ea39d62b8cce8461e71de8006d15) - AI processing not yet complete.
Skipping 2026-03-12 10:00:47 (f4d99481d2520131e1fe9d35142bd876) - AI processing not yet complete.
Skipping 2026-03-03 11:40:52 (5ee14a603a0eb00dc0cd014131634a49) - AI processing not yet complete.
Skipping 2026-03-02 22:55:37 (f8e768606308a898b656297de98ecdf0) - AI processing not yet complete.
Skipping 2026-03-02 18:19:41 (e2e964c6239c49aa1ac0d62fa7a9b149) - AI processing not yet complete.
Skipping 2026-02-22 03:25:10 (2091a2244a8f229875ad1e486c0de2a0) - AI processing not yet complete.
Auto mode complete.
[2026-05-03 14:58:50] Auto export completed successfully.
[2026-05-03 15:58:50] Starting auto export...
/Users/hiroshi/Library/Python/3.9/lib/python/site-packages/urllib3/__init__.py:35: NotOpenSSLWarning: urllib3 v2 only supports OpenSSL 1.1.1+, currently the 'ssl' module is compiled with 'LibreSSL 2.8.3'. See: https://github.com/urllib3/urllib3/issues/3020
  warnings.warn(
Running in AUTO mode...
Found 7 new files out of 50 total.
Skipping 2026-04-13 18:18:23 (edb15544894f4a75951777628db1b4b7) - AI processing not yet complete.
Skipping 2026-03-15 16:23:06 (f741ea39d62b8cce8461e71de8006d15) - AI processing not yet complete.
Skipping 2026-03-12 10:00:47 (f4d99481d2520131e1fe9d35142bd876) - AI processing not yet complete.
Skipping 2026-03-03 11:40:52 (5ee14a603a0eb00dc0cd014131634a49) - AI processing not yet complete.
Skipping 2026-03-02 22:55:37 (f8e768606308a898b656297de98ecdf0) - AI processing not yet complete.
Skipping 2026-03-02 18:19:41 (e2e964c6239c49aa1ac0d62fa7a9b149) - AI processing not yet complete.
Skipping 2026-02-22 03:25:10 (2091a2244a8f229875ad1e486c0de2a0) - AI processing not yet complete.
Auto mode complete.
[2026-05-03 15:58:51] Auto export completed successfully.
[2026-05-03 17:52:03] Starting auto export...
/Users/hiroshi/Library/Python/3.9/lib/python/site-packages/urllib3/__init__.py:35: NotOpenSSLWarning: urllib3 v2 only supports OpenSSL 1.1.1+, currently the 'ssl' module is compiled with 'LibreSSL 2.8.3'. See: https://github.com/urllib3/urllib3/issues/3020
  warnings.warn(
Running in AUTO mode...
Found 7 new files out of 50 total.
Skipping 2026-04-13 18:18:23 (edb15544894f4a75951777628db1b4b7) - AI processing not yet complete.
Skipping 2026-03-15 16:23:06 (f741ea39d62b8cce8461e71de8006d15) - AI processing not yet complete.
Skipping 2026-03-12 10:00:47 (f4d99481d2520131e1fe9d35142bd876) - AI processing not yet complete.
Skipping 2026-03-03 11:40:52 (5ee14a603a0eb00dc0cd014131634a49) - AI processing not yet complete.
Skipping 2026-03-02 22:55:37 (f8e768606308a898b656297de98ecdf0) - AI processing not yet complete.
Skipping 2026-03-02 18:19:41 (e2e964c6239c49aa1ac0d62fa7a9b149) - AI processing not yet complete.
Skipping 2026-02-22 03:25:10 (2091a2244a8f229875ad1e486c0de2a0) - AI processing not yet complete.
Auto mode complete.
[2026-05-03 17:52:03] Auto export completed successfully.
[2026-05-03 20:32:29] Starting auto export...
/Users/hiroshi/Library/Python/3.9/lib/python/site-packages/urllib3/__init__.py:35: NotOpenSSLWarning: urllib3 v2 only supports OpenSSL 1.1.1+, currently the 'ssl' module is compiled with 'LibreSSL 2.8.3'. See: https://github.com/urllib3/urllib3/issues/3020
  warnings.warn(
Running in AUTO mode...
Found 7 new files out of 50 total.
Skipping 2026-04-13 18:18:23 (edb15544894f4a75951777628db1b4b7) - AI processing not yet complete.
Skipping 2026-03-15 16:23:06 (f741ea39d62b8cce8461e71de8006d15) - AI processing not yet complete.
Skipping 2026-03-12 10:00:47 (f4d99481d2520131e1fe9d35142bd876) - AI processing not yet complete.
Skipping 2026-03-03 11:40:52 (5ee14a603a0eb00dc0cd014131634a49) - AI processing not yet complete.
Skipping 2026-03-02 22:55:37 (f8e768606308a898b656297de98ecdf0) - AI processing not yet complete.
Skipping 2026-03-02 18:19:41 (e2e964c6239c49aa1ac0d62fa7a9b149) - AI processing not yet complete.
Skipping 2026-02-22 03:25:10 (2091a2244a8f229875ad1e486c0de2a0) - AI processing not yet complete.
Auto mode complete.
[2026-05-03 20:32:30] Auto export completed successfully.
[2026-05-04 10:58:28] Starting auto export...
/Users/hiroshi/Library/Python/3.9/lib/python/site-packages/urllib3/__init__.py:35: NotOpenSSLWarning: urllib3 v2 only supports OpenSSL 1.1.1+, currently the 'ssl' module is compiled with 'LibreSSL 2.8.3'. See: https://github.com/urllib3/urllib3/issues/3020
  warnings.warn(
Running in AUTO mode...
Found 7 new files out of 50 total.
Skipping 2026-04-13 18:18:23 (edb15544894f4a75951777628db1b4b7) - AI processing not yet complete.
Skipping 2026-03-15 16:23:06 (f741ea39d62b8cce8461e71de8006d15) - AI processing not yet complete.
Skipping 2026-03-12 10:00:47 (f4d99481d2520131e1fe9d35142bd876) - AI processing not yet complete.
Skipping 2026-03-03 11:40:52 (5ee14a603a0eb00dc0cd014131634a49) - AI processing not yet complete.
Skipping 2026-03-02 22:55:37 (f8e768606308a898b656297de98ecdf0) - AI processing not yet complete.
Skipping 2026-03-02 18:19:41 (e2e964c6239c49aa1ac0d62fa7a9b149) - AI processing not yet complete.
Skipping 2026-02-22 03:25:10 (2091a2244a8f229875ad1e486c0de2a0) - AI processing not yet complete.
Auto mode complete.
[2026-05-04 10:58:29] Auto export completed successfully.
[2026-05-04 15:09:13] Starting auto export...
/Users/hiroshi/Library/Python/3.9/lib/python/site-packages/urllib3/__init__.py:35: NotOpenSSLWarning: urllib3 v2 only supports OpenSSL 1.1.1+, currently the 'ssl' module is compiled with 'LibreSSL 2.8.3'. See: https://github.com/urllib3/urllib3/issues/3020
  warnings.warn(
Running in AUTO mode...
Found 7 new files out of 50 total.
Skipping 2026-04-13 18:18:23 (edb15544894f4a75951777628db1b4b7) - AI processing not yet complete.
Skipping 2026-03-15 16:23:06 (f741ea39d62b8cce8461e71de8006d15) - AI processing not yet complete.
Skipping 2026-03-12 10:00:47 (f4d99481d2520131e1fe9d35142bd876) - AI processing not yet complete.
Skipping 2026-03-03 11:40:52 (5ee14a603a0eb00dc0cd014131634a49) - AI processing not yet complete.
Skipping 2026-03-02 22:55:37 (f8e768606308a898b656297de98ecdf0) - AI processing not yet complete.
Skipping 2026-03-02 18:19:41 (e2e964c6239c49aa1ac0d62fa7a9b149) - AI processing not yet complete.
Skipping 2026-02-22 03:25:10 (2091a2244a8f229875ad1e486c0de2a0) - AI processing not yet complete.
Auto mode complete.
[2026-05-04 15:09:13] Auto export completed successfully.
[2026-05-05 01:56:56] Starting auto export...
/Users/hiroshi/Library/Python/3.9/lib/python/site-packages/urllib3/__init__.py:35: NotOpenSSLWarning: urllib3 v2 only supports OpenSSL 1.1.1+, currently the 'ssl' module is compiled with 'LibreSSL 2.8.3'. See: https://github.com/urllib3/urllib3/issues/3020
  warnings.warn(
Running in AUTO mode...
Found 7 new files out of 50 total.
Skipping 2026-04-13 18:18:23 (edb15544894f4a75951777628db1b4b7) - AI processing not yet complete.
Skipping 2026-03-15 16:23:06 (f741ea39d62b8cce8461e71de8006d15) - AI processing not yet complete.
Skipping 2026-03-12 10:00:47 (f4d99481d2520131e1fe9d35142bd876) - AI processing not yet complete.
Skipping 2026-03-03 11:40:52 (5ee14a603a0eb00dc0cd014131634a49) - AI processing not yet complete.
Skipping 2026-03-02 22:55:37 (f8e768606308a898b656297de98ecdf0) - AI processing not yet complete.
Skipping 2026-03-02 18:19:41 (e2e964c6239c49aa1ac0d62fa7a9b149) - AI processing not yet complete.
Skipping 2026-02-22 03:25:10 (2091a2244a8f229875ad1e486c0de2a0) - AI processing not yet complete.
Auto mode complete.
[2026-05-05 01:56:57] Auto export completed successfully.
[2026-05-05 21:28:40] Starting auto export...
/Users/hiroshi/Library/Python/3.9/lib/python/site-packages/urllib3/__init__.py:35: NotOpenSSLWarning: urllib3 v2 only supports OpenSSL 1.1.1+, currently the 'ssl' module is compiled with 'LibreSSL 2.8.3'. See: https://github.com/urllib3/urllib3/issues/3020
  warnings.warn(
Running in AUTO mode...
Traceback (most recent call last):
  File "/Users/hiroshi/Library/Python/3.9/lib/python/site-packages/urllib3/connection.py", line 204, in _new_conn
    sock = connection.create_connection(
  File "/Users/hiroshi/Library/Python/3.9/lib/python/site-packages/urllib3/util/connection.py", line 60, in create_connection
    for res in socket.getaddrinfo(host, port, family, socket.SOCK_STREAM):
  File "/Library/Developer/CommandLineTools/Library/Frameworks/Python3.framework/Versions/3.9/lib/python3.9/socket.py", line 953, in getaddrinfo
    for res in _socket.getaddrinfo(host, port, family, type, proto, flags):
socket.gaierror: [Errno 8] nodename nor servname provided, or not known

The above exception was the direct cause of the following exception:

Traceback (most recent call last):
  File "/Users/hiroshi/Library/Python/3.9/lib/python/site-packages/urllib3/connectionpool.py", line 787, in urlopen
    response = self._make_request(
  File "/Users/hiroshi/Library/Python/3.9/lib/python/site-packages/urllib3/connectionpool.py", line 488, in _make_request
    raise new_e
  File "/Users/hiroshi/Library/Python/3.9/lib/python/site-packages/urllib3/connectionpool.py", line 464, in _make_request
    self._validate_conn(conn)
  File "/Users/hiroshi/Library/Python/3.9/lib/python/site-packages/urllib3/connectionpool.py", line 1093, in _validate_conn
    conn.connect()
  File "/Users/hiroshi/Library/Python/3.9/lib/python/site-packages/urllib3/connection.py", line 759, in connect
    self.sock = sock = self._new_conn()
  File "/Users/hiroshi/Library/Python/3.9/lib/python/site-packages/urllib3/connection.py", line 211, in _new_conn
    raise NameResolutionError(self.host, self, e) from e
urllib3.exceptions.NameResolutionError: HTTPSConnection(host='api-apne1.plaud.ai', port=443): Failed to resolve 'api-apne1.plaud.ai' ([Errno 8] nodename nor servname provided, or not known)

The above exception was the direct cause of the following exception:

Traceback (most recent call last):
  File "/Users/hiroshi/Library/Python/3.9/lib/python/site-packages/requests/adapters.py", line 644, in send
    resp = conn.urlopen(
  File "/Users/hiroshi/Library/Python/3.9/lib/python/site-packages/urllib3/connectionpool.py", line 841, in urlopen
    retries = retries.increment(
  File "/Users/hiroshi/Library/Python/3.9/lib/python/site-packages/urllib3/util/retry.py", line 519, in increment
    raise MaxRetryError(_pool, url, reason) from reason  # type: ignore[arg-type]
urllib3.exceptions.MaxRetryError: HTTPSConnectionPool(host='api-apne1.plaud.ai', port=443): Max retries exceeded with url: /file/simple/web?skip=0&limit=50&is_trash=2&sort_by=start_time&is_desc=true (Caused by NameResolutionError("HTTPSConnection(host='api-apne1.plaud.ai', port=443): Failed to resolve 'api-apne1.plaud.ai' ([Errno 8] nodename nor servname provided, or not known)"))

During handling of the above exception, another exception occurred:

Traceback (most recent call last):
  File "/Users/hiroshi/cursor/plaud_exports/plaud_export.py", line 322, in <module>
    main()
  File "/Users/hiroshi/cursor/plaud_exports/plaud_export.py", line 255, in main
    files = list_files(args.token, args.limit)
  File "/Users/hiroshi/cursor/plaud_exports/plaud_export.py", line 173, in list_files
    response = requests.get(url, headers=headers, params=params)
  File "/Users/hiroshi/Library/Python/3.9/lib/python/site-packages/requests/api.py", line 73, in get
    return request("get", url, params=params, **kwargs)
  File "/Users/hiroshi/Library/Python/3.9/lib/python/site-packages/requests/api.py", line 59, in request
    return session.request(method=method, url=url, **kwargs)
  File "/Users/hiroshi/Library/Python/3.9/lib/python/site-packages/requests/sessions.py", line 589, in request
    resp = self.send(prep, **send_kwargs)
  File "/Users/hiroshi/Library/Python/3.9/lib/python/site-packages/requests/sessions.py", line 703, in send
    r = adapter.send(request, **kwargs)
  File "/Users/hiroshi/Library/Python/3.9/lib/python/site-packages/requests/adapters.py", line 677, in send
    raise ConnectionError(e, request=request)
requests.exceptions.ConnectionError: HTTPSConnectionPool(host='api-apne1.plaud.ai', port=443): Max retries exceeded with url: /file/simple/web?skip=0&limit=50&is_trash=2&sort_by=start_time&is_desc=true (Caused by NameResolutionError("HTTPSConnection(host='api-apne1.plaud.ai', port=443): Failed to resolve 'api-apne1.plaud.ai' ([Errno 8] nodename nor servname provided, or not known)"))
[2026-05-05 21:28:40] ERROR: Auto export failed with exit code 1
[2026-05-06 00:06:02] Starting auto export...
/Users/hiroshi/Library/Python/3.9/lib/python/site-packages/urllib3/__init__.py:35: NotOpenSSLWarning: urllib3 v2 only supports OpenSSL 1.1.1+, currently the 'ssl' module is compiled with 'LibreSSL 2.8.3'. See: https://github.com/urllib3/urllib3/issues/3020
  warnings.warn(
Running in AUTO mode...
Found 7 new files out of 50 total.
Skipping 2026-04-13 18:18:23 (edb15544894f4a75951777628db1b4b7) - AI processing not yet complete.
Skipping 2026-03-15 16:23:06 (f741ea39d62b8cce8461e71de8006d15) - AI processing not yet complete.
Skipping 2026-03-12 10:00:47 (f4d99481d2520131e1fe9d35142bd876) - AI processing not yet complete.
Skipping 2026-03-03 11:40:52 (5ee14a603a0eb00dc0cd014131634a49) - AI processing not yet complete.
Skipping 2026-03-02 22:55:37 (f8e768606308a898b656297de98ecdf0) - AI processing not yet complete.
Skipping 2026-03-02 18:19:41 (e2e964c6239c49aa1ac0d62fa7a9b149) - AI processing not yet complete.
Skipping 2026-02-22 03:25:10 (2091a2244a8f229875ad1e486c0de2a0) - AI processing not yet complete.
Auto mode complete.
[2026-05-06 00:06:03] Auto export completed successfully.
[2026-05-06 01:06:03] Starting auto export...
/Users/hiroshi/Library/Python/3.9/lib/python/site-packages/urllib3/__init__.py:35: NotOpenSSLWarning: urllib3 v2 only supports OpenSSL 1.1.1+, currently the 'ssl' module is compiled with 'LibreSSL 2.8.3'. See: https://github.com/urllib3/urllib3/issues/3020
  warnings.warn(
Running in AUTO mode...
Found 7 new files out of 50 total.
Skipping 2026-04-13 18:18:23 (edb15544894f4a75951777628db1b4b7) - AI processing not yet complete.
Skipping 2026-03-15 16:23:06 (f741ea39d62b8cce8461e71de8006d15) - AI processing not yet complete.
Skipping 2026-03-12 10:00:47 (f4d99481d2520131e1fe9d35142bd876) - AI processing not yet complete.
Skipping 2026-03-03 11:40:52 (5ee14a603a0eb00dc0cd014131634a49) - AI processing not yet complete.
Skipping 2026-03-02 22:55:37 (f8e768606308a898b656297de98ecdf0) - AI processing not yet complete.
Skipping 2026-03-02 18:19:41 (e2e964c6239c49aa1ac0d62fa7a9b149) - AI processing not yet complete.
Skipping 2026-02-22 03:25:10 (2091a2244a8f229875ad1e486c0de2a0) - AI processing not yet complete.
Auto mode complete.
[2026-05-06 01:06:03] Auto export completed successfully.
[2026-05-06 02:06:03] Starting auto export...
/Users/hiroshi/Library/Python/3.9/lib/python/site-packages/urllib3/__init__.py:35: NotOpenSSLWarning: urllib3 v2 only supports OpenSSL 1.1.1+, currently the 'ssl' module is compiled with 'LibreSSL 2.8.3'. See: https://github.com/urllib3/urllib3/issues/3020
  warnings.warn(
Running in AUTO mode...
Found 7 new files out of 50 total.
Skipping 2026-04-13 18:18:23 (edb15544894f4a75951777628db1b4b7) - AI processing not yet complete.
Skipping 2026-03-15 16:23:06 (f741ea39d62b8cce8461e71de8006d15) - AI processing not yet complete.
Skipping 2026-03-12 10:00:47 (f4d99481d2520131e1fe9d35142bd876) - AI processing not yet complete.
Skipping 2026-03-03 11:40:52 (5ee14a603a0eb00dc0cd014131634a49) - AI processing not yet complete.
Skipping 2026-03-02 22:55:37 (f8e768606308a898b656297de98ecdf0) - AI processing not yet complete.
Skipping 2026-03-02 18:19:41 (e2e964c6239c49aa1ac0d62fa7a9b149) - AI processing not yet complete.
Skipping 2026-02-22 03:25:10 (2091a2244a8f229875ad1e486c0de2a0) - AI processing not yet complete.
Auto mode complete.
[2026-05-06 02:06:04] Auto export completed successfully.
[2026-05-06 03:06:04] Starting auto export...
/Users/hiroshi/Library/Python/3.9/lib/python/site-packages/urllib3/__init__.py:35: NotOpenSSLWarning: urllib3 v2 only supports OpenSSL 1.1.1+, currently the 'ssl' module is compiled with 'LibreSSL 2.8.3'. See: https://github.com/urllib3/urllib3/issues/3020
  warnings.warn(
Running in AUTO mode...
Found 7 new files out of 50 total.
Skipping 2026-04-13 18:18:23 (edb15544894f4a75951777628db1b4b7) - AI processing not yet complete.
Skipping 2026-03-15 16:23:06 (f741ea39d62b8cce8461e71de8006d15) - AI processing not yet complete.
Skipping 2026-03-12 10:00:47 (f4d99481d2520131e1fe9d35142bd876) - AI processing not yet complete.
Skipping 2026-03-03 11:40:52 (5ee14a603a0eb00dc0cd014131634a49) - AI processing not yet complete.
Skipping 2026-03-02 22:55:37 (f8e768606308a898b656297de98ecdf0) - AI processing not yet complete.
Skipping 2026-03-02 18:19:41 (e2e964c6239c49aa1ac0d62fa7a9b149) - AI processing not yet complete.
Skipping 2026-02-22 03:25:10 (2091a2244a8f229875ad1e486c0de2a0) - AI processing not yet complete.
Auto mode complete.
[2026-05-06 03:06:05] Auto export completed successfully.
[2026-05-06 07:56:53] Starting auto export...
/Users/hiroshi/Library/Python/3.9/lib/python/site-packages/urllib3/__init__.py:35: NotOpenSSLWarning: urllib3 v2 only supports OpenSSL 1.1.1+, currently the 'ssl' module is compiled with 'LibreSSL 2.8.3'. See: https://github.com/urllib3/urllib3/issues/3020
  warnings.warn(
Running in AUTO mode...
Found 7 new files out of 50 total.
Skipping 2026-04-13 18:18:23 (edb15544894f4a75951777628db1b4b7) - AI processing not yet complete.
Skipping 2026-03-15 16:23:06 (f741ea39d62b8cce8461e71de8006d15) - AI processing not yet complete.
Skipping 2026-03-12 10:00:47 (f4d99481d2520131e1fe9d35142bd876) - AI processing not yet complete.
Skipping 2026-03-03 11:40:52 (5ee14a603a0eb00dc0cd014131634a49) - AI processing not yet complete.
Skipping 2026-03-02 22:55:37 (f8e768606308a898b656297de98ecdf0) - AI processing not yet complete.
Skipping 2026-03-02 18:19:41 (e2e964c6239c49aa1ac0d62fa7a9b149) - AI processing not yet complete.
Skipping 2026-02-22 03:25:10 (2091a2244a8f229875ad1e486c0de2a0) - AI processing not yet complete.
Auto mode complete.
[2026-05-06 07:56:54] Auto export completed successfully.
[2026-05-06 14:29:31] Starting auto export...
/Users/hiroshi/Library/Python/3.9/lib/python/site-packages/urllib3/__init__.py:35: NotOpenSSLWarning: urllib3 v2 only supports OpenSSL 1.1.1+, currently the 'ssl' module is compiled with 'LibreSSL 2.8.3'. See: https://github.com/urllib3/urllib3/issues/3020
  warnings.warn(
Running in AUTO mode...
Traceback (most recent call last):
  File "/Users/hiroshi/Library/Python/3.9/lib/python/site-packages/urllib3/connection.py", line 204, in _new_conn
    sock = connection.create_connection(
  File "/Users/hiroshi/Library/Python/3.9/lib/python/site-packages/urllib3/util/connection.py", line 60, in create_connection
    for res in socket.getaddrinfo(host, port, family, socket.SOCK_STREAM):
  File "/Library/Developer/CommandLineTools/Library/Frameworks/Python3.framework/Versions/3.9/lib/python3.9/socket.py", line 953, in getaddrinfo
    for res in _socket.getaddrinfo(host, port, family, type, proto, flags):
socket.gaierror: [Errno 8] nodename nor servname provided, or not known

The above exception was the direct cause of the following exception:

Traceback (most recent call last):
  File "/Users/hiroshi/Library/Python/3.9/lib/python/site-packages/urllib3/connectionpool.py", line 787, in urlopen
    response = self._make_request(
  File "/Users/hiroshi/Library/Python/3.9/lib/python/site-packages/urllib3/connectionpool.py", line 488, in _make_request
    raise new_e
  File "/Users/hiroshi/Library/Python/3.9/lib/python/site-packages/urllib3/connectionpool.py", line 464, in _make_request
    self._validate_conn(conn)
  File "/Users/hiroshi/Library/Python/3.9/lib/python/site-packages/urllib3/connectionpool.py", line 1093, in _validate_conn
    conn.connect()
  File "/Users/hiroshi/Library/Python/3.9/lib/python/site-packages/urllib3/connection.py", line 759, in connect
    self.sock = sock = self._new_conn()
  File "/Users/hiroshi/Library/Python/3.9/lib/python/site-packages/urllib3/connection.py", line 211, in _new_conn
    raise NameResolutionError(self.host, self, e) from e
urllib3.exceptions.NameResolutionError: HTTPSConnection(host='api-apne1.plaud.ai', port=443): Failed to resolve 'api-apne1.plaud.ai' ([Errno 8] nodename nor servname provided, or not known)

The above exception was the direct cause of the following exception:

Traceback (most recent call last):
  File "/Users/hiroshi/Library/Python/3.9/lib/python/site-packages/requests/adapters.py", line 644, in send
    resp = conn.urlopen(
  File "/Users/hiroshi/Library/Python/3.9/lib/python/site-packages/urllib3/connectionpool.py", line 841, in urlopen
    retries = retries.increment(
  File "/Users/hiroshi/Library/Python/3.9/lib/python/site-packages/urllib3/util/retry.py", line 519, in increment
    raise MaxRetryError(_pool, url, reason) from reason  # type: ignore[arg-type]
urllib3.exceptions.MaxRetryError: HTTPSConnectionPool(host='api-apne1.plaud.ai', port=443): Max retries exceeded with url: /file/simple/web?skip=0&limit=50&is_trash=2&sort_by=start_time&is_desc=true (Caused by NameResolutionError("HTTPSConnection(host='api-apne1.plaud.ai', port=443): Failed to resolve 'api-apne1.plaud.ai' ([Errno 8] nodename nor servname provided, or not known)"))

During handling of the above exception, another exception occurred:

Traceback (most recent call last):
  File "/Users/hiroshi/cursor/plaud_exports/plaud_export.py", line 322, in <module>
    main()
  File "/Users/hiroshi/cursor/plaud_exports/plaud_export.py", line 255, in main
    files = list_files(args.token, args.limit)
  File "/Users/hiroshi/cursor/plaud_exports/plaud_export.py", line 173, in list_files
    response = requests.get(url, headers=headers, params=params)
  File "/Users/hiroshi/Library/Python/3.9/lib/python/site-packages/requests/api.py", line 73, in get
    return request("get", url, params=params, **kwargs)
  File "/Users/hiroshi/Library/Python/3.9/lib/python/site-packages/requests/api.py", line 59, in request
    return session.request(method=method, url=url, **kwargs)
  File "/Users/hiroshi/Library/Python/3.9/lib/python/site-packages/requests/sessions.py", line 589, in request
    resp = self.send(prep, **send_kwargs)
  File "/Users/hiroshi/Library/Python/3.9/lib/python/site-packages/requests/sessions.py", line 703, in send
    r = adapter.send(request, **kwargs)
  File "/Users/hiroshi/Library/Python/3.9/lib/python/site-packages/requests/adapters.py", line 677, in send
    raise ConnectionError(e, request=request)
requests.exceptions.ConnectionError: HTTPSConnectionPool(host='api-apne1.plaud.ai', port=443): Max retries exceeded with url: /file/simple/web?skip=0&limit=50&is_trash=2&sort_by=start_time&is_desc=true (Caused by NameResolutionError("HTTPSConnection(host='api-apne1.plaud.ai', port=443): Failed to resolve 'api-apne1.plaud.ai' ([Errno 8] nodename nor servname provided, or not known)"))
[2026-05-06 14:29:31] ERROR: Auto export failed with exit code 1
[2026-05-06 21:54:32] Starting auto export...
/Users/hiroshi/Library/Python/3.9/lib/python/site-packages/urllib3/__init__.py:35: NotOpenSSLWarning: urllib3 v2 only supports OpenSSL 1.1.1+, currently the 'ssl' module is compiled with 'LibreSSL 2.8.3'. See: https://github.com/urllib3/urllib3/issues/3020
  warnings.warn(
Running in AUTO mode...
Traceback (most recent call last):
  File "/Users/hiroshi/Library/Python/3.9/lib/python/site-packages/urllib3/connection.py", line 204, in _new_conn
    sock = connection.create_connection(
  File "/Users/hiroshi/Library/Python/3.9/lib/python/site-packages/urllib3/util/connection.py", line 60, in create_connection
    for res in socket.getaddrinfo(host, port, family, socket.SOCK_STREAM):
  File "/Library/Developer/CommandLineTools/Library/Frameworks/Python3.framework/Versions/3.9/lib/python3.9/socket.py", line 953, in getaddrinfo
    for res in _socket.getaddrinfo(host, port, family, type, proto, flags):
socket.gaierror: [Errno 8] nodename nor servname provided, or not known

The above exception was the direct cause of the following exception:

Traceback (most recent call last):
  File "/Users/hiroshi/Library/Python/3.9/lib/python/site-packages/urllib3/connectionpool.py", line 787, in urlopen
    response = self._make_request(
  File "/Users/hiroshi/Library/Python/3.9/lib/python/site-packages/urllib3/connectionpool.py", line 488, in _make_request
    raise new_e
  File "/Users/hiroshi/Library/Python/3.9/lib/python/site-packages/urllib3/connectionpool.py", line 464, in _make_request
    self._validate_conn(conn)
  File "/Users/hiroshi/Library/Python/3.9/lib/python/site-packages/urllib3/connectionpool.py", line 1093, in _validate_conn
    conn.connect()
  File "/Users/hiroshi/Library/Python/3.9/lib/python/site-packages/urllib3/connection.py", line 759, in connect
    self.sock = sock = self._new_conn()
  File "/Users/hiroshi/Library/Python/3.9/lib/python/site-packages/urllib3/connection.py", line 211, in _new_conn
    raise NameResolutionError(self.host, self, e) from e
urllib3.exceptions.NameResolutionError: HTTPSConnection(host='api-apne1.plaud.ai', port=443): Failed to resolve 'api-apne1.plaud.ai' ([Errno 8] nodename nor servname provided, or not known)

The above exception was the direct cause of the following exception:

Traceback (most recent call last):
  File "/Users/hiroshi/Library/Python/3.9/lib/python/site-packages/requests/adapters.py", line 644, in send
    resp = conn.urlopen(
  File "/Users/hiroshi/Library/Python/3.9/lib/python/site-packages/urllib3/connectionpool.py", line 841, in urlopen
    retries = retries.increment(
  File "/Users/hiroshi/Library/Python/3.9/lib/python/site-packages/urllib3/util/retry.py", line 519, in increment
    raise MaxRetryError(_pool, url, reason) from reason  # type: ignore[arg-type]
urllib3.exceptions.MaxRetryError: HTTPSConnectionPool(host='api-apne1.plaud.ai', port=443): Max retries exceeded with url: /file/simple/web?skip=0&limit=50&is_trash=2&sort_by=start_time&is_desc=true (Caused by NameResolutionError("HTTPSConnection(host='api-apne1.plaud.ai', port=443): Failed to resolve 'api-apne1.plaud.ai' ([Errno 8] nodename nor servname provided, or not known)"))

During handling of the above exception, another exception occurred:

Traceback (most recent call last):
  File "/Users/hiroshi/cursor/plaud_exports/plaud_export.py", line 322, in <module>
    main()
  File "/Users/hiroshi/cursor/plaud_exports/plaud_export.py", line 255, in main
    files = list_files(args.token, args.limit)
  File "/Users/hiroshi/cursor/plaud_exports/plaud_export.py", line 173, in list_files
    response = requests.get(url, headers=headers, params=params)
  File "/Users/hiroshi/Library/Python/3.9/lib/python/site-packages/requests/api.py", line 73, in get
    return request("get", url, params=params, **kwargs)
  File "/Users/hiroshi/Library/Python/3.9/lib/python/site-packages/requests/api.py", line 59, in request
    return session.request(method=method, url=url, **kwargs)
  File "/Users/hiroshi/Library/Python/3.9/lib/python/site-packages/requests/sessions.py", line 589, in request
    resp = self.send(prep, **send_kwargs)
  File "/Users/hiroshi/Library/Python/3.9/lib/python/site-packages/requests/sessions.py", line 703, in send
    r = adapter.send(request, **kwargs)
  File "/Users/hiroshi/Library/Python/3.9/lib/python/site-packages/requests/adapters.py", line 677, in send
    raise ConnectionError(e, request=request)
requests.exceptions.ConnectionError: HTTPSConnectionPool(host='api-apne1.plaud.ai', port=443): Max retries exceeded with url: /file/simple/web?skip=0&limit=50&is_trash=2&sort_by=start_time&is_desc=true (Caused by NameResolutionError("HTTPSConnection(host='api-apne1.plaud.ai', port=443): Failed to resolve 'api-apne1.plaud.ai' ([Errno 8] nodename nor servname provided, or not known)"))
[2026-05-06 21:54:32] ERROR: Auto export failed with exit code 1
[2026-05-07 10:38:39] Starting auto export...
/Users/hiroshi/Library/Python/3.9/lib/python/site-packages/urllib3/__init__.py:35: NotOpenSSLWarning: urllib3 v2 only supports OpenSSL 1.1.1+, currently the 'ssl' module is compiled with 'LibreSSL 2.8.3'. See: https://github.com/urllib3/urllib3/issues/3020
  warnings.warn(
Running in AUTO mode...
Traceback (most recent call last):
  File "/Users/hiroshi/Library/Python/3.9/lib/python/site-packages/urllib3/connection.py", line 204, in _new_conn
    sock = connection.create_connection(
  File "/Users/hiroshi/Library/Python/3.9/lib/python/site-packages/urllib3/util/connection.py", line 60, in create_connection
    for res in socket.getaddrinfo(host, port, family, socket.SOCK_STREAM):
  File "/Library/Developer/CommandLineTools/Library/Frameworks/Python3.framework/Versions/3.9/lib/python3.9/socket.py", line 953, in getaddrinfo
    for res in _socket.getaddrinfo(host, port, family, type, proto, flags):
socket.gaierror: [Errno 8] nodename nor servname provided, or not known

The above exception was the direct cause of the following exception:

Traceback (most recent call last):
  File "/Users/hiroshi/Library/Python/3.9/lib/python/site-packages/urllib3/connectionpool.py", line 787, in urlopen
    response = self._make_request(
  File "/Users/hiroshi/Library/Python/3.9/lib/python/site-packages/urllib3/connectionpool.py", line 488, in _make_request
    raise new_e
  File "/Users/hiroshi/Library/Python/3.9/lib/python/site-packages/urllib3/connectionpool.py", line 464, in _make_request
    self._validate_conn(conn)
  File "/Users/hiroshi/Library/Python/3.9/lib/python/site-packages/urllib3/connectionpool.py", line 1093, in _validate_conn
    conn.connect()
  File "/Users/hiroshi/Library/Python/3.9/lib/python/site-packages/urllib3/connection.py", line 759, in connect
    self.sock = sock = self._new_conn()
  File "/Users/hiroshi/Library/Python/3.9/lib/python/site-packages/urllib3/connection.py", line 211, in _new_conn
    raise NameResolutionError(self.host, self, e) from e
urllib3.exceptions.NameResolutionError: HTTPSConnection(host='api-apne1.plaud.ai', port=443): Failed to resolve 'api-apne1.plaud.ai' ([Errno 8] nodename nor servname provided, or not known)

The above exception was the direct cause of the following exception:

Traceback (most recent call last):
  File "/Users/hiroshi/Library/Python/3.9/lib/python/site-packages/requests/adapters.py", line 644, in send
    resp = conn.urlopen(
  File "/Users/hiroshi/Library/Python/3.9/lib/python/site-packages/urllib3/connectionpool.py", line 841, in urlopen
    retries = retries.increment(
  File "/Users/hiroshi/Library/Python/3.9/lib/python/site-packages/urllib3/util/retry.py", line 519, in increment
    raise MaxRetryError(_pool, url, reason) from reason  # type: ignore[arg-type]
urllib3.exceptions.MaxRetryError: HTTPSConnectionPool(host='api-apne1.plaud.ai', port=443): Max retries exceeded with url: /file/simple/web?skip=0&limit=50&is_trash=2&sort_by=start_time&is_desc=true (Caused by NameResolutionError("HTTPSConnection(host='api-apne1.plaud.ai', port=443): Failed to resolve 'api-apne1.plaud.ai' ([Errno 8] nodename nor servname provided, or not known)"))

During handling of the above exception, another exception occurred:

Traceback (most recent call last):
  File "/Users/hiroshi/cursor/plaud_exports/plaud_export.py", line 322, in <module>
    main()
  File "/Users/hiroshi/cursor/plaud_exports/plaud_export.py", line 255, in main
    files = list_files(args.token, args.limit)
  File "/Users/hiroshi/cursor/plaud_exports/plaud_export.py", line 173, in list_files
    response = requests.get(url, headers=headers, params=params)
  File "/Users/hiroshi/Library/Python/3.9/lib/python/site-packages/requests/api.py", line 73, in get
    return request("get", url, params=params, **kwargs)
  File "/Users/hiroshi/Library/Python/3.9/lib/python/site-packages/requests/api.py", line 59, in request
    return session.request(method=method, url=url, **kwargs)
  File "/Users/hiroshi/Library/Python/3.9/lib/python/site-packages/requests/sessions.py", line 589, in request
    resp = self.send(prep, **send_kwargs)
  File "/Users/hiroshi/Library/Python/3.9/lib/python/site-packages/requests/sessions.py", line 703, in send
    r = adapter.send(request, **kwargs)
  File "/Users/hiroshi/Library/Python/3.9/lib/python/site-packages/requests/adapters.py", line 677, in send
    raise ConnectionError(e, request=request)
requests.exceptions.ConnectionError: HTTPSConnectionPool(host='api-apne1.plaud.ai', port=443): Max retries exceeded with url: /file/simple/web?skip=0&limit=50&is_trash=2&sort_by=start_time&is_desc=true (Caused by NameResolutionError("HTTPSConnection(host='api-apne1.plaud.ai', port=443): Failed to resolve 'api-apne1.plaud.ai' ([Errno 8] nodename nor servname provided, or not known)"))
[2026-05-07 10:38:40] ERROR: Auto export failed with exit code 1
[2026-05-07 12:31:36] Starting auto export...
/Users/hiroshi/Library/Python/3.9/lib/python/site-packages/urllib3/__init__.py:35: NotOpenSSLWarning: urllib3 v2 only supports OpenSSL 1.1.1+, currently the 'ssl' module is compiled with 'LibreSSL 2.8.3'. See: https://github.com/urllib3/urllib3/issues/3020
  warnings.warn(
Running in AUTO mode...
Traceback (most recent call last):
  File "/Users/hiroshi/Library/Python/3.9/lib/python/site-packages/urllib3/connection.py", line 204, in _new_conn
    sock = connection.create_connection(
  File "/Users/hiroshi/Library/Python/3.9/lib/python/site-packages/urllib3/util/connection.py", line 60, in create_connection
    for res in socket.getaddrinfo(host, port, family, socket.SOCK_STREAM):
  File "/Library/Developer/CommandLineTools/Library/Frameworks/Python3.framework/Versions/3.9/lib/python3.9/socket.py", line 953, in getaddrinfo
    for res in _socket.getaddrinfo(host, port, family, type, proto, flags):
socket.gaierror: [Errno 8] nodename nor servname provided, or not known

The above exception was the direct cause of the following exception:

Traceback (most recent call last):
  File "/Users/hiroshi/Library/Python/3.9/lib/python/site-packages/urllib3/connectionpool.py", line 787, in urlopen
    response = self._make_request(
  File "/Users/hiroshi/Library/Python/3.9/lib/python/site-packages/urllib3/connectionpool.py", line 488, in _make_request
    raise new_e
  File "/Users/hiroshi/Library/Python/3.9/lib/python/site-packages/urllib3/connectionpool.py", line 464, in _make_request
    self._validate_conn(conn)
  File "/Users/hiroshi/Library/Python/3.9/lib/python/site-packages/urllib3/connectionpool.py", line 1093, in _validate_conn
    conn.connect()
  File "/Users/hiroshi/Library/Python/3.9/lib/python/site-packages/urllib3/connection.py", line 759, in connect
    self.sock = sock = self._new_conn()
  File "/Users/hiroshi/Library/Python/3.9/lib/python/site-packages/urllib3/connection.py", line 211, in _new_conn
    raise NameResolutionError(self.host, self, e) from e
urllib3.exceptions.NameResolutionError: HTTPSConnection(host='api-apne1.plaud.ai', port=443): Failed to resolve 'api-apne1.plaud.ai' ([Errno 8] nodename nor servname provided, or not known)

The above exception was the direct cause of the following exception:

Traceback (most recent call last):
  File "/Users/hiroshi/Library/Python/3.9/lib/python/site-packages/requests/adapters.py", line 644, in send
    resp = conn.urlopen(
  File "/Users/hiroshi/Library/Python/3.9/lib/python/site-packages/urllib3/connectionpool.py", line 841, in urlopen
    retries = retries.increment(
  File "/Users/hiroshi/Library/Python/3.9/lib/python/site-packages/urllib3/util/retry.py", line 519, in increment
    raise MaxRetryError(_pool, url, reason) from reason  # type: ignore[arg-type]
urllib3.exceptions.MaxRetryError: HTTPSConnectionPool(host='api-apne1.plaud.ai', port=443): Max retries exceeded with url: /file/simple/web?skip=0&limit=50&is_trash=2&sort_by=start_time&is_desc=true (Caused by NameResolutionError("HTTPSConnection(host='api-apne1.plaud.ai', port=443): Failed to resolve 'api-apne1.plaud.ai' ([Errno 8] nodename nor servname provided, or not known)"))

During handling of the above exception, another exception occurred:

Traceback (most recent call last):
  File "/Users/hiroshi/cursor/plaud_exports/plaud_export.py", line 322, in <module>
    main()
  File "/Users/hiroshi/cursor/plaud_exports/plaud_export.py", line 255, in main
    files = list_files(args.token, args.limit)
  File "/Users/hiroshi/cursor/plaud_exports/plaud_export.py", line 173, in list_files
    response = requests.get(url, headers=headers, params=params)
  File "/Users/hiroshi/Library/Python/3.9/lib/python/site-packages/requests/api.py", line 73, in get
    return request("get", url, params=params, **kwargs)
  File "/Users/hiroshi/Library/Python/3.9/lib/python/site-packages/requests/api.py", line 59, in request
    return session.request(method=method, url=url, **kwargs)
  File "/Users/hiroshi/Library/Python/3.9/lib/python/site-packages/requests/sessions.py", line 589, in request
    resp = self.send(prep, **send_kwargs)
  File "/Users/hiroshi/Library/Python/3.9/lib/python/site-packages/requests/sessions.py", line 703, in send
    r = adapter.send(request, **kwargs)
  File "/Users/hiroshi/Library/Python/3.9/lib/python/site-packages/requests/adapters.py", line 677, in send
    raise ConnectionError(e, request=request)
requests.exceptions.ConnectionError: HTTPSConnectionPool(host='api-apne1.plaud.ai', port=443): Max retries exceeded with url: /file/simple/web?skip=0&limit=50&is_trash=2&sort_by=start_time&is_desc=true (Caused by NameResolutionError("HTTPSConnection(host='api-apne1.plaud.ai', port=443): Failed to resolve 'api-apne1.plaud.ai' ([Errno 8] nodename nor servname provided, or not known)"))
[2026-05-07 12:31:36] ERROR: Auto export failed with exit code 1
[2026-05-07 16:30:13] Starting auto export...
/Users/hiroshi/Library/Python/3.9/lib/python/site-packages/urllib3/__init__.py:35: NotOpenSSLWarning: urllib3 v2 only supports OpenSSL 1.1.1+, currently the 'ssl' module is compiled with 'LibreSSL 2.8.3'. See: https://github.com/urllib3/urllib3/issues/3020
  warnings.warn(
Running in AUTO mode...
Found 7 new files out of 50 total.
Skipping 2026-04-13 18:18:23 (edb15544894f4a75951777628db1b4b7) - AI processing not yet complete.
Skipping 2026-03-15 16:23:06 (f741ea39d62b8cce8461e71de8006d15) - AI processing not yet complete.
Skipping 2026-03-12 10:00:47 (f4d99481d2520131e1fe9d35142bd876) - AI processing not yet complete.
Skipping 2026-03-03 11:40:52 (5ee14a603a0eb00dc0cd014131634a49) - AI processing not yet complete.
Skipping 2026-03-02 22:55:37 (f8e768606308a898b656297de98ecdf0) - AI processing not yet complete.
Skipping 2026-03-02 18:19:41 (e2e964c6239c49aa1ac0d62fa7a9b149) - AI processing not yet complete.
Skipping 2026-02-22 03:25:10 (2091a2244a8f229875ad1e486c0de2a0) - AI processing not yet complete.
Auto mode complete.
[2026-05-07 16:30:14] Auto export completed successfully.
[2026-05-07 20:22:19] Starting auto export...
/Users/hiroshi/Library/Python/3.9/lib/python/site-packages/urllib3/__init__.py:35: NotOpenSSLWarning: urllib3 v2 only supports OpenSSL 1.1.1+, currently the 'ssl' module is compiled with 'LibreSSL 2.8.3'. See: https://github.com/urllib3/urllib3/issues/3020
  warnings.warn(
Running in AUTO mode...
Found 7 new files out of 50 total.
Skipping 2026-04-13 18:18:23 (edb15544894f4a75951777628db1b4b7) - AI processing not yet complete.
Skipping 2026-03-15 16:23:06 (f741ea39d62b8cce8461e71de8006d15) - AI processing not yet complete.
Skipping 2026-03-12 10:00:47 (f4d99481d2520131e1fe9d35142bd876) - AI processing not yet complete.
Skipping 2026-03-03 11:40:52 (5ee14a603a0eb00dc0cd014131634a49) - AI processing not yet complete.
Skipping 2026-03-02 22:55:37 (f8e768606308a898b656297de98ecdf0) - AI processing not yet complete.
Skipping 2026-03-02 18:19:41 (e2e964c6239c49aa1ac0d62fa7a9b149) - AI processing not yet complete.
Skipping 2026-02-22 03:25:10 (2091a2244a8f229875ad1e486c0de2a0) - AI processing not yet complete.
Auto mode complete.
[2026-05-07 20:22:20] Auto export completed successfully.
[2026-05-08 09:38:56] Starting auto export...
/Users/hiroshi/Library/Python/3.9/lib/python/site-packages/urllib3/__init__.py:35: NotOpenSSLWarning: urllib3 v2 only supports OpenSSL 1.1.1+, currently the 'ssl' module is compiled with 'LibreSSL 2.8.3'. See: https://github.com/urllib3/urllib3/issues/3020
  warnings.warn(
Running in AUTO mode...
Found 7 new files out of 50 total.
Skipping 2026-04-13 18:18:23 (edb15544894f4a75951777628db1b4b7) - AI processing not yet complete.
Skipping 2026-03-15 16:23:06 (f741ea39d62b8cce8461e71de8006d15) - AI processing not yet complete.
Skipping 2026-03-12 10:00:47 (f4d99481d2520131e1fe9d35142bd876) - AI processing not yet complete.
Skipping 2026-03-03 11:40:52 (5ee14a603a0eb00dc0cd014131634a49) - AI processing not yet complete.
Skipping 2026-03-02 22:55:37 (f8e768606308a898b656297de98ecdf0) - AI processing not yet complete.
Skipping 2026-03-02 18:19:41 (e2e964c6239c49aa1ac0d62fa7a9b149) - AI processing not yet complete.
Skipping 2026-02-22 03:25:10 (2091a2244a8f229875ad1e486c0de2a0) - AI processing not yet complete.
Auto mode complete.
[2026-05-08 09:38:59] Auto export completed successfully.
[2026-05-08 14:16:48] Starting auto export...
/Users/hiroshi/Library/Python/3.9/lib/python/site-packages/urllib3/__init__.py:35: NotOpenSSLWarning: urllib3 v2 only supports OpenSSL 1.1.1+, currently the 'ssl' module is compiled with 'LibreSSL 2.8.3'. See: https://github.com/urllib3/urllib3/issues/3020
  warnings.warn(
Running in AUTO mode...
Found 7 new files out of 50 total.
Skipping 2026-04-13 18:18:23 (edb15544894f4a75951777628db1b4b7) - AI processing not yet complete.
Skipping 2026-03-15 16:23:06 (f741ea39d62b8cce8461e71de8006d15) - AI processing not yet complete.
Skipping 2026-03-12 10:00:47 (f4d99481d2520131e1fe9d35142bd876) - AI processing not yet complete.
Skipping 2026-03-03 11:40:52 (5ee14a603a0eb00dc0cd014131634a49) - AI processing not yet complete.
Skipping 2026-03-02 22:55:37 (f8e768606308a898b656297de98ecdf0) - AI processing not yet complete.
Skipping 2026-03-02 18:19:41 (e2e964c6239c49aa1ac0d62fa7a9b149) - AI processing not yet complete.
Skipping 2026-02-22 03:25:10 (2091a2244a8f229875ad1e486c0de2a0) - AI processing not yet complete.
Auto mode complete.
[2026-05-08 14:16:49] Auto export completed successfully.
[2026-05-08 17:53:32] Starting auto export...
/Users/hiroshi/Library/Python/3.9/lib/python/site-packages/urllib3/__init__.py:35: NotOpenSSLWarning: urllib3 v2 only supports OpenSSL 1.1.1+, currently the 'ssl' module is compiled with 'LibreSSL 2.8.3'. See: https://github.com/urllib3/urllib3/issues/3020
  warnings.warn(
Running in AUTO mode...
Found 7 new files out of 50 total.
Skipping 2026-04-13 18:18:23 (edb15544894f4a75951777628db1b4b7) - AI processing not yet complete.
Skipping 2026-03-15 16:23:06 (f741ea39d62b8cce8461e71de8006d15) - AI processing not yet complete.
Skipping 2026-03-12 10:00:47 (f4d99481d2520131e1fe9d35142bd876) - AI processing not yet complete.
Skipping 2026-03-03 11:40:52 (5ee14a603a0eb00dc0cd014131634a49) - AI processing not yet complete.
Skipping 2026-03-02 22:55:37 (f8e768606308a898b656297de98ecdf0) - AI processing not yet complete.
Skipping 2026-03-02 18:19:41 (e2e964c6239c49aa1ac0d62fa7a9b149) - AI processing not yet complete.
Skipping 2026-02-22 03:25:10 (2091a2244a8f229875ad1e486c0de2a0) - AI processing not yet complete.
Auto mode complete.
[2026-05-08 17:53:33] Auto export completed successfully.
[2026-05-08 23:49:58] Starting auto export...
/Users/hiroshi/Library/Python/3.9/lib/python/site-packages/urllib3/__init__.py:35: NotOpenSSLWarning: urllib3 v2 only supports OpenSSL 1.1.1+, currently the 'ssl' module is compiled with 'LibreSSL 2.8.3'. See: https://github.com/urllib3/urllib3/issues/3020
  warnings.warn(
Running in AUTO mode...
Traceback (most recent call last):
  File "/Users/hiroshi/Library/Python/3.9/lib/python/site-packages/urllib3/connection.py", line 204, in _new_conn
    sock = connection.create_connection(
  File "/Users/hiroshi/Library/Python/3.9/lib/python/site-packages/urllib3/util/connection.py", line 60, in create_connection
    for res in socket.getaddrinfo(host, port, family, socket.SOCK_STREAM):
  File "/Library/Developer/CommandLineTools/Library/Frameworks/Python3.framework/Versions/3.9/lib/python3.9/socket.py", line 953, in getaddrinfo
    for res in _socket.getaddrinfo(host, port, family, type, proto, flags):
socket.gaierror: [Errno 8] nodename nor servname provided, or not known

The above exception was the direct cause of the following exception:

Traceback (most recent call last):
  File "/Users/hiroshi/Library/Python/3.9/lib/python/site-packages/urllib3/connectionpool.py", line 787, in urlopen
    response = self._make_request(
  File "/Users/hiroshi/Library/Python/3.9/lib/python/site-packages/urllib3/connectionpool.py", line 488, in _make_request
    raise new_e
  File "/Users/hiroshi/Library/Python/3.9/lib/python/site-packages/urllib3/connectionpool.py", line 464, in _make_request
    self._validate_conn(conn)
  File "/Users/hiroshi/Library/Python/3.9/lib/python/site-packages/urllib3/connectionpool.py", line 1093, in _validate_conn
    conn.connect()
  File "/Users/hiroshi/Library/Python/3.9/lib/python/site-packages/urllib3/connection.py", line 759, in connect
    self.sock = sock = self._new_conn()
  File "/Users/hiroshi/Library/Python/3.9/lib/python/site-packages/urllib3/connection.py", line 211, in _new_conn
    raise NameResolutionError(self.host, self, e) from e
urllib3.exceptions.NameResolutionError: HTTPSConnection(host='api-apne1.plaud.ai', port=443): Failed to resolve 'api-apne1.plaud.ai' ([Errno 8] nodename nor servname provided, or not known)

The above exception was the direct cause of the following exception:

Traceback (most recent call last):
  File "/Users/hiroshi/Library/Python/3.9/lib/python/site-packages/requests/adapters.py", line 644, in send
    resp = conn.urlopen(
  File "/Users/hiroshi/Library/Python/3.9/lib/python/site-packages/urllib3/connectionpool.py", line 841, in urlopen
    retries = retries.increment(
  File "/Users/hiroshi/Library/Python/3.9/lib/python/site-packages/urllib3/util/retry.py", line 519, in increment
    raise MaxRetryError(_pool, url, reason) from reason  # type: ignore[arg-type]
urllib3.exceptions.MaxRetryError: HTTPSConnectionPool(host='api-apne1.plaud.ai', port=443): Max retries exceeded with url: /file/simple/web?skip=0&limit=50&is_trash=2&sort_by=start_time&is_desc=true (Caused by NameResolutionError("HTTPSConnection(host='api-apne1.plaud.ai', port=443): Failed to resolve 'api-apne1.plaud.ai' ([Errno 8] nodename nor servname provided, or not known)"))

During handling of the above exception, another exception occurred:

Traceback (most recent call last):
  File "/Users/hiroshi/cursor/plaud_exports/plaud_export.py", line 322, in <module>
    main()
  File "/Users/hiroshi/cursor/plaud_exports/plaud_export.py", line 255, in main
    files = list_files(args.token, args.limit)
  File "/Users/hiroshi/cursor/plaud_exports/plaud_export.py", line 173, in list_files
    response = requests.get(url, headers=headers, params=params)
  File "/Users/hiroshi/Library/Python/3.9/lib/python/site-packages/requests/api.py", line 73, in get
    return request("get", url, params=params, **kwargs)
  File "/Users/hiroshi/Library/Python/3.9/lib/python/site-packages/requests/api.py", line 59, in request
    return session.request(method=method, url=url, **kwargs)
  File "/Users/hiroshi/Library/Python/3.9/lib/python/site-packages/requests/sessions.py", line 589, in request
    resp = self.send(prep, **send_kwargs)
  File "/Users/hiroshi/Library/Python/3.9/lib/python/site-packages/requests/sessions.py", line 703, in send
    r = adapter.send(request, **kwargs)
  File "/Users/hiroshi/Library/Python/3.9/lib/python/site-packages/requests/adapters.py", line 677, in send
    raise ConnectionError(e, request=request)
requests.exceptions.ConnectionError: HTTPSConnectionPool(host='api-apne1.plaud.ai', port=443): Max retries exceeded with url: /file/simple/web?skip=0&limit=50&is_trash=2&sort_by=start_time&is_desc=true (Caused by NameResolutionError("HTTPSConnection(host='api-apne1.plaud.ai', port=443): Failed to resolve 'api-apne1.plaud.ai' ([Errno 8] nodename nor servname provided, or not known)"))
[2026-05-08 23:49:58] ERROR: Auto export failed with exit code 1
[2026-05-09 05:49:17] Starting auto export...
/Users/hiroshi/Library/Python/3.9/lib/python/site-packages/urllib3/__init__.py:35: NotOpenSSLWarning: urllib3 v2 only supports OpenSSL 1.1.1+, currently the 'ssl' module is compiled with 'LibreSSL 2.8.3'. See: https://github.com/urllib3/urllib3/issues/3020
  warnings.warn(
Running in AUTO mode...
Traceback (most recent call last):
  File "/Users/hiroshi/Library/Python/3.9/lib/python/site-packages/urllib3/connection.py", line 204, in _new_conn
    sock = connection.create_connection(
  File "/Users/hiroshi/Library/Python/3.9/lib/python/site-packages/urllib3/util/connection.py", line 60, in create_connection
    for res in socket.getaddrinfo(host, port, family, socket.SOCK_STREAM):
  File "/Library/Developer/CommandLineTools/Library/Frameworks/Python3.framework/Versions/3.9/lib/python3.9/socket.py", line 953, in getaddrinfo
    for res in _socket.getaddrinfo(host, port, family, type, proto, flags):
socket.gaierror: [Errno 8] nodename nor servname provided, or not known

The above exception was the direct cause of the following exception:

Traceback (most recent call last):
  File "/Users/hiroshi/Library/Python/3.9/lib/python/site-packages/urllib3/connectionpool.py", line 787, in urlopen
    response = self._make_request(
  File "/Users/hiroshi/Library/Python/3.9/lib/python/site-packages/urllib3/connectionpool.py", line 488, in _make_request
    raise new_e
  File "/Users/hiroshi/Library/Python/3.9/lib/python/site-packages/urllib3/connectionpool.py", line 464, in _make_request
    self._validate_conn(conn)
  File "/Users/hiroshi/Library/Python/3.9/lib/python/site-packages/urllib3/connectionpool.py", line 1093, in _validate_conn
    conn.connect()
  File "/Users/hiroshi/Library/Python/3.9/lib/python/site-packages/urllib3/connection.py", line 759, in connect
    self.sock = sock = self._new_conn()
  File "/Users/hiroshi/Library/Python/3.9/lib/python/site-packages/urllib3/connection.py", line 211, in _new_conn
    raise NameResolutionError(self.host, self, e) from e
urllib3.exceptions.NameResolutionError: HTTPSConnection(host='api-apne1.plaud.ai', port=443): Failed to resolve 'api-apne1.plaud.ai' ([Errno 8] nodename nor servname provided, or not known)

The above exception was the direct cause of the following exception:

Traceback (most recent call last):
  File "/Users/hiroshi/Library/Python/3.9/lib/python/site-packages/requests/adapters.py", line 644, in send
    resp = conn.urlopen(
  File "/Users/hiroshi/Library/Python/3.9/lib/python/site-packages/urllib3/connectionpool.py", line 841, in urlopen
    retries = retries.increment(
  File "/Users/hiroshi/Library/Python/3.9/lib/python/site-packages/urllib3/util/retry.py", line 519, in increment
    raise MaxRetryError(_pool, url, reason) from reason  # type: ignore[arg-type]
urllib3.exceptions.MaxRetryError: HTTPSConnectionPool(host='api-apne1.plaud.ai', port=443): Max retries exceeded with url: /file/simple/web?skip=0&limit=50&is_trash=2&sort_by=start_time&is_desc=true (Caused by NameResolutionError("HTTPSConnection(host='api-apne1.plaud.ai', port=443): Failed to resolve 'api-apne1.plaud.ai' ([Errno 8] nodename nor servname provided, or not known)"))

During handling of the above exception, another exception occurred:

Traceback (most recent call last):
  File "/Users/hiroshi/cursor/plaud_exports/plaud_export.py", line 322, in <module>
    main()
  File "/Users/hiroshi/cursor/plaud_exports/plaud_export.py", line 255, in main
    files = list_files(args.token, args.limit)
  File "/Users/hiroshi/cursor/plaud_exports/plaud_export.py", line 173, in list_files
    response = requests.get(url, headers=headers, params=params)
  File "/Users/hiroshi/Library/Python/3.9/lib/python/site-packages/requests/api.py", line 73, in get
    return request("get", url, params=params, **kwargs)
  File "/Users/hiroshi/Library/Python/3.9/lib/python/site-packages/requests/api.py", line 59, in request
    return session.request(method=method, url=url, **kwargs)
  File "/Users/hiroshi/Library/Python/3.9/lib/python/site-packages/requests/sessions.py", line 589, in request
    resp = self.send(prep, **send_kwargs)
  File "/Users/hiroshi/Library/Python/3.9/lib/python/site-packages/requests/sessions.py", line 703, in send
    r = adapter.send(request, **kwargs)
  File "/Users/hiroshi/Library/Python/3.9/lib/python/site-packages/requests/adapters.py", line 677, in send
    raise ConnectionError(e, request=request)
requests.exceptions.ConnectionError: HTTPSConnectionPool(host='api-apne1.plaud.ai', port=443): Max retries exceeded with url: /file/simple/web?skip=0&limit=50&is_trash=2&sort_by=start_time&is_desc=true (Caused by NameResolutionError("HTTPSConnection(host='api-apne1.plaud.ai', port=443): Failed to resolve 'api-apne1.plaud.ai' ([Errno 8] nodename nor servname provided, or not known)"))
[2026-05-09 05:49:17] ERROR: Auto export failed with exit code 1
[2026-05-10 10:31:53] Starting auto export...
/Users/hiroshi/Library/Python/3.9/lib/python/site-packages/urllib3/__init__.py:35: NotOpenSSLWarning: urllib3 v2 only supports OpenSSL 1.1.1+, currently the 'ssl' module is compiled with 'LibreSSL 2.8.3'. See: https://github.com/urllib3/urllib3/issues/3020
  warnings.warn(
Running in AUTO mode...
Traceback (most recent call last):
  File "/Users/hiroshi/Library/Python/3.9/lib/python/site-packages/urllib3/connection.py", line 204, in _new_conn
    sock = connection.create_connection(
  File "/Users/hiroshi/Library/Python/3.9/lib/python/site-packages/urllib3/util/connection.py", line 60, in create_connection
    for res in socket.getaddrinfo(host, port, family, socket.SOCK_STREAM):
  File "/Library/Developer/CommandLineTools/Library/Frameworks/Python3.framework/Versions/3.9/lib/python3.9/socket.py", line 953, in getaddrinfo
    for res in _socket.getaddrinfo(host, port, family, type, proto, flags):
socket.gaierror: [Errno 8] nodename nor servname provided, or not known

The above exception was the direct cause of the following exception:

Traceback (most recent call last):
  File "/Users/hiroshi/Library/Python/3.9/lib/python/site-packages/urllib3/connectionpool.py", line 787, in urlopen
    response = self._make_request(
  File "/Users/hiroshi/Library/Python/3.9/lib/python/site-packages/urllib3/connectionpool.py", line 488, in _make_request
    raise new_e
  File "/Users/hiroshi/Library/Python/3.9/lib/python/site-packages/urllib3/connectionpool.py", line 464, in _make_request
    self._validate_conn(conn)
  File "/Users/hiroshi/Library/Python/3.9/lib/python/site-packages/urllib3/connectionpool.py", line 1093, in _validate_conn
    conn.connect()
  File "/Users/hiroshi/Library/Python/3.9/lib/python/site-packages/urllib3/connection.py", line 759, in connect
    self.sock = sock = self._new_conn()
  File "/Users/hiroshi/Library/Python/3.9/lib/python/site-packages/urllib3/connection.py", line 211, in _new_conn
    raise NameResolutionError(self.host, self, e) from e
urllib3.exceptions.NameResolutionError: HTTPSConnection(host='api-apne1.plaud.ai', port=443): Failed to resolve 'api-apne1.plaud.ai' ([Errno 8] nodename nor servname provided, or not known)

The above exception was the direct cause of the following exception:

Traceback (most recent call last):
  File "/Users/hiroshi/Library/Python/3.9/lib/python/site-packages/requests/adapters.py", line 644, in send
    resp = conn.urlopen(
  File "/Users/hiroshi/Library/Python/3.9/lib/python/site-packages/urllib3/connectionpool.py", line 841, in urlopen
    retries = retries.increment(
  File "/Users/hiroshi/Library/Python/3.9/lib/python/site-packages/urllib3/util/retry.py", line 519, in increment
    raise MaxRetryError(_pool, url, reason) from reason  # type: ignore[arg-type]
urllib3.exceptions.MaxRetryError: HTTPSConnectionPool(host='api-apne1.plaud.ai', port=443): Max retries exceeded with url: /file/simple/web?skip=0&limit=50&is_trash=2&sort_by=start_time&is_desc=true (Caused by NameResolutionError("HTTPSConnection(host='api-apne1.plaud.ai', port=443): Failed to resolve 'api-apne1.plaud.ai' ([Errno 8] nodename nor servname provided, or not known)"))

During handling of the above exception, another exception occurred:

Traceback (most recent call last):
  File "/Users/hiroshi/cursor/plaud_exports/plaud_export.py", line 322, in <module>
    main()
  File "/Users/hiroshi/cursor/plaud_exports/plaud_export.py", line 255, in main
    files = list_files(args.token, args.limit)
  File "/Users/hiroshi/cursor/plaud_exports/plaud_export.py", line 173, in list_files
    response = requests.get(url, headers=headers, params=params)
  File "/Users/hiroshi/Library/Python/3.9/lib/python/site-packages/requests/api.py", line 73, in get
    return request("get", url, params=params, **kwargs)
  File "/Users/hiroshi/Library/Python/3.9/lib/python/site-packages/requests/api.py", line 59, in request
    return session.request(method=method, url=url, **kwargs)
  File "/Users/hiroshi/Library/Python/3.9/lib/python/site-packages/requests/sessions.py", line 589, in request
    resp = self.send(prep, **send_kwargs)
  File "/Users/hiroshi/Library/Python/3.9/lib/python/site-packages/requests/sessions.py", line 703, in send
    r = adapter.send(request, **kwargs)
  File "/Users/hiroshi/Library/Python/3.9/lib/python/site-packages/requests/adapters.py", line 677, in send
    raise ConnectionError(e, request=request)
requests.exceptions.ConnectionError: HTTPSConnectionPool(host='api-apne1.plaud.ai', port=443): Max retries exceeded with url: /file/simple/web?skip=0&limit=50&is_trash=2&sort_by=start_time&is_desc=true (Caused by NameResolutionError("HTTPSConnection(host='api-apne1.plaud.ai', port=443): Failed to resolve 'api-apne1.plaud.ai' ([Errno 8] nodename nor servname provided, or not known)"))
[2026-05-10 10:31:54] ERROR: Auto export failed with exit code 1
[2026-05-10 11:38:50] Starting auto export...
/Users/hiroshi/Library/Python/3.9/lib/python/site-packages/urllib3/__init__.py:35: NotOpenSSLWarning: urllib3 v2 only supports OpenSSL 1.1.1+, currently the 'ssl' module is compiled with 'LibreSSL 2.8.3'. See: https://github.com/urllib3/urllib3/issues/3020
  warnings.warn(
Running in AUTO mode...
Found 7 new files out of 50 total.
Skipping 2026-04-13 18:18:23 (edb15544894f4a75951777628db1b4b7) - AI processing not yet complete.
Skipping 2026-03-15 16:23:06 (f741ea39d62b8cce8461e71de8006d15) - AI processing not yet complete.
Skipping 2026-03-12 10:00:47 (f4d99481d2520131e1fe9d35142bd876) - AI processing not yet complete.
Skipping 2026-03-03 11:40:52 (5ee14a603a0eb00dc0cd014131634a49) - AI processing not yet complete.
Skipping 2026-03-02 22:55:37 (f8e768606308a898b656297de98ecdf0) - AI processing not yet complete.
Skipping 2026-03-02 18:19:41 (e2e964c6239c49aa1ac0d62fa7a9b149) - AI processing not yet complete.
Skipping 2026-02-22 03:25:10 (2091a2244a8f229875ad1e486c0de2a0) - AI processing not yet complete.
Auto mode complete.
[2026-05-10 11:38:51] Auto export completed successfully.
[2026-05-10 12:38:51] Starting auto export...
/Users/hiroshi/Library/Python/3.9/lib/python/site-packages/urllib3/__init__.py:35: NotOpenSSLWarning: urllib3 v2 only supports OpenSSL 1.1.1+, currently the 'ssl' module is compiled with 'LibreSSL 2.8.3'. See: https://github.com/urllib3/urllib3/issues/3020
  warnings.warn(
Running in AUTO mode...
Found 7 new files out of 50 total.
Skipping 2026-04-13 18:18:23 (edb15544894f4a75951777628db1b4b7) - AI processing not yet complete.
Skipping 2026-03-15 16:23:06 (f741ea39d62b8cce8461e71de8006d15) - AI processing not yet complete.
Skipping 2026-03-12 10:00:47 (f4d99481d2520131e1fe9d35142bd876) - AI processing not yet complete.
Skipping 2026-03-03 11:40:52 (5ee14a603a0eb00dc0cd014131634a49) - AI processing not yet complete.
Skipping 2026-03-02 22:55:37 (f8e768606308a898b656297de98ecdf0) - AI processing not yet complete.
Skipping 2026-03-02 18:19:41 (e2e964c6239c49aa1ac0d62fa7a9b149) - AI processing not yet complete.
Skipping 2026-02-22 03:25:10 (2091a2244a8f229875ad1e486c0de2a0) - AI processing not yet complete.
Auto mode complete.
[2026-05-10 12:38:52] Auto export completed successfully.
[2026-05-10 13:38:52] Starting auto export...
/Users/hiroshi/Library/Python/3.9/lib/python/site-packages/urllib3/__init__.py:35: NotOpenSSLWarning: urllib3 v2 only supports OpenSSL 1.1.1+, currently the 'ssl' module is compiled with 'LibreSSL 2.8.3'. See: https://github.com/urllib3/urllib3/issues/3020
  warnings.warn(
Running in AUTO mode...
Found 7 new files out of 50 total.
Skipping 2026-04-13 18:18:23 (edb15544894f4a75951777628db1b4b7) - AI processing not yet complete.
Skipping 2026-03-15 16:23:06 (f741ea39d62b8cce8461e71de8006d15) - AI processing not yet complete.
Skipping 2026-03-12 10:00:47 (f4d99481d2520131e1fe9d35142bd876) - AI processing not yet complete.
Skipping 2026-03-03 11:40:52 (5ee14a603a0eb00dc0cd014131634a49) - AI processing not yet complete.
Skipping 2026-03-02 22:55:37 (f8e768606308a898b656297de98ecdf0) - AI processing not yet complete.
Skipping 2026-03-02 18:19:41 (e2e964c6239c49aa1ac0d62fa7a9b149) - AI processing not yet complete.
Skipping 2026-02-22 03:25:10 (2091a2244a8f229875ad1e486c0de2a0) - AI processing not yet complete.
Auto mode complete.
[2026-05-10 13:38:53] Auto export completed successfully.
[2026-05-10 15:54:56] Starting auto export...
/Users/hiroshi/Library/Python/3.9/lib/python/site-packages/urllib3/__init__.py:35: NotOpenSSLWarning: urllib3 v2 only supports OpenSSL 1.1.1+, currently the 'ssl' module is compiled with 'LibreSSL 2.8.3'. See: https://github.com/urllib3/urllib3/issues/3020
  warnings.warn(
Running in AUTO mode...
Found 7 new files out of 50 total.
Skipping 2026-04-13 18:18:23 (edb15544894f4a75951777628db1b4b7) - AI processing not yet complete.
Skipping 2026-03-15 16:23:06 (f741ea39d62b8cce8461e71de8006d15) - AI processing not yet complete.
Skipping 2026-03-12 10:00:47 (f4d99481d2520131e1fe9d35142bd876) - AI processing not yet complete.
Skipping 2026-03-03 11:40:52 (5ee14a603a0eb00dc0cd014131634a49) - AI processing not yet complete.
Skipping 2026-03-02 22:55:37 (f8e768606308a898b656297de98ecdf0) - AI processing not yet complete.
Skipping 2026-03-02 18:19:41 (e2e964c6239c49aa1ac0d62fa7a9b149) - AI processing not yet complete.
Skipping 2026-02-22 03:25:10 (2091a2244a8f229875ad1e486c0de2a0) - AI processing not yet complete.
Auto mode complete.
[2026-05-10 15:54:57] Auto export completed successfully.
[2026-05-10 16:54:57] Starting auto export...
/Users/hiroshi/Library/Python/3.9/lib/python/site-packages/urllib3/__init__.py:35: NotOpenSSLWarning: urllib3 v2 only supports OpenSSL 1.1.1+, currently the 'ssl' module is compiled with 'LibreSSL 2.8.3'. See: https://github.com/urllib3/urllib3/issues/3020
  warnings.warn(
Running in AUTO mode...
Found 7 new files out of 50 total.
Skipping 2026-04-13 18:18:23 (edb15544894f4a75951777628db1b4b7) - AI processing not yet complete.
Skipping 2026-03-15 16:23:06 (f741ea39d62b8cce8461e71de8006d15) - AI processing not yet complete.
Skipping 2026-03-12 10:00:47 (f4d99481d2520131e1fe9d35142bd876) - AI processing not yet complete.
Skipping 2026-03-03 11:40:52 (5ee14a603a0eb00dc0cd014131634a49) - AI processing not yet complete.
Skipping 2026-03-02 22:55:37 (f8e768606308a898b656297de98ecdf0) - AI processing not yet complete.
Skipping 2026-03-02 18:19:41 (e2e964c6239c49aa1ac0d62fa7a9b149) - AI processing not yet complete.
Skipping 2026-02-22 03:25:10 (2091a2244a8f229875ad1e486c0de2a0) - AI processing not yet complete.
Auto mode complete.
[2026-05-10 16:54:58] Auto export completed successfully.
[2026-05-11 01:58:02] Starting auto export...
/Users/hiroshi/Library/Python/3.9/lib/python/site-packages/urllib3/__init__.py:35: NotOpenSSLWarning: urllib3 v2 only supports OpenSSL 1.1.1+, currently the 'ssl' module is compiled with 'LibreSSL 2.8.3'. See: https://github.com/urllib3/urllib3/issues/3020
  warnings.warn(
Running in AUTO mode...
Traceback (most recent call last):
  File "/Users/hiroshi/Library/Python/3.9/lib/python/site-packages/urllib3/connection.py", line 204, in _new_conn
    sock = connection.create_connection(
  File "/Users/hiroshi/Library/Python/3.9/lib/python/site-packages/urllib3/util/connection.py", line 60, in create_connection
    for res in socket.getaddrinfo(host, port, family, socket.SOCK_STREAM):
  File "/Library/Developer/CommandLineTools/Library/Frameworks/Python3.framework/Versions/3.9/lib/python3.9/socket.py", line 953, in getaddrinfo
    for res in _socket.getaddrinfo(host, port, family, type, proto, flags):
socket.gaierror: [Errno 8] nodename nor servname provided, or not known

The above exception was the direct cause of the following exception:

Traceback (most recent call last):
  File "/Users/hiroshi/Library/Python/3.9/lib/python/site-packages/urllib3/connectionpool.py", line 787, in urlopen
    response = self._make_request(
  File "/Users/hiroshi/Library/Python/3.9/lib/python/site-packages/urllib3/connectionpool.py", line 488, in _make_request
    raise new_e
  File "/Users/hiroshi/Library/Python/3.9/lib/python/site-packages/urllib3/connectionpool.py", line 464, in _make_request
    self._validate_conn(conn)
  File "/Users/hiroshi/Library/Python/3.9/lib/python/site-packages/urllib3/connectionpool.py", line 1093, in _validate_conn
    conn.connect()
  File "/Users/hiroshi/Library/Python/3.9/lib/python/site-packages/urllib3/connection.py", line 759, in connect
    self.sock = sock = self._new_conn()
  File "/Users/hiroshi/Library/Python/3.9/lib/python/site-packages/urllib3/connection.py", line 211, in _new_conn
    raise NameResolutionError(self.host, self, e) from e
urllib3.exceptions.NameResolutionError: HTTPSConnection(host='api-apne1.plaud.ai', port=443): Failed to resolve 'api-apne1.plaud.ai' ([Errno 8] nodename nor servname provided, or not known)

The above exception was the direct cause of the following exception:

Traceback (most recent call last):
  File "/Users/hiroshi/Library/Python/3.9/lib/python/site-packages/requests/adapters.py", line 644, in send
    resp = conn.urlopen(
  File "/Users/hiroshi/Library/Python/3.9/lib/python/site-packages/urllib3/connectionpool.py", line 841, in urlopen
    retries = retries.increment(
  File "/Users/hiroshi/Library/Python/3.9/lib/python/site-packages/urllib3/util/retry.py", line 519, in increment
    raise MaxRetryError(_pool, url, reason) from reason  # type: ignore[arg-type]
urllib3.exceptions.MaxRetryError: HTTPSConnectionPool(host='api-apne1.plaud.ai', port=443): Max retries exceeded with url: /file/simple/web?skip=0&limit=50&is_trash=2&sort_by=start_time&is_desc=true (Caused by NameResolutionError("HTTPSConnection(host='api-apne1.plaud.ai', port=443): Failed to resolve 'api-apne1.plaud.ai' ([Errno 8] nodename nor servname provided, or not known)"))

During handling of the above exception, another exception occurred:

Traceback (most recent call last):
  File "/Users/hiroshi/cursor/plaud_exports/plaud_export.py", line 322, in <module>
    main()
  File "/Users/hiroshi/cursor/plaud_exports/plaud_export.py", line 255, in main
    files = list_files(args.token, args.limit)
  File "/Users/hiroshi/cursor/plaud_exports/plaud_export.py", line 173, in list_files
    response = requests.get(url, headers=headers, params=params)
  File "/Users/hiroshi/Library/Python/3.9/lib/python/site-packages/requests/api.py", line 73, in get
    return request("get", url, params=params, **kwargs)
  File "/Users/hiroshi/Library/Python/3.9/lib/python/site-packages/requests/api.py", line 59, in request
    return session.request(method=method, url=url, **kwargs)
  File "/Users/hiroshi/Library/Python/3.9/lib/python/site-packages/requests/sessions.py", line 589, in request
    resp = self.send(prep, **send_kwargs)
  File "/Users/hiroshi/Library/Python/3.9/lib/python/site-packages/requests/sessions.py", line 703, in send
    r = adapter.send(request, **kwargs)
  File "/Users/hiroshi/Library/Python/3.9/lib/python/site-packages/requests/adapters.py", line 677, in send
    raise ConnectionError(e, request=request)
requests.exceptions.ConnectionError: HTTPSConnectionPool(host='api-apne1.plaud.ai', port=443): Max retries exceeded with url: /file/simple/web?skip=0&limit=50&is_trash=2&sort_by=start_time&is_desc=true (Caused by NameResolutionError("HTTPSConnection(host='api-apne1.plaud.ai', port=443): Failed to resolve 'api-apne1.plaud.ai' ([Errno 8] nodename nor servname provided, or not known)"))
[2026-05-11 01:58:02] ERROR: Auto export failed with exit code 1
[2026-05-11 05:50:41] Starting auto export...
/Users/hiroshi/Library/Python/3.9/lib/python/site-packages/urllib3/__init__.py:35: NotOpenSSLWarning: urllib3 v2 only supports OpenSSL 1.1.1+, currently the 'ssl' module is compiled with 'LibreSSL 2.8.3'. See: https://github.com/urllib3/urllib3/issues/3020
  warnings.warn(
Running in AUTO mode...
Traceback (most recent call last):
  File "/Users/hiroshi/Library/Python/3.9/lib/python/site-packages/urllib3/connection.py", line 204, in _new_conn
    sock = connection.create_connection(
  File "/Users/hiroshi/Library/Python/3.9/lib/python/site-packages/urllib3/util/connection.py", line 60, in create_connection
    for res in socket.getaddrinfo(host, port, family, socket.SOCK_STREAM):
  File "/Library/Developer/CommandLineTools/Library/Frameworks/Python3.framework/Versions/3.9/lib/python3.9/socket.py", line 953, in getaddrinfo
    for res in _socket.getaddrinfo(host, port, family, type, proto, flags):
socket.gaierror: [Errno 8] nodename nor servname provided, or not known

The above exception was the direct cause of the following exception:

Traceback (most recent call last):
  File "/Users/hiroshi/Library/Python/3.9/lib/python/site-packages/urllib3/connectionpool.py", line 787, in urlopen
    response = self._make_request(
  File "/Users/hiroshi/Library/Python/3.9/lib/python/site-packages/urllib3/connectionpool.py", line 488, in _make_request
    raise new_e
  File "/Users/hiroshi/Library/Python/3.9/lib/python/site-packages/urllib3/connectionpool.py", line 464, in _make_request
    self._validate_conn(conn)
  File "/Users/hiroshi/Library/Python/3.9/lib/python/site-packages/urllib3/connectionpool.py", line 1093, in _validate_conn
    conn.connect()
  File "/Users/hiroshi/Library/Python/3.9/lib/python/site-packages/urllib3/connection.py", line 759, in connect
    self.sock = sock = self._new_conn()
  File "/Users/hiroshi/Library/Python/3.9/lib/python/site-packages/urllib3/connection.py", line 211, in _new_conn
    raise NameResolutionError(self.host, self, e) from e
urllib3.exceptions.NameResolutionError: HTTPSConnection(host='api-apne1.plaud.ai', port=443): Failed to resolve 'api-apne1.plaud.ai' ([Errno 8] nodename nor servname provided, or not known)

The above exception was the direct cause of the following exception:

Traceback (most recent call last):
  File "/Users/hiroshi/Library/Python/3.9/lib/python/site-packages/requests/adapters.py", line 644, in send
    resp = conn.urlopen(
  File "/Users/hiroshi/Library/Python/3.9/lib/python/site-packages/urllib3/connectionpool.py", line 841, in urlopen
    retries = retries.increment(
  File "/Users/hiroshi/Library/Python/3.9/lib/python/site-packages/urllib3/util/retry.py", line 519, in increment
    raise MaxRetryError(_pool, url, reason) from reason  # type: ignore[arg-type]
urllib3.exceptions.MaxRetryError: HTTPSConnectionPool(host='api-apne1.plaud.ai', port=443): Max retries exceeded with url: /file/simple/web?skip=0&limit=50&is_trash=2&sort_by=start_time&is_desc=true (Caused by NameResolutionError("HTTPSConnection(host='api-apne1.plaud.ai', port=443): Failed to resolve 'api-apne1.plaud.ai' ([Errno 8] nodename nor servname provided, or not known)"))

During handling of the above exception, another exception occurred:

Traceback (most recent call last):
  File "/Users/hiroshi/cursor/plaud_exports/plaud_export.py", line 322, in <module>
    main()
  File "/Users/hiroshi/cursor/plaud_exports/plaud_export.py", line 255, in main
    files = list_files(args.token, args.limit)
  File "/Users/hiroshi/cursor/plaud_exports/plaud_export.py", line 173, in list_files
    response = requests.get(url, headers=headers, params=params)
  File "/Users/hiroshi/Library/Python/3.9/lib/python/site-packages/requests/api.py", line 73, in get
    return request("get", url, params=params, **kwargs)
  File "/Users/hiroshi/Library/Python/3.9/lib/python/site-packages/requests/api.py", line 59, in request
    return session.request(method=method, url=url, **kwargs)
  File "/Users/hiroshi/Library/Python/3.9/lib/python/site-packages/requests/sessions.py", line 589, in request
    resp = self.send(prep, **send_kwargs)
  File "/Users/hiroshi/Library/Python/3.9/lib/python/site-packages/requests/sessions.py", line 703, in send
    r = adapter.send(request, **kwargs)
  File "/Users/hiroshi/Library/Python/3.9/lib/python/site-packages/requests/adapters.py", line 677, in send
    raise ConnectionError(e, request=request)
requests.exceptions.ConnectionError: HTTPSConnectionPool(host='api-apne1.plaud.ai', port=443): Max retries exceeded with url: /file/simple/web?skip=0&limit=50&is_trash=2&sort_by=start_time&is_desc=true (Caused by NameResolutionError("HTTPSConnection(host='api-apne1.plaud.ai', port=443): Failed to resolve 'api-apne1.plaud.ai' ([Errno 8] nodename nor servname provided, or not known)"))
[2026-05-11 05:50:41] ERROR: Auto export failed with exit code 1
[2026-05-11 07:36:44] Starting auto export...
/Users/hiroshi/Library/Python/3.9/lib/python/site-packages/urllib3/__init__.py:35: NotOpenSSLWarning: urllib3 v2 only supports OpenSSL 1.1.1+, currently the 'ssl' module is compiled with 'LibreSSL 2.8.3'. See: https://github.com/urllib3/urllib3/issues/3020
  warnings.warn(
Running in AUTO mode...
Traceback (most recent call last):
  File "/Users/hiroshi/Library/Python/3.9/lib/python/site-packages/urllib3/connection.py", line 204, in _new_conn
    sock = connection.create_connection(
  File "/Users/hiroshi/Library/Python/3.9/lib/python/site-packages/urllib3/util/connection.py", line 60, in create_connection
    for res in socket.getaddrinfo(host, port, family, socket.SOCK_STREAM):
  File "/Library/Developer/CommandLineTools/Library/Frameworks/Python3.framework/Versions/3.9/lib/python3.9/socket.py", line 953, in getaddrinfo
    for res in _socket.getaddrinfo(host, port, family, type, proto, flags):
socket.gaierror: [Errno 8] nodename nor servname provided, or not known

The above exception was the direct cause of the following exception:

Traceback (most recent call last):
  File "/Users/hiroshi/Library/Python/3.9/lib/python/site-packages/urllib3/connectionpool.py", line 787, in urlopen
    response = self._make_request(
  File "/Users/hiroshi/Library/Python/3.9/lib/python/site-packages/urllib3/connectionpool.py", line 488, in _make_request
    raise new_e
  File "/Users/hiroshi/Library/Python/3.9/lib/python/site-packages/urllib3/connectionpool.py", line 464, in _make_request
    self._validate_conn(conn)
  File "/Users/hiroshi/Library/Python/3.9/lib/python/site-packages/urllib3/connectionpool.py", line 1093, in _validate_conn
    conn.connect()
  File "/Users/hiroshi/Library/Python/3.9/lib/python/site-packages/urllib3/connection.py", line 759, in connect
    self.sock = sock = self._new_conn()
  File "/Users/hiroshi/Library/Python/3.9/lib/python/site-packages/urllib3/connection.py", line 211, in _new_conn
    raise NameResolutionError(self.host, self, e) from e
urllib3.exceptions.NameResolutionError: HTTPSConnection(host='api-apne1.plaud.ai', port=443): Failed to resolve 'api-apne1.plaud.ai' ([Errno 8] nodename nor servname provided, or not known)

The above exception was the direct cause of the following exception:

Traceback (most recent call last):
  File "/Users/hiroshi/Library/Python/3.9/lib/python/site-packages/requests/adapters.py", line 644, in send
    resp = conn.urlopen(
  File "/Users/hiroshi/Library/Python/3.9/lib/python/site-packages/urllib3/connectionpool.py", line 841, in urlopen
    retries = retries.increment(
  File "/Users/hiroshi/Library/Python/3.9/lib/python/site-packages/urllib3/util/retry.py", line 519, in increment
    raise MaxRetryError(_pool, url, reason) from reason  # type: ignore[arg-type]
urllib3.exceptions.MaxRetryError: HTTPSConnectionPool(host='api-apne1.plaud.ai', port=443): Max retries exceeded with url: /file/simple/web?skip=0&limit=50&is_trash=2&sort_by=start_time&is_desc=true (Caused by NameResolutionError("HTTPSConnection(host='api-apne1.plaud.ai', port=443): Failed to resolve 'api-apne1.plaud.ai' ([Errno 8] nodename nor servname provided, or not known)"))

During handling of the above exception, another exception occurred:

Traceback (most recent call last):
  File "/Users/hiroshi/cursor/plaud_exports/plaud_export.py", line 322, in <module>
    main()
  File "/Users/hiroshi/cursor/plaud_exports/plaud_export.py", line 255, in main
    files = list_files(args.token, args.limit)
  File "/Users/hiroshi/cursor/plaud_exports/plaud_export.py", line 173, in list_files
    response = requests.get(url, headers=headers, params=params)
  File "/Users/hiroshi/Library/Python/3.9/lib/python/site-packages/requests/api.py", line 73, in get
    return request("get", url, params=params, **kwargs)
  File "/Users/hiroshi/Library/Python/3.9/lib/python/site-packages/requests/api.py", line 59, in request
    return session.request(method=method, url=url, **kwargs)
  File "/Users/hiroshi/Library/Python/3.9/lib/python/site-packages/requests/sessions.py", line 589, in request
    resp = self.send(prep, **send_kwargs)
  File "/Users/hiroshi/Library/Python/3.9/lib/python/site-packages/requests/sessions.py", line 703, in send
    r = adapter.send(request, **kwargs)
  File "/Users/hiroshi/Library/Python/3.9/lib/python/site-packages/requests/adapters.py", line 677, in send
    raise ConnectionError(e, request=request)
requests.exceptions.ConnectionError: HTTPSConnectionPool(host='api-apne1.plaud.ai', port=443): Max retries exceeded with url: /file/simple/web?skip=0&limit=50&is_trash=2&sort_by=start_time&is_desc=true (Caused by NameResolutionError("HTTPSConnection(host='api-apne1.plaud.ai', port=443): Failed to resolve 'api-apne1.plaud.ai' ([Errno 8] nodename nor servname provided, or not known)"))
[2026-05-11 07:36:44] ERROR: Auto export failed with exit code 1
[2026-05-11 15:18:31] Starting auto export...
/Users/hiroshi/Library/Python/3.9/lib/python/site-packages/urllib3/__init__.py:35: NotOpenSSLWarning: urllib3 v2 only supports OpenSSL 1.1.1+, currently the 'ssl' module is compiled with 'LibreSSL 2.8.3'. See: https://github.com/urllib3/urllib3/issues/3020
  warnings.warn(
Running in AUTO mode...
Found 7 new files out of 50 total.
Skipping 2026-04-13 18:18:23 (edb15544894f4a75951777628db1b4b7) - AI processing not yet complete.
Skipping 2026-03-15 16:23:06 (f741ea39d62b8cce8461e71de8006d15) - AI processing not yet complete.
Skipping 2026-03-12 10:00:47 (f4d99481d2520131e1fe9d35142bd876) - AI processing not yet complete.
Skipping 2026-03-03 11:40:52 (5ee14a603a0eb00dc0cd014131634a49) - AI processing not yet complete.
Skipping 2026-03-02 22:55:37 (f8e768606308a898b656297de98ecdf0) - AI processing not yet complete.
Skipping 2026-03-02 18:19:41 (e2e964c6239c49aa1ac0d62fa7a9b149) - AI processing not yet complete.
Skipping 2026-02-22 03:25:10 (2091a2244a8f229875ad1e486c0de2a0) - AI processing not yet complete.
Auto mode complete.
[2026-05-11 15:18:32] Auto export completed successfully.
[2026-05-11 16:18:33] Starting auto export...
/Users/hiroshi/Library/Python/3.9/lib/python/site-packages/urllib3/__init__.py:35: NotOpenSSLWarning: urllib3 v2 only supports OpenSSL 1.1.1+, currently the 'ssl' module is compiled with 'LibreSSL 2.8.3'. See: https://github.com/urllib3/urllib3/issues/3020
  warnings.warn(
Running in AUTO mode...
Found 7 new files out of 50 total.
Skipping 2026-04-13 18:18:23 (edb15544894f4a75951777628db1b4b7) - AI processing not yet complete.
Skipping 2026-03-15 16:23:06 (f741ea39d62b8cce8461e71de8006d15) - AI processing not yet complete.
Skipping 2026-03-12 10:00:47 (f4d99481d2520131e1fe9d35142bd876) - AI processing not yet complete.
Skipping 2026-03-03 11:40:52 (5ee14a603a0eb00dc0cd014131634a49) - AI processing not yet complete.
Skipping 2026-03-02 22:55:37 (f8e768606308a898b656297de98ecdf0) - AI processing not yet complete.
Skipping 2026-03-02 18:19:41 (e2e964c6239c49aa1ac0d62fa7a9b149) - AI processing not yet complete.
Skipping 2026-02-22 03:25:10 (2091a2244a8f229875ad1e486c0de2a0) - AI processing not yet complete.
Auto mode complete.
[2026-05-11 16:18:34] Auto export completed successfully.
[2026-05-11 17:18:34] Starting auto export...
/Users/hiroshi/Library/Python/3.9/lib/python/site-packages/urllib3/__init__.py:35: NotOpenSSLWarning: urllib3 v2 only supports OpenSSL 1.1.1+, currently the 'ssl' module is compiled with 'LibreSSL 2.8.3'. See: https://github.com/urllib3/urllib3/issues/3020
  warnings.warn(
Running in AUTO mode...
Found 7 new files out of 50 total.
Skipping 2026-04-13 18:18:23 (edb15544894f4a75951777628db1b4b7) - AI processing not yet complete.
Skipping 2026-03-15 16:23:06 (f741ea39d62b8cce8461e71de8006d15) - AI processing not yet complete.
Skipping 2026-03-12 10:00:47 (f4d99481d2520131e1fe9d35142bd876) - AI processing not yet complete.
Skipping 2026-03-03 11:40:52 (5ee14a603a0eb00dc0cd014131634a49) - AI processing not yet complete.
Skipping 2026-03-02 22:55:37 (f8e768606308a898b656297de98ecdf0) - AI processing not yet complete.
Skipping 2026-03-02 18:19:41 (e2e964c6239c49aa1ac0d62fa7a9b149) - AI processing not yet complete.
Skipping 2026-02-22 03:25:10 (2091a2244a8f229875ad1e486c0de2a0) - AI processing not yet complete.
Auto mode complete.
[2026-05-11 17:18:35] Auto export completed successfully.
[2026-05-11 18:18:35] Starting auto export...
/Users/hiroshi/Library/Python/3.9/lib/python/site-packages/urllib3/__init__.py:35: NotOpenSSLWarning: urllib3 v2 only supports OpenSSL 1.1.1+, currently the 'ssl' module is compiled with 'LibreSSL 2.8.3'. See: https://github.com/urllib3/urllib3/issues/3020
  warnings.warn(
Running in AUTO mode...
Found 7 new files out of 50 total.
Skipping 2026-04-13 18:18:23 (edb15544894f4a75951777628db1b4b7) - AI processing not yet complete.
Skipping 2026-03-15 16:23:06 (f741ea39d62b8cce8461e71de8006d15) - AI processing not yet complete.
Skipping 2026-03-12 10:00:47 (f4d99481d2520131e1fe9d35142bd876) - AI processing not yet complete.
Skipping 2026-03-03 11:40:52 (5ee14a603a0eb00dc0cd014131634a49) - AI processing not yet complete.
Skipping 2026-03-02 22:55:37 (f8e768606308a898b656297de98ecdf0) - AI processing not yet complete.
Skipping 2026-03-02 18:19:41 (e2e964c6239c49aa1ac0d62fa7a9b149) - AI processing not yet complete.
Skipping 2026-02-22 03:25:10 (2091a2244a8f229875ad1e486c0de2a0) - AI processing not yet complete.
Auto mode complete.
[2026-05-11 18:18:36] Auto export completed successfully.
[2026-05-11 22:10:28] Starting auto export...
/Users/hiroshi/Library/Python/3.9/lib/python/site-packages/urllib3/__init__.py:35: NotOpenSSLWarning: urllib3 v2 only supports OpenSSL 1.1.1+, currently the 'ssl' module is compiled with 'LibreSSL 2.8.3'. See: https://github.com/urllib3/urllib3/issues/3020
  warnings.warn(
Running in AUTO mode...
Found 7 new files out of 50 total.
Skipping 2026-04-13 18:18:23 (edb15544894f4a75951777628db1b4b7) - AI processing not yet complete.
Skipping 2026-03-15 16:23:06 (f741ea39d62b8cce8461e71de8006d15) - AI processing not yet complete.
Skipping 2026-03-12 10:00:47 (f4d99481d2520131e1fe9d35142bd876) - AI processing not yet complete.
Skipping 2026-03-03 11:40:52 (5ee14a603a0eb00dc0cd014131634a49) - AI processing not yet complete.
Skipping 2026-03-02 22:55:37 (f8e768606308a898b656297de98ecdf0) - AI processing not yet complete.
Skipping 2026-03-02 18:19:41 (e2e964c6239c49aa1ac0d62fa7a9b149) - AI processing not yet complete.
Skipping 2026-02-22 03:25:10 (2091a2244a8f229875ad1e486c0de2a0) - AI processing not yet complete.
Auto mode complete.
[2026-05-11 22:10:30] Auto export completed successfully.
[2026-05-11 23:42:14] Starting auto export...
/Users/hiroshi/Library/Python/3.9/lib/python/site-packages/urllib3/__init__.py:35: NotOpenSSLWarning: urllib3 v2 only supports OpenSSL 1.1.1+, currently the 'ssl' module is compiled with 'LibreSSL 2.8.3'. See: https://github.com/urllib3/urllib3/issues/3020
  warnings.warn(
Running in AUTO mode...
Found 7 new files out of 50 total.
Skipping 2026-04-13 18:18:23 (edb15544894f4a75951777628db1b4b7) - AI processing not yet complete.
Skipping 2026-03-15 16:23:06 (f741ea39d62b8cce8461e71de8006d15) - AI processing not yet complete.
Skipping 2026-03-12 10:00:47 (f4d99481d2520131e1fe9d35142bd876) - AI processing not yet complete.
Skipping 2026-03-03 11:40:52 (5ee14a603a0eb00dc0cd014131634a49) - AI processing not yet complete.
Skipping 2026-03-02 22:55:37 (f8e768606308a898b656297de98ecdf0) - AI processing not yet complete.
Skipping 2026-03-02 18:19:41 (e2e964c6239c49aa1ac0d62fa7a9b149) - AI processing not yet complete.
Skipping 2026-02-22 03:25:10 (2091a2244a8f229875ad1e486c0de2a0) - AI processing not yet complete.
Auto mode complete.
[2026-05-11 23:42:15] Auto export completed successfully.
[2026-05-12 00:42:17] Starting auto export...
/Users/hiroshi/Library/Python/3.9/lib/python/site-packages/urllib3/__init__.py:35: NotOpenSSLWarning: urllib3 v2 only supports OpenSSL 1.1.1+, currently the 'ssl' module is compiled with 'LibreSSL 2.8.3'. See: https://github.com/urllib3/urllib3/issues/3020
  warnings.warn(
Running in AUTO mode...
Found 7 new files out of 50 total.
Skipping 2026-04-13 18:18:23 (edb15544894f4a75951777628db1b4b7) - AI processing not yet complete.
Skipping 2026-03-15 16:23:06 (f741ea39d62b8cce8461e71de8006d15) - AI processing not yet complete.
Skipping 2026-03-12 10:00:47 (f4d99481d2520131e1fe9d35142bd876) - AI processing not yet complete.
Skipping 2026-03-03 11:40:52 (5ee14a603a0eb00dc0cd014131634a49) - AI processing not yet complete.
Skipping 2026-03-02 22:55:37 (f8e768606308a898b656297de98ecdf0) - AI processing not yet complete.
Skipping 2026-03-02 18:19:41 (e2e964c6239c49aa1ac0d62fa7a9b149) - AI processing not yet complete.
Skipping 2026-02-22 03:25:10 (2091a2244a8f229875ad1e486c0de2a0) - AI processing not yet complete.
Auto mode complete.
[2026-05-12 00:42:17] Auto export completed successfully.
[2026-05-12 01:42:17] Starting auto export...
/Users/hiroshi/Library/Python/3.9/lib/python/site-packages/urllib3/__init__.py:35: NotOpenSSLWarning: urllib3 v2 only supports OpenSSL 1.1.1+, currently the 'ssl' module is compiled with 'LibreSSL 2.8.3'. See: https://github.com/urllib3/urllib3/issues/3020
  warnings.warn(
Running in AUTO mode...
Found 7 new files out of 50 total.
Skipping 2026-04-13 18:18:23 (edb15544894f4a75951777628db1b4b7) - AI processing not yet complete.
Skipping 2026-03-15 16:23:06 (f741ea39d62b8cce8461e71de8006d15) - AI processing not yet complete.
Skipping 2026-03-12 10:00:47 (f4d99481d2520131e1fe9d35142bd876) - AI processing not yet complete.
Skipping 2026-03-03 11:40:52 (5ee14a603a0eb00dc0cd014131634a49) - AI processing not yet complete.
Skipping 2026-03-02 22:55:37 (f8e768606308a898b656297de98ecdf0) - AI processing not yet complete.
Skipping 2026-03-02 18:19:41 (e2e964c6239c49aa1ac0d62fa7a9b149) - AI processing not yet complete.
Skipping 2026-02-22 03:25:10 (2091a2244a8f229875ad1e486c0de2a0) - AI processing not yet complete.
Auto mode complete.
[2026-05-12 01:42:18] Auto export completed successfully.
[2026-05-12 02:42:18] Starting auto export...
/Users/hiroshi/Library/Python/3.9/lib/python/site-packages/urllib3/__init__.py:35: NotOpenSSLWarning: urllib3 v2 only supports OpenSSL 1.1.1+, currently the 'ssl' module is compiled with 'LibreSSL 2.8.3'. See: https://github.com/urllib3/urllib3/issues/3020
  warnings.warn(
Running in AUTO mode...
Found 7 new files out of 50 total.
Skipping 2026-04-13 18:18:23 (edb15544894f4a75951777628db1b4b7) - AI processing not yet complete.
Skipping 2026-03-15 16:23:06 (f741ea39d62b8cce8461e71de8006d15) - AI processing not yet complete.
Skipping 2026-03-12 10:00:47 (f4d99481d2520131e1fe9d35142bd876) - AI processing not yet complete.
Skipping 2026-03-03 11:40:52 (5ee14a603a0eb00dc0cd014131634a49) - AI processing not yet complete.
Skipping 2026-03-02 22:55:37 (f8e768606308a898b656297de98ecdf0) - AI processing not yet complete.
Skipping 2026-03-02 18:19:41 (e2e964c6239c49aa1ac0d62fa7a9b149) - AI processing not yet complete.
Skipping 2026-02-22 03:25:10 (2091a2244a8f229875ad1e486c0de2a0) - AI processing not yet complete.
Auto mode complete.
[2026-05-12 02:42:19] Auto export completed successfully.
[2026-05-12 03:42:19] Starting auto export...
/Users/hiroshi/Library/Python/3.9/lib/python/site-packages/urllib3/__init__.py:35: NotOpenSSLWarning: urllib3 v2 only supports OpenSSL 1.1.1+, currently the 'ssl' module is compiled with 'LibreSSL 2.8.3'. See: https://github.com/urllib3/urllib3/issues/3020
  warnings.warn(
Running in AUTO mode...
Found 7 new files out of 50 total.
Skipping 2026-04-13 18:18:23 (edb15544894f4a75951777628db1b4b7) - AI processing not yet complete.
Skipping 2026-03-15 16:23:06 (f741ea39d62b8cce8461e71de8006d15) - AI processing not yet complete.
Skipping 2026-03-12 10:00:47 (f4d99481d2520131e1fe9d35142bd876) - AI processing not yet complete.
Skipping 2026-03-03 11:40:52 (5ee14a603a0eb00dc0cd014131634a49) - AI processing not yet complete.
Skipping 2026-03-02 22:55:37 (f8e768606308a898b656297de98ecdf0) - AI processing not yet complete.
Skipping 2026-03-02 18:19:41 (e2e964c6239c49aa1ac0d62fa7a9b149) - AI processing not yet complete.
Skipping 2026-02-22 03:25:10 (2091a2244a8f229875ad1e486c0de2a0) - AI processing not yet complete.
Auto mode complete.
[2026-05-12 03:42:20] Auto export completed successfully.
[2026-05-12 04:42:20] Starting auto export...
/Users/hiroshi/Library/Python/3.9/lib/python/site-packages/urllib3/__init__.py:35: NotOpenSSLWarning: urllib3 v2 only supports OpenSSL 1.1.1+, currently the 'ssl' module is compiled with 'LibreSSL 2.8.3'. See: https://github.com/urllib3/urllib3/issues/3020
  warnings.warn(
Running in AUTO mode...
Found 7 new files out of 50 total.
Skipping 2026-04-13 18:18:23 (edb15544894f4a75951777628db1b4b7) - AI processing not yet complete.
Skipping 2026-03-15 16:23:06 (f741ea39d62b8cce8461e71de8006d15) - AI processing not yet complete.
Skipping 2026-03-12 10:00:47 (f4d99481d2520131e1fe9d35142bd876) - AI processing not yet complete.
Skipping 2026-03-03 11:40:52 (5ee14a603a0eb00dc0cd014131634a49) - AI processing not yet complete.
Skipping 2026-03-02 22:55:37 (f8e768606308a898b656297de98ecdf0) - AI processing not yet complete.
Skipping 2026-03-02 18:19:41 (e2e964c6239c49aa1ac0d62fa7a9b149) - AI processing not yet complete.
Skipping 2026-02-22 03:25:10 (2091a2244a8f229875ad1e486c0de2a0) - AI processing not yet complete.
Auto mode complete.
[2026-05-12 04:42:21] Auto export completed successfully.
[2026-05-12 05:42:21] Starting auto export...
/Users/hiroshi/Library/Python/3.9/lib/python/site-packages/urllib3/__init__.py:35: NotOpenSSLWarning: urllib3 v2 only supports OpenSSL 1.1.1+, currently the 'ssl' module is compiled with 'LibreSSL 2.8.3'. See: https://github.com/urllib3/urllib3/issues/3020
  warnings.warn(
Running in AUTO mode...
Found 7 new files out of 50 total.
Skipping 2026-04-13 18:18:23 (edb15544894f4a75951777628db1b4b7) - AI processing not yet complete.
Skipping 2026-03-15 16:23:06 (f741ea39d62b8cce8461e71de8006d15) - AI processing not yet complete.
Skipping 2026-03-12 10:00:47 (f4d99481d2520131e1fe9d35142bd876) - AI processing not yet complete.
Skipping 2026-03-03 11:40:52 (5ee14a603a0eb00dc0cd014131634a49) - AI processing not yet complete.
Skipping 2026-03-02 22:55:37 (f8e768606308a898b656297de98ecdf0) - AI processing not yet complete.
Skipping 2026-03-02 18:19:41 (e2e964c6239c49aa1ac0d62fa7a9b149) - AI processing not yet complete.
Skipping 2026-02-22 03:25:10 (2091a2244a8f229875ad1e486c0de2a0) - AI processing not yet complete.
Auto mode complete.
[2026-05-12 05:42:21] Auto export completed successfully.
[2026-05-12 06:42:21] Starting auto export...
/Users/hiroshi/Library/Python/3.9/lib/python/site-packages/urllib3/__init__.py:35: NotOpenSSLWarning: urllib3 v2 only supports OpenSSL 1.1.1+, currently the 'ssl' module is compiled with 'LibreSSL 2.8.3'. See: https://github.com/urllib3/urllib3/issues/3020
  warnings.warn(
Running in AUTO mode...
Found 7 new files out of 50 total.
Skipping 2026-04-13 18:18:23 (edb15544894f4a75951777628db1b4b7) - AI processing not yet complete.
Skipping 2026-03-15 16:23:06 (f741ea39d62b8cce8461e71de8006d15) - AI processing not yet complete.
Skipping 2026-03-12 10:00:47 (f4d99481d2520131e1fe9d35142bd876) - AI processing not yet complete.
Skipping 2026-03-03 11:40:52 (5ee14a603a0eb00dc0cd014131634a49) - AI processing not yet complete.
Skipping 2026-03-02 22:55:37 (f8e768606308a898b656297de98ecdf0) - AI processing not yet complete.
Skipping 2026-03-02 18:19:41 (e2e964c6239c49aa1ac0d62fa7a9b149) - AI processing not yet complete.
Skipping 2026-02-22 03:25:10 (2091a2244a8f229875ad1e486c0de2a0) - AI processing not yet complete.
Auto mode complete.
[2026-05-12 06:42:22] Auto export completed successfully.
[2026-05-12 09:04:29] Starting auto export...
/Users/hiroshi/Library/Python/3.9/lib/python/site-packages/urllib3/__init__.py:35: NotOpenSSLWarning: urllib3 v2 only supports OpenSSL 1.1.1+, currently the 'ssl' module is compiled with 'LibreSSL 2.8.3'. See: https://github.com/urllib3/urllib3/issues/3020
  warnings.warn(
Running in AUTO mode...
Found 7 new files out of 50 total.
Skipping 2026-04-13 18:18:23 (edb15544894f4a75951777628db1b4b7) - AI processing not yet complete.
Skipping 2026-03-15 16:23:06 (f741ea39d62b8cce8461e71de8006d15) - AI processing not yet complete.
Skipping 2026-03-12 10:00:47 (f4d99481d2520131e1fe9d35142bd876) - AI processing not yet complete.
Skipping 2026-03-03 11:40:52 (5ee14a603a0eb00dc0cd014131634a49) - AI processing not yet complete.
Skipping 2026-03-02 22:55:37 (f8e768606308a898b656297de98ecdf0) - AI processing not yet complete.
Skipping 2026-03-02 18:19:41 (e2e964c6239c49aa1ac0d62fa7a9b149) - AI processing not yet complete.
Skipping 2026-02-22 03:25:10 (2091a2244a8f229875ad1e486c0de2a0) - AI processing not yet complete.
Auto mode complete.
[2026-05-12 09:04:30] Auto export completed successfully.
[2026-05-12 10:04:30] Starting auto export...
/Users/hiroshi/Library/Python/3.9/lib/python/site-packages/urllib3/__init__.py:35: NotOpenSSLWarning: urllib3 v2 only supports OpenSSL 1.1.1+, currently the 'ssl' module is compiled with 'LibreSSL 2.8.3'. See: https://github.com/urllib3/urllib3/issues/3020
  warnings.warn(
Running in AUTO mode...
Found 7 new files out of 50 total.
Skipping 2026-04-13 18:18:23 (edb15544894f4a75951777628db1b4b7) - AI processing not yet complete.
Skipping 2026-03-15 16:23:06 (f741ea39d62b8cce8461e71de8006d15) - AI processing not yet complete.
Skipping 2026-03-12 10:00:47 (f4d99481d2520131e1fe9d35142bd876) - AI processing not yet complete.
Skipping 2026-03-03 11:40:52 (5ee14a603a0eb00dc0cd014131634a49) - AI processing not yet complete.
Skipping 2026-03-02 22:55:37 (f8e768606308a898b656297de98ecdf0) - AI processing not yet complete.
Skipping 2026-03-02 18:19:41 (e2e964c6239c49aa1ac0d62fa7a9b149) - AI processing not yet complete.
Skipping 2026-02-22 03:25:10 (2091a2244a8f229875ad1e486c0de2a0) - AI processing not yet complete.
Auto mode complete.
[2026-05-12 10:04:31] Auto export completed successfully.
[2026-05-12 11:04:31] Starting auto export...
/Users/hiroshi/Library/Python/3.9/lib/python/site-packages/urllib3/__init__.py:35: NotOpenSSLWarning: urllib3 v2 only supports OpenSSL 1.1.1+, currently the 'ssl' module is compiled with 'LibreSSL 2.8.3'. See: https://github.com/urllib3/urllib3/issues/3020
  warnings.warn(
Running in AUTO mode...
Found 7 new files out of 50 total.
Skipping 2026-04-13 18:18:23 (edb15544894f4a75951777628db1b4b7) - AI processing not yet complete.
Skipping 2026-03-15 16:23:06 (f741ea39d62b8cce8461e71de8006d15) - AI processing not yet complete.
Skipping 2026-03-12 10:00:47 (f4d99481d2520131e1fe9d35142bd876) - AI processing not yet complete.
Skipping 2026-03-03 11:40:52 (5ee14a603a0eb00dc0cd014131634a49) - AI processing not yet complete.
Skipping 2026-03-02 22:55:37 (f8e768606308a898b656297de98ecdf0) - AI processing not yet complete.
Skipping 2026-03-02 18:19:41 (e2e964c6239c49aa1ac0d62fa7a9b149) - AI processing not yet complete.
Skipping 2026-02-22 03:25:10 (2091a2244a8f229875ad1e486c0de2a0) - AI processing not yet complete.
Auto mode complete.
[2026-05-12 11:04:32] Auto export completed successfully.
[2026-05-12 12:04:32] Starting auto export...
/Users/hiroshi/Library/Python/3.9/lib/python/site-packages/urllib3/__init__.py:35: NotOpenSSLWarning: urllib3 v2 only supports OpenSSL 1.1.1+, currently the 'ssl' module is compiled with 'LibreSSL 2.8.3'. See: https://github.com/urllib3/urllib3/issues/3020
  warnings.warn(
Running in AUTO mode...
Found 7 new files out of 50 total.
Skipping 2026-04-13 18:18:23 (edb15544894f4a75951777628db1b4b7) - AI processing not yet complete.
Skipping 2026-03-15 16:23:06 (f741ea39d62b8cce8461e71de8006d15) - AI processing not yet complete.
Skipping 2026-03-12 10:00:47 (f4d99481d2520131e1fe9d35142bd876) - AI processing not yet complete.
Skipping 2026-03-03 11:40:52 (5ee14a603a0eb00dc0cd014131634a49) - AI processing not yet complete.
Skipping 2026-03-02 22:55:37 (f8e768606308a898b656297de98ecdf0) - AI processing not yet complete.
Skipping 2026-03-02 18:19:41 (e2e964c6239c49aa1ac0d62fa7a9b149) - AI processing not yet complete.
Skipping 2026-02-22 03:25:10 (2091a2244a8f229875ad1e486c0de2a0) - AI processing not yet complete.
Auto mode complete.
[2026-05-12 12:04:32] Auto export completed successfully.
[2026-05-12 13:04:33] Starting auto export...
/Users/hiroshi/Library/Python/3.9/lib/python/site-packages/urllib3/__init__.py:35: NotOpenSSLWarning: urllib3 v2 only supports OpenSSL 1.1.1+, currently the 'ssl' module is compiled with 'LibreSSL 2.8.3'. See: https://github.com/urllib3/urllib3/issues/3020
  warnings.warn(
Running in AUTO mode...
Found 7 new files out of 50 total.
Skipping 2026-04-13 18:18:23 (edb15544894f4a75951777628db1b4b7) - AI processing not yet complete.
Skipping 2026-03-15 16:23:06 (f741ea39d62b8cce8461e71de8006d15) - AI processing not yet complete.
Skipping 2026-03-12 10:00:47 (f4d99481d2520131e1fe9d35142bd876) - AI processing not yet complete.
Skipping 2026-03-03 11:40:52 (5ee14a603a0eb00dc0cd014131634a49) - AI processing not yet complete.
Skipping 2026-03-02 22:55:37 (f8e768606308a898b656297de98ecdf0) - AI processing not yet complete.
Skipping 2026-03-02 18:19:41 (e2e964c6239c49aa1ac0d62fa7a9b149) - AI processing not yet complete.
Skipping 2026-02-22 03:25:10 (2091a2244a8f229875ad1e486c0de2a0) - AI processing not yet complete.
Auto mode complete.
[2026-05-12 13:04:33] Auto export completed successfully.
[2026-05-12 14:04:33] Starting auto export...
/Users/hiroshi/Library/Python/3.9/lib/python/site-packages/urllib3/__init__.py:35: NotOpenSSLWarning: urllib3 v2 only supports OpenSSL 1.1.1+, currently the 'ssl' module is compiled with 'LibreSSL 2.8.3'. See: https://github.com/urllib3/urllib3/issues/3020
  warnings.warn(
Running in AUTO mode...
Found 7 new files out of 50 total.
Skipping 2026-04-13 18:18:23 (edb15544894f4a75951777628db1b4b7) - AI processing not yet complete.
Skipping 2026-03-15 16:23:06 (f741ea39d62b8cce8461e71de8006d15) - AI processing not yet complete.
Skipping 2026-03-12 10:00:47 (f4d99481d2520131e1fe9d35142bd876) - AI processing not yet complete.
Skipping 2026-03-03 11:40:52 (5ee14a603a0eb00dc0cd014131634a49) - AI processing not yet complete.
Skipping 2026-03-02 22:55:37 (f8e768606308a898b656297de98ecdf0) - AI processing not yet complete.
Skipping 2026-03-02 18:19:41 (e2e964c6239c49aa1ac0d62fa7a9b149) - AI processing not yet complete.
Skipping 2026-02-22 03:25:10 (2091a2244a8f229875ad1e486c0de2a0) - AI processing not yet complete.
Auto mode complete.
[2026-05-12 14:04:34] Auto export completed successfully.
[2026-05-12 15:46:26] Starting auto export...
/Users/hiroshi/Library/Python/3.9/lib/python/site-packages/urllib3/__init__.py:35: NotOpenSSLWarning: urllib3 v2 only supports OpenSSL 1.1.1+, currently the 'ssl' module is compiled with 'LibreSSL 2.8.3'. See: https://github.com/urllib3/urllib3/issues/3020
  warnings.warn(
Running in AUTO mode...
Found 7 new files out of 50 total.
Skipping 2026-04-13 18:18:23 (edb15544894f4a75951777628db1b4b7) - AI processing not yet complete.
Skipping 2026-03-15 16:23:06 (f741ea39d62b8cce8461e71de8006d15) - AI processing not yet complete.
Skipping 2026-03-12 10:00:47 (f4d99481d2520131e1fe9d35142bd876) - AI processing not yet complete.
Skipping 2026-03-03 11:40:52 (5ee14a603a0eb00dc0cd014131634a49) - AI processing not yet complete.
Skipping 2026-03-02 22:55:37 (f8e768606308a898b656297de98ecdf0) - AI processing not yet complete.
Skipping 2026-03-02 18:19:41 (e2e964c6239c49aa1ac0d62fa7a9b149) - AI processing not yet complete.
Skipping 2026-02-22 03:25:10 (2091a2244a8f229875ad1e486c0de2a0) - AI processing not yet complete.
Auto mode complete.
[2026-05-12 15:46:27] Auto export completed successfully.
[2026-05-12 21:53:03] Starting auto export...
/Users/hiroshi/Library/Python/3.9/lib/python/site-packages/urllib3/__init__.py:35: NotOpenSSLWarning: urllib3 v2 only supports OpenSSL 1.1.1+, currently the 'ssl' module is compiled with 'LibreSSL 2.8.3'. See: https://github.com/urllib3/urllib3/issues/3020
  warnings.warn(
Running in AUTO mode...
Traceback (most recent call last):
  File "/Users/hiroshi/Library/Python/3.9/lib/python/site-packages/urllib3/connection.py", line 204, in _new_conn
    sock = connection.create_connection(
  File "/Users/hiroshi/Library/Python/3.9/lib/python/site-packages/urllib3/util/connection.py", line 60, in create_connection
    for res in socket.getaddrinfo(host, port, family, socket.SOCK_STREAM):
  File "/Library/Developer/CommandLineTools/Library/Frameworks/Python3.framework/Versions/3.9/lib/python3.9/socket.py", line 953, in getaddrinfo
    for res in _socket.getaddrinfo(host, port, family, type, proto, flags):
socket.gaierror: [Errno 8] nodename nor servname provided, or not known

The above exception was the direct cause of the following exception:

Traceback (most recent call last):
  File "/Users/hiroshi/Library/Python/3.9/lib/python/site-packages/urllib3/connectionpool.py", line 787, in urlopen
    response = self._make_request(
  File "/Users/hiroshi/Library/Python/3.9/lib/python/site-packages/urllib3/connectionpool.py", line 488, in _make_request
    raise new_e
  File "/Users/hiroshi/Library/Python/3.9/lib/python/site-packages/urllib3/connectionpool.py", line 464, in _make_request
    self._validate_conn(conn)
  File "/Users/hiroshi/Library/Python/3.9/lib/python/site-packages/urllib3/connectionpool.py", line 1093, in _validate_conn
    conn.connect()
  File "/Users/hiroshi/Library/Python/3.9/lib/python/site-packages/urllib3/connection.py", line 759, in connect
    self.sock = sock = self._new_conn()
  File "/Users/hiroshi/Library/Python/3.9/lib/python/site-packages/urllib3/connection.py", line 211, in _new_conn
    raise NameResolutionError(self.host, self, e) from e
urllib3.exceptions.NameResolutionError: HTTPSConnection(host='api-apne1.plaud.ai', port=443): Failed to resolve 'api-apne1.plaud.ai' ([Errno 8] nodename nor servname provided, or not known)

The above exception was the direct cause of the following exception:

Traceback (most recent call last):
  File "/Users/hiroshi/Library/Python/3.9/lib/python/site-packages/requests/adapters.py", line 644, in send
    resp = conn.urlopen(
  File "/Users/hiroshi/Library/Python/3.9/lib/python/site-packages/urllib3/connectionpool.py", line 841, in urlopen
    retries = retries.increment(
  File "/Users/hiroshi/Library/Python/3.9/lib/python/site-packages/urllib3/util/retry.py", line 519, in increment
    raise MaxRetryError(_pool, url, reason) from reason  # type: ignore[arg-type]
urllib3.exceptions.MaxRetryError: HTTPSConnectionPool(host='api-apne1.plaud.ai', port=443): Max retries exceeded with url: /file/simple/web?skip=0&limit=50&is_trash=2&sort_by=start_time&is_desc=true (Caused by NameResolutionError("HTTPSConnection(host='api-apne1.plaud.ai', port=443): Failed to resolve 'api-apne1.plaud.ai' ([Errno 8] nodename nor servname provided, or not known)"))

During handling of the above exception, another exception occurred:

Traceback (most recent call last):
  File "/Users/hiroshi/cursor/plaud_exports/plaud_export.py", line 322, in <module>
    main()
  File "/Users/hiroshi/cursor/plaud_exports/plaud_export.py", line 255, in main
    files = list_files(args.token, args.limit)
  File "/Users/hiroshi/cursor/plaud_exports/plaud_export.py", line 173, in list_files
    response = requests.get(url, headers=headers, params=params)
  File "/Users/hiroshi/Library/Python/3.9/lib/python/site-packages/requests/api.py", line 73, in get
    return request("get", url, params=params, **kwargs)
  File "/Users/hiroshi/Library/Python/3.9/lib/python/site-packages/requests/api.py", line 59, in request
    return session.request(method=method, url=url, **kwargs)
  File "/Users/hiroshi/Library/Python/3.9/lib/python/site-packages/requests/sessions.py", line 589, in request
    resp = self.send(prep, **send_kwargs)
  File "/Users/hiroshi/Library/Python/3.9/lib/python/site-packages/requests/sessions.py", line 703, in send
    r = adapter.send(request, **kwargs)
  File "/Users/hiroshi/Library/Python/3.9/lib/python/site-packages/requests/adapters.py", line 677, in send
    raise ConnectionError(e, request=request)
requests.exceptions.ConnectionError: HTTPSConnectionPool(host='api-apne1.plaud.ai', port=443): Max retries exceeded with url: /file/simple/web?skip=0&limit=50&is_trash=2&sort_by=start_time&is_desc=true (Caused by NameResolutionError("HTTPSConnection(host='api-apne1.plaud.ai', port=443): Failed to resolve 'api-apne1.plaud.ai' ([Errno 8] nodename nor servname provided, or not known)"))
[2026-05-12 21:53:03] ERROR: Auto export failed with exit code 1
[2026-05-13 00:50:36] Starting auto export...
/Users/hiroshi/Library/Python/3.9/lib/python/site-packages/urllib3/__init__.py:35: NotOpenSSLWarning: urllib3 v2 only supports OpenSSL 1.1.1+, currently the 'ssl' module is compiled with 'LibreSSL 2.8.3'. See: https://github.com/urllib3/urllib3/issues/3020
  warnings.warn(
Running in AUTO mode...
Found 7 new files out of 50 total.
Skipping 2026-04-13 18:18:23 (edb15544894f4a75951777628db1b4b7) - AI processing not yet complete.
Skipping 2026-03-15 16:23:06 (f741ea39d62b8cce8461e71de8006d15) - AI processing not yet complete.
Skipping 2026-03-12 10:00:47 (f4d99481d2520131e1fe9d35142bd876) - AI processing not yet complete.
Skipping 2026-03-03 11:40:52 (5ee14a603a0eb00dc0cd014131634a49) - AI processing not yet complete.
Skipping 2026-03-02 22:55:37 (f8e768606308a898b656297de98ecdf0) - AI processing not yet complete.
Skipping 2026-03-02 18:19:41 (e2e964c6239c49aa1ac0d62fa7a9b149) - AI processing not yet complete.
Skipping 2026-02-22 03:25:10 (2091a2244a8f229875ad1e486c0de2a0) - AI processing not yet complete.
Auto mode complete.
[2026-05-13 00:50:37] Auto export completed successfully.
[2026-05-13 03:43:46] Starting auto export...
/Users/hiroshi/Library/Python/3.9/lib/python/site-packages/urllib3/__init__.py:35: NotOpenSSLWarning: urllib3 v2 only supports OpenSSL 1.1.1+, currently the 'ssl' module is compiled with 'LibreSSL 2.8.3'. See: https://github.com/urllib3/urllib3/issues/3020
  warnings.warn(
Running in AUTO mode...
Found 7 new files out of 50 total.
Skipping 2026-04-13 18:18:23 (edb15544894f4a75951777628db1b4b7) - AI processing not yet complete.
Skipping 2026-03-15 16:23:06 (f741ea39d62b8cce8461e71de8006d15) - AI processing not yet complete.
Skipping 2026-03-12 10:00:47 (f4d99481d2520131e1fe9d35142bd876) - AI processing not yet complete.
Skipping 2026-03-03 11:40:52 (5ee14a603a0eb00dc0cd014131634a49) - AI processing not yet complete.
Skipping 2026-03-02 22:55:37 (f8e768606308a898b656297de98ecdf0) - AI processing not yet complete.
Skipping 2026-03-02 18:19:41 (e2e964c6239c49aa1ac0d62fa7a9b149) - AI processing not yet complete.
Skipping 2026-02-22 03:25:10 (2091a2244a8f229875ad1e486c0de2a0) - AI processing not yet complete.
Auto mode complete.
[2026-05-13 03:43:47] Auto export completed successfully.
[2026-05-13 11:22:00] Starting auto export...
/Users/hiroshi/Library/Python/3.9/lib/python/site-packages/urllib3/__init__.py:35: NotOpenSSLWarning: urllib3 v2 only supports OpenSSL 1.1.1+, currently the 'ssl' module is compiled with 'LibreSSL 2.8.3'. See: https://github.com/urllib3/urllib3/issues/3020
  warnings.warn(
Running in AUTO mode...
Traceback (most recent call last):
  File "/Users/hiroshi/Library/Python/3.9/lib/python/site-packages/urllib3/connection.py", line 204, in _new_conn
    sock = connection.create_connection(
  File "/Users/hiroshi/Library/Python/3.9/lib/python/site-packages/urllib3/util/connection.py", line 60, in create_connection
    for res in socket.getaddrinfo(host, port, family, socket.SOCK_STREAM):
  File "/Library/Developer/CommandLineTools/Library/Frameworks/Python3.framework/Versions/3.9/lib/python3.9/socket.py", line 953, in getaddrinfo
    for res in _socket.getaddrinfo(host, port, family, type, proto, flags):
socket.gaierror: [Errno 8] nodename nor servname provided, or not known

The above exception was the direct cause of the following exception:

Traceback (most recent call last):
  File "/Users/hiroshi/Library/Python/3.9/lib/python/site-packages/urllib3/connectionpool.py", line 787, in urlopen
    response = self._make_request(
  File "/Users/hiroshi/Library/Python/3.9/lib/python/site-packages/urllib3/connectionpool.py", line 488, in _make_request
    raise new_e
  File "/Users/hiroshi/Library/Python/3.9/lib/python/site-packages/urllib3/connectionpool.py", line 464, in _make_request
    self._validate_conn(conn)
  File "/Users/hiroshi/Library/Python/3.9/lib/python/site-packages/urllib3/connectionpool.py", line 1093, in _validate_conn
    conn.connect()
  File "/Users/hiroshi/Library/Python/3.9/lib/python/site-packages/urllib3/connection.py", line 759, in connect
    self.sock = sock = self._new_conn()
  File "/Users/hiroshi/Library/Python/3.9/lib/python/site-packages/urllib3/connection.py", line 211, in _new_conn
    raise NameResolutionError(self.host, self, e) from e
urllib3.exceptions.NameResolutionError: HTTPSConnection(host='api-apne1.plaud.ai', port=443): Failed to resolve 'api-apne1.plaud.ai' ([Errno 8] nodename nor servname provided, or not known)

The above exception was the direct cause of the following exception:

Traceback (most recent call last):
  File "/Users/hiroshi/Library/Python/3.9/lib/python/site-packages/requests/adapters.py", line 644, in send
    resp = conn.urlopen(
  File "/Users/hiroshi/Library/Python/3.9/lib/python/site-packages/urllib3/connectionpool.py", line 841, in urlopen
    retries = retries.increment(
  File "/Users/hiroshi/Library/Python/3.9/lib/python/site-packages/urllib3/util/retry.py", line 519, in increment
    raise MaxRetryError(_pool, url, reason) from reason  # type: ignore[arg-type]
urllib3.exceptions.MaxRetryError: HTTPSConnectionPool(host='api-apne1.plaud.ai', port=443): Max retries exceeded with url: /file/simple/web?skip=0&limit=50&is_trash=2&sort_by=start_time&is_desc=true (Caused by NameResolutionError("HTTPSConnection(host='api-apne1.plaud.ai', port=443): Failed to resolve 'api-apne1.plaud.ai' ([Errno 8] nodename nor servname provided, or not known)"))

During handling of the above exception, another exception occurred:

Traceback (most recent call last):
  File "/Users/hiroshi/cursor/plaud_exports/plaud_export.py", line 322, in <module>
    main()
  File "/Users/hiroshi/cursor/plaud_exports/plaud_export.py", line 255, in main
    files = list_files(args.token, args.limit)
  File "/Users/hiroshi/cursor/plaud_exports/plaud_export.py", line 173, in list_files
    response = requests.get(url, headers=headers, params=params)
  File "/Users/hiroshi/Library/Python/3.9/lib/python/site-packages/requests/api.py", line 73, in get
    return request("get", url, params=params, **kwargs)
  File "/Users/hiroshi/Library/Python/3.9/lib/python/site-packages/requests/api.py", line 59, in request
    return session.request(method=method, url=url, **kwargs)
  File "/Users/hiroshi/Library/Python/3.9/lib/python/site-packages/requests/sessions.py", line 589, in request
    resp = self.send(prep, **send_kwargs)
  File "/Users/hiroshi/Library/Python/3.9/lib/python/site-packages/requests/sessions.py", line 703, in send
    r = adapter.send(request, **kwargs)
  File "/Users/hiroshi/Library/Python/3.9/lib/python/site-packages/requests/adapters.py", line 677, in send
    raise ConnectionError(e, request=request)
requests.exceptions.ConnectionError: HTTPSConnectionPool(host='api-apne1.plaud.ai', port=443): Max retries exceeded with url: /file/simple/web?skip=0&limit=50&is_trash=2&sort_by=start_time&is_desc=true (Caused by NameResolutionError("HTTPSConnection(host='api-apne1.plaud.ai', port=443): Failed to resolve 'api-apne1.plaud.ai' ([Errno 8] nodename nor servname provided, or not known)"))
[2026-05-13 11:22:01] ERROR: Auto export failed with exit code 1
[2026-05-13 17:30:18] Starting auto export...
/Users/hiroshi/Library/Python/3.9/lib/python/site-packages/urllib3/__init__.py:35: NotOpenSSLWarning: urllib3 v2 only supports OpenSSL 1.1.1+, currently the 'ssl' module is compiled with 'LibreSSL 2.8.3'. See: https://github.com/urllib3/urllib3/issues/3020
  warnings.warn(
Running in AUTO mode...
Found 7 new files out of 50 total.
Skipping 2026-04-13 18:18:23 (edb15544894f4a75951777628db1b4b7) - AI processing not yet complete.
Skipping 2026-03-15 16:23:06 (f741ea39d62b8cce8461e71de8006d15) - AI processing not yet complete.
Skipping 2026-03-12 10:00:47 (f4d99481d2520131e1fe9d35142bd876) - AI processing not yet complete.
Skipping 2026-03-03 11:40:52 (5ee14a603a0eb00dc0cd014131634a49) - AI processing not yet complete.
Skipping 2026-03-02 22:55:37 (f8e768606308a898b656297de98ecdf0) - AI processing not yet complete.
Skipping 2026-03-02 18:19:41 (e2e964c6239c49aa1ac0d62fa7a9b149) - AI processing not yet complete.
Skipping 2026-02-22 03:25:10 (2091a2244a8f229875ad1e486c0de2a0) - AI processing not yet complete.
Auto mode complete.
[2026-05-13 17:30:19] Auto export completed successfully.
[2026-05-14 13:28:10] Starting auto export...
/Users/hiroshi/Library/Python/3.9/lib/python/site-packages/urllib3/__init__.py:35: NotOpenSSLWarning: urllib3 v2 only supports OpenSSL 1.1.1+, currently the 'ssl' module is compiled with 'LibreSSL 2.8.3'. See: https://github.com/urllib3/urllib3/issues/3020
  warnings.warn(
Running in AUTO mode...
Found 7 new files out of 50 total.
Skipping 2026-04-13 18:18:23 (edb15544894f4a75951777628db1b4b7) - AI processing not yet complete.
Skipping 2026-03-15 16:23:06 (f741ea39d62b8cce8461e71de8006d15) - AI processing not yet complete.
Skipping 2026-03-12 10:00:47 (f4d99481d2520131e1fe9d35142bd876) - AI processing not yet complete.
Skipping 2026-03-03 11:40:52 (5ee14a603a0eb00dc0cd014131634a49) - AI processing not yet complete.
Skipping 2026-03-02 22:55:37 (f8e768606308a898b656297de98ecdf0) - AI processing not yet complete.
Skipping 2026-03-02 18:19:41 (e2e964c6239c49aa1ac0d62fa7a9b149) - AI processing not yet complete.
Skipping 2026-02-22 03:25:10 (2091a2244a8f229875ad1e486c0de2a0) - AI processing not yet complete.
Auto mode complete.
[2026-05-14 13:28:11] Auto export completed successfully.
[2026-05-14 14:28:11] Starting auto export...
/Users/hiroshi/Library/Python/3.9/lib/python/site-packages/urllib3/__init__.py:35: NotOpenSSLWarning: urllib3 v2 only supports OpenSSL 1.1.1+, currently the 'ssl' module is compiled with 'LibreSSL 2.8.3'. See: https://github.com/urllib3/urllib3/issues/3020
  warnings.warn(
Running in AUTO mode...
Found 7 new files out of 50 total.
Skipping 2026-04-13 18:18:23 (edb15544894f4a75951777628db1b4b7) - AI processing not yet complete.
Skipping 2026-03-15 16:23:06 (f741ea39d62b8cce8461e71de8006d15) - AI processing not yet complete.
Skipping 2026-03-12 10:00:47 (f4d99481d2520131e1fe9d35142bd876) - AI processing not yet complete.
Skipping 2026-03-03 11:40:52 (5ee14a603a0eb00dc0cd014131634a49) - AI processing not yet complete.
Skipping 2026-03-02 22:55:37 (f8e768606308a898b656297de98ecdf0) - AI processing not yet complete.
Skipping 2026-03-02 18:19:41 (e2e964c6239c49aa1ac0d62fa7a9b149) - AI processing not yet complete.
Skipping 2026-02-22 03:25:10 (2091a2244a8f229875ad1e486c0de2a0) - AI processing not yet complete.
Auto mode complete.
[2026-05-14 14:28:12] Auto export completed successfully.
[2026-05-14 18:28:24] Starting auto export...
/Users/hiroshi/Library/Python/3.9/lib/python/site-packages/urllib3/__init__.py:35: NotOpenSSLWarning: urllib3 v2 only supports OpenSSL 1.1.1+, currently the 'ssl' module is compiled with 'LibreSSL 2.8.3'. See: https://github.com/urllib3/urllib3/issues/3020
  warnings.warn(
Running in AUTO mode...
Found 7 new files out of 50 total.
Skipping 2026-04-13 18:18:23 (edb15544894f4a75951777628db1b4b7) - AI processing not yet complete.
Skipping 2026-03-15 16:23:06 (f741ea39d62b8cce8461e71de8006d15) - AI processing not yet complete.
Skipping 2026-03-12 10:00:47 (f4d99481d2520131e1fe9d35142bd876) - AI processing not yet complete.
Skipping 2026-03-03 11:40:52 (5ee14a603a0eb00dc0cd014131634a49) - AI processing not yet complete.
Skipping 2026-03-02 22:55:37 (f8e768606308a898b656297de98ecdf0) - AI processing not yet complete.
Skipping 2026-03-02 18:19:41 (e2e964c6239c49aa1ac0d62fa7a9b149) - AI processing not yet complete.
Skipping 2026-02-22 03:25:10 (2091a2244a8f229875ad1e486c0de2a0) - AI processing not yet complete.
Auto mode complete.
[2026-05-14 18:28:25] Auto export completed successfully.
[2026-05-14 19:28:25] Starting auto export...
/Users/hiroshi/Library/Python/3.9/lib/python/site-packages/urllib3/__init__.py:35: NotOpenSSLWarning: urllib3 v2 only supports OpenSSL 1.1.1+, currently the 'ssl' module is compiled with 'LibreSSL 2.8.3'. See: https://github.com/urllib3/urllib3/issues/3020
  warnings.warn(
Running in AUTO mode...
Found 7 new files out of 50 total.
Skipping 2026-04-13 18:18:23 (edb15544894f4a75951777628db1b4b7) - AI processing not yet complete.
Skipping 2026-03-15 16:23:06 (f741ea39d62b8cce8461e71de8006d15) - AI processing not yet complete.
Skipping 2026-03-12 10:00:47 (f4d99481d2520131e1fe9d35142bd876) - AI processing not yet complete.
Skipping 2026-03-03 11:40:52 (5ee14a603a0eb00dc0cd014131634a49) - AI processing not yet complete.
Skipping 2026-03-02 22:55:37 (f8e768606308a898b656297de98ecdf0) - AI processing not yet complete.
Skipping 2026-03-02 18:19:41 (e2e964c6239c49aa1ac0d62fa7a9b149) - AI processing not yet complete.
Skipping 2026-02-22 03:25:10 (2091a2244a8f229875ad1e486c0de2a0) - AI processing not yet complete.
Auto mode complete.
[2026-05-14 19:28:26] Auto export completed successfully.
[2026-05-14 20:28:26] Starting auto export...
/Users/hiroshi/Library/Python/3.9/lib/python/site-packages/urllib3/__init__.py:35: NotOpenSSLWarning: urllib3 v2 only supports OpenSSL 1.1.1+, currently the 'ssl' module is compiled with 'LibreSSL 2.8.3'. See: https://github.com/urllib3/urllib3/issues/3020
  warnings.warn(
Running in AUTO mode...
Found 7 new files out of 50 total.
Skipping 2026-04-13 18:18:23 (edb15544894f4a75951777628db1b4b7) - AI processing not yet complete.
Skipping 2026-03-15 16:23:06 (f741ea39d62b8cce8461e71de8006d15) - AI processing not yet complete.
Skipping 2026-03-12 10:00:47 (f4d99481d2520131e1fe9d35142bd876) - AI processing not yet complete.
Skipping 2026-03-03 11:40:52 (5ee14a603a0eb00dc0cd014131634a49) - AI processing not yet complete.
Skipping 2026-03-02 22:55:37 (f8e768606308a898b656297de98ecdf0) - AI processing not yet complete.
Skipping 2026-03-02 18:19:41 (e2e964c6239c49aa1ac0d62fa7a9b149) - AI processing not yet complete.
Skipping 2026-02-22 03:25:10 (2091a2244a8f229875ad1e486c0de2a0) - AI processing not yet complete.
Auto mode complete.
[2026-05-14 20:28:27] Auto export completed successfully.
[2026-05-14 21:28:27] Starting auto export...
/Users/hiroshi/Library/Python/3.9/lib/python/site-packages/urllib3/__init__.py:35: NotOpenSSLWarning: urllib3 v2 only supports OpenSSL 1.1.1+, currently the 'ssl' module is compiled with 'LibreSSL 2.8.3'. See: https://github.com/urllib3/urllib3/issues/3020
  warnings.warn(
Running in AUTO mode...
Found 7 new files out of 50 total.
Skipping 2026-04-13 18:18:23 (edb15544894f4a75951777628db1b4b7) - AI processing not yet complete.
Skipping 2026-03-15 16:23:06 (f741ea39d62b8cce8461e71de8006d15) - AI processing not yet complete.
Skipping 2026-03-12 10:00:47 (f4d99481d2520131e1fe9d35142bd876) - AI processing not yet complete.
Skipping 2026-03-03 11:40:52 (5ee14a603a0eb00dc0cd014131634a49) - AI processing not yet complete.
Skipping 2026-03-02 22:55:37 (f8e768606308a898b656297de98ecdf0) - AI processing not yet complete.
Skipping 2026-03-02 18:19:41 (e2e964c6239c49aa1ac0d62fa7a9b149) - AI processing not yet complete.
Skipping 2026-02-22 03:25:10 (2091a2244a8f229875ad1e486c0de2a0) - AI processing not yet complete.
Auto mode complete.
[2026-05-14 21:28:28] Auto export completed successfully.
[2026-05-14 22:28:28] Starting auto export...
/Users/hiroshi/Library/Python/3.9/lib/python/site-packages/urllib3/__init__.py:35: NotOpenSSLWarning: urllib3 v2 only supports OpenSSL 1.1.1+, currently the 'ssl' module is compiled with 'LibreSSL 2.8.3'. See: https://github.com/urllib3/urllib3/issues/3020
  warnings.warn(
Running in AUTO mode...
Found 7 new files out of 50 total.
Skipping 2026-04-13 18:18:23 (edb15544894f4a75951777628db1b4b7) - AI processing not yet complete.
Skipping 2026-03-15 16:23:06 (f741ea39d62b8cce8461e71de8006d15) - AI processing not yet complete.
Skipping 2026-03-12 10:00:47 (f4d99481d2520131e1fe9d35142bd876) - AI processing not yet complete.
Skipping 2026-03-03 11:40:52 (5ee14a603a0eb00dc0cd014131634a49) - AI processing not yet complete.
Skipping 2026-03-02 22:55:37 (f8e768606308a898b656297de98ecdf0) - AI processing not yet complete.
Skipping 2026-03-02 18:19:41 (e2e964c6239c49aa1ac0d62fa7a9b149) - AI processing not yet complete.
Skipping 2026-02-22 03:25:10 (2091a2244a8f229875ad1e486c0de2a0) - AI processing not yet complete.
Auto mode complete.
[2026-05-14 22:28:29] Auto export completed successfully.
[2026-05-14 23:28:29] Starting auto export...
/Users/hiroshi/Library/Python/3.9/lib/python/site-packages/urllib3/__init__.py:35: NotOpenSSLWarning: urllib3 v2 only supports OpenSSL 1.1.1+, currently the 'ssl' module is compiled with 'LibreSSL 2.8.3'. See: https://github.com/urllib3/urllib3/issues/3020
  warnings.warn(
Running in AUTO mode...
Found 7 new files out of 50 total.
Skipping 2026-04-13 18:18:23 (edb15544894f4a75951777628db1b4b7) - AI processing not yet complete.
Skipping 2026-03-15 16:23:06 (f741ea39d62b8cce8461e71de8006d15) - AI processing not yet complete.
Skipping 2026-03-12 10:00:47 (f4d99481d2520131e1fe9d35142bd876) - AI processing not yet complete.
Skipping 2026-03-03 11:40:52 (5ee14a603a0eb00dc0cd014131634a49) - AI processing not yet complete.
Skipping 2026-03-02 22:55:37 (f8e768606308a898b656297de98ecdf0) - AI processing not yet complete.
Skipping 2026-03-02 18:19:41 (e2e964c6239c49aa1ac0d62fa7a9b149) - AI processing not yet complete.
Skipping 2026-02-22 03:25:10 (2091a2244a8f229875ad1e486c0de2a0) - AI processing not yet complete.
Auto mode complete.
[2026-05-14 23:28:30] Auto export completed successfully.
[2026-05-15 00:28:30] Starting auto export...
/Users/hiroshi/Library/Python/3.9/lib/python/site-packages/urllib3/__init__.py:35: NotOpenSSLWarning: urllib3 v2 only supports OpenSSL 1.1.1+, currently the 'ssl' module is compiled with 'LibreSSL 2.8.3'. See: https://github.com/urllib3/urllib3/issues/3020
  warnings.warn(
Running in AUTO mode...
Found 7 new files out of 50 total.
Skipping 2026-04-13 18:18:23 (edb15544894f4a75951777628db1b4b7) - AI processing not yet complete.
Skipping 2026-03-15 16:23:06 (f741ea39d62b8cce8461e71de8006d15) - AI processing not yet complete.
Skipping 2026-03-12 10:00:47 (f4d99481d2520131e1fe9d35142bd876) - AI processing not yet complete.
Skipping 2026-03-03 11:40:52 (5ee14a603a0eb00dc0cd014131634a49) - AI processing not yet complete.
Skipping 2026-03-02 22:55:37 (f8e768606308a898b656297de98ecdf0) - AI processing not yet complete.
Skipping 2026-03-02 18:19:41 (e2e964c6239c49aa1ac0d62fa7a9b149) - AI processing not yet complete.
Skipping 2026-02-22 03:25:10 (2091a2244a8f229875ad1e486c0de2a0) - AI processing not yet complete.
Auto mode complete.
[2026-05-15 00:28:31] Auto export completed successfully.
[2026-05-15 01:28:32] Starting auto export...
/Users/hiroshi/Library/Python/3.9/lib/python/site-packages/urllib3/__init__.py:35: NotOpenSSLWarning: urllib3 v2 only supports OpenSSL 1.1.1+, currently the 'ssl' module is compiled with 'LibreSSL 2.8.3'. See: https://github.com/urllib3/urllib3/issues/3020
  warnings.warn(
Running in AUTO mode...
Found 7 new files out of 50 total.
Skipping 2026-04-13 18:18:23 (edb15544894f4a75951777628db1b4b7) - AI processing not yet complete.
Skipping 2026-03-15 16:23:06 (f741ea39d62b8cce8461e71de8006d15) - AI processing not yet complete.
Skipping 2026-03-12 10:00:47 (f4d99481d2520131e1fe9d35142bd876) - AI processing not yet complete.
Skipping 2026-03-03 11:40:52 (5ee14a603a0eb00dc0cd014131634a49) - AI processing not yet complete.
Skipping 2026-03-02 22:55:37 (f8e768606308a898b656297de98ecdf0) - AI processing not yet complete.
Skipping 2026-03-02 18:19:41 (e2e964c6239c49aa1ac0d62fa7a9b149) - AI processing not yet complete.
Skipping 2026-02-22 03:25:10 (2091a2244a8f229875ad1e486c0de2a0) - AI processing not yet complete.
Auto mode complete.
[2026-05-15 01:28:33] Auto export completed successfully.
[2026-05-15 02:28:33] Starting auto export...
/Users/hiroshi/Library/Python/3.9/lib/python/site-packages/urllib3/__init__.py:35: NotOpenSSLWarning: urllib3 v2 only supports OpenSSL 1.1.1+, currently the 'ssl' module is compiled with 'LibreSSL 2.8.3'. See: https://github.com/urllib3/urllib3/issues/3020
  warnings.warn(
Running in AUTO mode...
Found 7 new files out of 50 total.
Skipping 2026-04-13 18:18:23 (edb15544894f4a75951777628db1b4b7) - AI processing not yet complete.
Skipping 2026-03-15 16:23:06 (f741ea39d62b8cce8461e71de8006d15) - AI processing not yet complete.
Skipping 2026-03-12 10:00:47 (f4d99481d2520131e1fe9d35142bd876) - AI processing not yet complete.
Skipping 2026-03-03 11:40:52 (5ee14a603a0eb00dc0cd014131634a49) - AI processing not yet complete.
Skipping 2026-03-02 22:55:37 (f8e768606308a898b656297de98ecdf0) - AI processing not yet complete.
Skipping 2026-03-02 18:19:41 (e2e964c6239c49aa1ac0d62fa7a9b149) - AI processing not yet complete.
Skipping 2026-02-22 03:25:10 (2091a2244a8f229875ad1e486c0de2a0) - AI processing not yet complete.
Auto mode complete.
[2026-05-15 02:28:34] Auto export completed successfully.
[2026-05-15 03:28:34] Starting auto export...
/Users/hiroshi/Library/Python/3.9/lib/python/site-packages/urllib3/__init__.py:35: NotOpenSSLWarning: urllib3 v2 only supports OpenSSL 1.1.1+, currently the 'ssl' module is compiled with 'LibreSSL 2.8.3'. See: https://github.com/urllib3/urllib3/issues/3020
  warnings.warn(
Running in AUTO mode...
Found 7 new files out of 50 total.
Skipping 2026-04-13 18:18:23 (edb15544894f4a75951777628db1b4b7) - AI processing not yet complete.
Skipping 2026-03-15 16:23:06 (f741ea39d62b8cce8461e71de8006d15) - AI processing not yet complete.
Skipping 2026-03-12 10:00:47 (f4d99481d2520131e1fe9d35142bd876) - AI processing not yet complete.
Skipping 2026-03-03 11:40:52 (5ee14a603a0eb00dc0cd014131634a49) - AI processing not yet complete.
Skipping 2026-03-02 22:55:37 (f8e768606308a898b656297de98ecdf0) - AI processing not yet complete.
Skipping 2026-03-02 18:19:41 (e2e964c6239c49aa1ac0d62fa7a9b149) - AI processing not yet complete.
Skipping 2026-02-22 03:25:10 (2091a2244a8f229875ad1e486c0de2a0) - AI processing not yet complete.
Auto mode complete.
[2026-05-15 03:28:35] Auto export completed successfully.
[2026-05-15 04:28:35] Starting auto export...
/Users/hiroshi/Library/Python/3.9/lib/python/site-packages/urllib3/__init__.py:35: NotOpenSSLWarning: urllib3 v2 only supports OpenSSL 1.1.1+, currently the 'ssl' module is compiled with 'LibreSSL 2.8.3'. See: https://github.com/urllib3/urllib3/issues/3020
  warnings.warn(
Running in AUTO mode...
Found 7 new files out of 50 total.
Skipping 2026-04-13 18:18:23 (edb15544894f4a75951777628db1b4b7) - AI processing not yet complete.
Skipping 2026-03-15 16:23:06 (f741ea39d62b8cce8461e71de8006d15) - AI processing not yet complete.
Skipping 2026-03-12 10:00:47 (f4d99481d2520131e1fe9d35142bd876) - AI processing not yet complete.
Skipping 2026-03-03 11:40:52 (5ee14a603a0eb00dc0cd014131634a49) - AI processing not yet complete.
Skipping 2026-03-02 22:55:37 (f8e768606308a898b656297de98ecdf0) - AI processing not yet complete.
Skipping 2026-03-02 18:19:41 (e2e964c6239c49aa1ac0d62fa7a9b149) - AI processing not yet complete.
Skipping 2026-02-22 03:25:10 (2091a2244a8f229875ad1e486c0de2a0) - AI processing not yet complete.
Auto mode complete.
[2026-05-15 04:28:36] Auto export completed successfully.
[2026-05-15 05:28:36] Starting auto export...
/Users/hiroshi/Library/Python/3.9/lib/python/site-packages/urllib3/__init__.py:35: NotOpenSSLWarning: urllib3 v2 only supports OpenSSL 1.1.1+, currently the 'ssl' module is compiled with 'LibreSSL 2.8.3'. See: https://github.com/urllib3/urllib3/issues/3020
  warnings.warn(
Running in AUTO mode...
Found 7 new files out of 50 total.
Skipping 2026-04-13 18:18:23 (edb15544894f4a75951777628db1b4b7) - AI processing not yet complete.
Skipping 2026-03-15 16:23:06 (f741ea39d62b8cce8461e71de8006d15) - AI processing not yet complete.
Skipping 2026-03-12 10:00:47 (f4d99481d2520131e1fe9d35142bd876) - AI processing not yet complete.
Skipping 2026-03-03 11:40:52 (5ee14a603a0eb00dc0cd014131634a49) - AI processing not yet complete.
Skipping 2026-03-02 22:55:37 (f8e768606308a898b656297de98ecdf0) - AI processing not yet complete.
Skipping 2026-03-02 18:19:41 (e2e964c6239c49aa1ac0d62fa7a9b149) - AI processing not yet complete.
Skipping 2026-02-22 03:25:10 (2091a2244a8f229875ad1e486c0de2a0) - AI processing not yet complete.
Auto mode complete.
[2026-05-15 05:28:38] Auto export completed successfully.
[2026-05-15 06:28:38] Starting auto export...
/Users/hiroshi/Library/Python/3.9/lib/python/site-packages/urllib3/__init__.py:35: NotOpenSSLWarning: urllib3 v2 only supports OpenSSL 1.1.1+, currently the 'ssl' module is compiled with 'LibreSSL 2.8.3'. See: https://github.com/urllib3/urllib3/issues/3020
  warnings.warn(
Running in AUTO mode...
Found 7 new files out of 50 total.
Skipping 2026-04-13 18:18:23 (edb15544894f4a75951777628db1b4b7) - AI processing not yet complete.
Skipping 2026-03-15 16:23:06 (f741ea39d62b8cce8461e71de8006d15) - AI processing not yet complete.
Skipping 2026-03-12 10:00:47 (f4d99481d2520131e1fe9d35142bd876) - AI processing not yet complete.
Skipping 2026-03-03 11:40:52 (5ee14a603a0eb00dc0cd014131634a49) - AI processing not yet complete.
Skipping 2026-03-02 22:55:37 (f8e768606308a898b656297de98ecdf0) - AI processing not yet complete.
Skipping 2026-03-02 18:19:41 (e2e964c6239c49aa1ac0d62fa7a9b149) - AI processing not yet complete.
Skipping 2026-02-22 03:25:10 (2091a2244a8f229875ad1e486c0de2a0) - AI processing not yet complete.
Auto mode complete.
[2026-05-15 06:28:44] Auto export completed successfully.
[2026-05-15 07:28:44] Starting auto export...
/Users/hiroshi/Library/Python/3.9/lib/python/site-packages/urllib3/__init__.py:35: NotOpenSSLWarning: urllib3 v2 only supports OpenSSL 1.1.1+, currently the 'ssl' module is compiled with 'LibreSSL 2.8.3'. See: https://github.com/urllib3/urllib3/issues/3020
  warnings.warn(
Running in AUTO mode...
Found 7 new files out of 50 total.
Skipping 2026-04-13 18:18:23 (edb15544894f4a75951777628db1b4b7) - AI processing not yet complete.
Skipping 2026-03-15 16:23:06 (f741ea39d62b8cce8461e71de8006d15) - AI processing not yet complete.
Skipping 2026-03-12 10:00:47 (f4d99481d2520131e1fe9d35142bd876) - AI processing not yet complete.
Skipping 2026-03-03 11:40:52 (5ee14a603a0eb00dc0cd014131634a49) - AI processing not yet complete.
Skipping 2026-03-02 22:55:37 (f8e768606308a898b656297de98ecdf0) - AI processing not yet complete.
Skipping 2026-03-02 18:19:41 (e2e964c6239c49aa1ac0d62fa7a9b149) - AI processing not yet complete.
Skipping 2026-02-22 03:25:10 (2091a2244a8f229875ad1e486c0de2a0) - AI processing not yet complete.
Auto mode complete.
[2026-05-15 07:28:51] Auto export completed successfully.
[2026-05-15 08:28:49] Starting auto export...
/Users/hiroshi/Library/Python/3.9/lib/python/site-packages/urllib3/__init__.py:35: NotOpenSSLWarning: urllib3 v2 only supports OpenSSL 1.1.1+, currently the 'ssl' module is compiled with 'LibreSSL 2.8.3'. See: https://github.com/urllib3/urllib3/issues/3020
  warnings.warn(
Running in AUTO mode...
Found 7 new files out of 50 total.
Skipping 2026-04-13 18:18:23 (edb15544894f4a75951777628db1b4b7) - AI processing not yet complete.
Skipping 2026-03-15 16:23:06 (f741ea39d62b8cce8461e71de8006d15) - AI processing not yet complete.
Skipping 2026-03-12 10:00:47 (f4d99481d2520131e1fe9d35142bd876) - AI processing not yet complete.
Skipping 2026-03-03 11:40:52 (5ee14a603a0eb00dc0cd014131634a49) - AI processing not yet complete.
Skipping 2026-03-02 22:55:37 (f8e768606308a898b656297de98ecdf0) - AI processing not yet complete.
Skipping 2026-03-02 18:19:41 (e2e964c6239c49aa1ac0d62fa7a9b149) - AI processing not yet complete.
Skipping 2026-02-22 03:25:10 (2091a2244a8f229875ad1e486c0de2a0) - AI processing not yet complete.
Auto mode complete.
[2026-05-15 08:28:50] Auto export completed successfully.
[2026-05-15 09:28:50] Starting auto export...
/Users/hiroshi/Library/Python/3.9/lib/python/site-packages/urllib3/__init__.py:35: NotOpenSSLWarning: urllib3 v2 only supports OpenSSL 1.1.1+, currently the 'ssl' module is compiled with 'LibreSSL 2.8.3'. See: https://github.com/urllib3/urllib3/issues/3020
  warnings.warn(
Running in AUTO mode...
Found 7 new files out of 50 total.
Skipping 2026-04-13 18:18:23 (edb15544894f4a75951777628db1b4b7) - AI processing not yet complete.
Skipping 2026-03-15 16:23:06 (f741ea39d62b8cce8461e71de8006d15) - AI processing not yet complete.
Skipping 2026-03-12 10:00:47 (f4d99481d2520131e1fe9d35142bd876) - AI processing not yet complete.
Skipping 2026-03-03 11:40:52 (5ee14a603a0eb00dc0cd014131634a49) - AI processing not yet complete.
Skipping 2026-03-02 22:55:37 (f8e768606308a898b656297de98ecdf0) - AI processing not yet complete.
Skipping 2026-03-02 18:19:41 (e2e964c6239c49aa1ac0d62fa7a9b149) - AI processing not yet complete.
Skipping 2026-02-22 03:25:10 (2091a2244a8f229875ad1e486c0de2a0) - AI processing not yet complete.
Auto mode complete.
[2026-05-15 09:28:51] Auto export completed successfully.
[2026-05-15 10:28:53] Starting auto export...
/Users/hiroshi/Library/Python/3.9/lib/python/site-packages/urllib3/__init__.py:35: NotOpenSSLWarning: urllib3 v2 only supports OpenSSL 1.1.1+, currently the 'ssl' module is compiled with 'LibreSSL 2.8.3'. See: https://github.com/urllib3/urllib3/issues/3020
  warnings.warn(
Running in AUTO mode...
Found 7 new files out of 50 total.
Skipping 2026-04-13 18:18:23 (edb15544894f4a75951777628db1b4b7) - AI processing not yet complete.
Skipping 2026-03-15 16:23:06 (f741ea39d62b8cce8461e71de8006d15) - AI processing not yet complete.
Skipping 2026-03-12 10:00:47 (f4d99481d2520131e1fe9d35142bd876) - AI processing not yet complete.
Skipping 2026-03-03 11:40:52 (5ee14a603a0eb00dc0cd014131634a49) - AI processing not yet complete.
Skipping 2026-03-02 22:55:37 (f8e768606308a898b656297de98ecdf0) - AI processing not yet complete.
Skipping 2026-03-02 18:19:41 (e2e964c6239c49aa1ac0d62fa7a9b149) - AI processing not yet complete.
Skipping 2026-02-22 03:25:10 (2091a2244a8f229875ad1e486c0de2a0) - AI processing not yet complete.
Auto mode complete.
[2026-05-15 10:28:54] Auto export completed successfully.
[2026-05-15 11:28:54] Starting auto export...
/Users/hiroshi/Library/Python/3.9/lib/python/site-packages/urllib3/__init__.py:35: NotOpenSSLWarning: urllib3 v2 only supports OpenSSL 1.1.1+, currently the 'ssl' module is compiled with 'LibreSSL 2.8.3'. See: https://github.com/urllib3/urllib3/issues/3020
  warnings.warn(
Running in AUTO mode...
Found 7 new files out of 50 total.
Skipping 2026-04-13 18:18:23 (edb15544894f4a75951777628db1b4b7) - AI processing not yet complete.
Skipping 2026-03-15 16:23:06 (f741ea39d62b8cce8461e71de8006d15) - AI processing not yet complete.
Skipping 2026-03-12 10:00:47 (f4d99481d2520131e1fe9d35142bd876) - AI processing not yet complete.
Skipping 2026-03-03 11:40:52 (5ee14a603a0eb00dc0cd014131634a49) - AI processing not yet complete.
Skipping 2026-03-02 22:55:37 (f8e768606308a898b656297de98ecdf0) - AI processing not yet complete.
Skipping 2026-03-02 18:19:41 (e2e964c6239c49aa1ac0d62fa7a9b149) - AI processing not yet complete.
Skipping 2026-02-22 03:25:10 (2091a2244a8f229875ad1e486c0de2a0) - AI processing not yet complete.
Auto mode complete.
[2026-05-15 11:28:56] Auto export completed successfully.
[2026-05-15 12:28:56] Starting auto export...
/Users/hiroshi/Library/Python/3.9/lib/python/site-packages/urllib3/__init__.py:35: NotOpenSSLWarning: urllib3 v2 only supports OpenSSL 1.1.1+, currently the 'ssl' module is compiled with 'LibreSSL 2.8.3'. See: https://github.com/urllib3/urllib3/issues/3020
  warnings.warn(
Running in AUTO mode...
Found 7 new files out of 50 total.
Skipping 2026-04-13 18:18:23 (edb15544894f4a75951777628db1b4b7) - AI processing not yet complete.
Skipping 2026-03-15 16:23:06 (f741ea39d62b8cce8461e71de8006d15) - AI processing not yet complete.
Skipping 2026-03-12 10:00:47 (f4d99481d2520131e1fe9d35142bd876) - AI processing not yet complete.
Skipping 2026-03-03 11:40:52 (5ee14a603a0eb00dc0cd014131634a49) - AI processing not yet complete.
Skipping 2026-03-02 22:55:37 (f8e768606308a898b656297de98ecdf0) - AI processing not yet complete.
Skipping 2026-03-02 18:19:41 (e2e964c6239c49aa1ac0d62fa7a9b149) - AI processing not yet complete.
Skipping 2026-02-22 03:25:10 (2091a2244a8f229875ad1e486c0de2a0) - AI processing not yet complete.
Auto mode complete.
[2026-05-15 12:28:57] Auto export completed successfully.
[2026-05-15 13:28:57] Starting auto export...
/Users/hiroshi/Library/Python/3.9/lib/python/site-packages/urllib3/__init__.py:35: NotOpenSSLWarning: urllib3 v2 only supports OpenSSL 1.1.1+, currently the 'ssl' module is compiled with 'LibreSSL 2.8.3'. See: https://github.com/urllib3/urllib3/issues/3020
  warnings.warn(
Running in AUTO mode...
Found 7 new files out of 50 total.
Skipping 2026-04-13 18:18:23 (edb15544894f4a75951777628db1b4b7) - AI processing not yet complete.
Skipping 2026-03-15 16:23:06 (f741ea39d62b8cce8461e71de8006d15) - AI processing not yet complete.
Skipping 2026-03-12 10:00:47 (f4d99481d2520131e1fe9d35142bd876) - AI processing not yet complete.
Skipping 2026-03-03 11:40:52 (5ee14a603a0eb00dc0cd014131634a49) - AI processing not yet complete.
Skipping 2026-03-02 22:55:37 (f8e768606308a898b656297de98ecdf0) - AI processing not yet complete.
Skipping 2026-03-02 18:19:41 (e2e964c6239c49aa1ac0d62fa7a9b149) - AI processing not yet complete.
Skipping 2026-02-22 03:25:10 (2091a2244a8f229875ad1e486c0de2a0) - AI processing not yet complete.
Auto mode complete.
[2026-05-15 13:28:58] Auto export completed successfully.
[2026-05-15 14:28:58] Starting auto export...
/Users/hiroshi/Library/Python/3.9/lib/python/site-packages/urllib3/__init__.py:35: NotOpenSSLWarning: urllib3 v2 only supports OpenSSL 1.1.1+, currently the 'ssl' module is compiled with 'LibreSSL 2.8.3'. See: https://github.com/urllib3/urllib3/issues/3020
  warnings.warn(
Running in AUTO mode...
Found 7 new files out of 50 total.
Skipping 2026-04-13 18:18:23 (edb15544894f4a75951777628db1b4b7) - AI processing not yet complete.
Skipping 2026-03-15 16:23:06 (f741ea39d62b8cce8461e71de8006d15) - AI processing not yet complete.
Skipping 2026-03-12 10:00:47 (f4d99481d2520131e1fe9d35142bd876) - AI processing not yet complete.
Skipping 2026-03-03 11:40:52 (5ee14a603a0eb00dc0cd014131634a49) - AI processing not yet complete.
Skipping 2026-03-02 22:55:37 (f8e768606308a898b656297de98ecdf0) - AI processing not yet complete.
Skipping 2026-03-02 18:19:41 (e2e964c6239c49aa1ac0d62fa7a9b149) - AI processing not yet complete.
Skipping 2026-02-22 03:25:10 (2091a2244a8f229875ad1e486c0de2a0) - AI processing not yet complete.
Auto mode complete.
[2026-05-15 14:28:59] Auto export completed successfully.
[2026-05-15 15:28:59] Starting auto export...
/Users/hiroshi/Library/Python/3.9/lib/python/site-packages/urllib3/__init__.py:35: NotOpenSSLWarning: urllib3 v2 only supports OpenSSL 1.1.1+, currently the 'ssl' module is compiled with 'LibreSSL 2.8.3'. See: https://github.com/urllib3/urllib3/issues/3020
  warnings.warn(
Running in AUTO mode...
Found 7 new files out of 50 total.
Skipping 2026-04-13 18:18:23 (edb15544894f4a75951777628db1b4b7) - AI processing not yet complete.
Skipping 2026-03-15 16:23:06 (f741ea39d62b8cce8461e71de8006d15) - AI processing not yet complete.
Skipping 2026-03-12 10:00:47 (f4d99481d2520131e1fe9d35142bd876) - AI processing not yet complete.
Skipping 2026-03-03 11:40:52 (5ee14a603a0eb00dc0cd014131634a49) - AI processing not yet complete.
Skipping 2026-03-02 22:55:37 (f8e768606308a898b656297de98ecdf0) - AI processing not yet complete.
Skipping 2026-03-02 18:19:41 (e2e964c6239c49aa1ac0d62fa7a9b149) - AI processing not yet complete.
Skipping 2026-02-22 03:25:10 (2091a2244a8f229875ad1e486c0de2a0) - AI processing not yet complete.
Auto mode complete.
[2026-05-15 15:29:00] Auto export completed successfully.
[2026-05-15 16:29:00] Starting auto export...
/Users/hiroshi/Library/Python/3.9/lib/python/site-packages/urllib3/__init__.py:35: NotOpenSSLWarning: urllib3 v2 only supports OpenSSL 1.1.1+, currently the 'ssl' module is compiled with 'LibreSSL 2.8.3'. See: https://github.com/urllib3/urllib3/issues/3020
  warnings.warn(
Running in AUTO mode...
Found 7 new files out of 50 total.
Skipping 2026-04-13 18:18:23 (edb15544894f4a75951777628db1b4b7) - AI processing not yet complete.
Skipping 2026-03-15 16:23:06 (f741ea39d62b8cce8461e71de8006d15) - AI processing not yet complete.
Skipping 2026-03-12 10:00:47 (f4d99481d2520131e1fe9d35142bd876) - AI processing not yet complete.
Skipping 2026-03-03 11:40:52 (5ee14a603a0eb00dc0cd014131634a49) - AI processing not yet complete.
Skipping 2026-03-02 22:55:37 (f8e768606308a898b656297de98ecdf0) - AI processing not yet complete.
Skipping 2026-03-02 18:19:41 (e2e964c6239c49aa1ac0d62fa7a9b149) - AI processing not yet complete.
Skipping 2026-02-22 03:25:10 (2091a2244a8f229875ad1e486c0de2a0) - AI processing not yet complete.
Auto mode complete.
[2026-05-15 16:29:01] Auto export completed successfully.
[2026-05-15 17:29:01] Starting auto export...
/Users/hiroshi/Library/Python/3.9/lib/python/site-packages/urllib3/__init__.py:35: NotOpenSSLWarning: urllib3 v2 only supports OpenSSL 1.1.1+, currently the 'ssl' module is compiled with 'LibreSSL 2.8.3'. See: https://github.com/urllib3/urllib3/issues/3020
  warnings.warn(
Running in AUTO mode...
Found 7 new files out of 50 total.
Skipping 2026-04-13 18:18:23 (edb15544894f4a75951777628db1b4b7) - AI processing not yet complete.
Skipping 2026-03-15 16:23:06 (f741ea39d62b8cce8461e71de8006d15) - AI processing not yet complete.
Skipping 2026-03-12 10:00:47 (f4d99481d2520131e1fe9d35142bd876) - AI processing not yet complete.
Skipping 2026-03-03 11:40:52 (5ee14a603a0eb00dc0cd014131634a49) - AI processing not yet complete.
Skipping 2026-03-02 22:55:37 (f8e768606308a898b656297de98ecdf0) - AI processing not yet complete.
Skipping 2026-03-02 18:19:41 (e2e964c6239c49aa1ac0d62fa7a9b149) - AI processing not yet complete.
Skipping 2026-02-22 03:25:10 (2091a2244a8f229875ad1e486c0de2a0) - AI processing not yet complete.
Auto mode complete.
[2026-05-15 17:29:02] Auto export completed successfully.
[2026-05-15 18:29:02] Starting auto export...
/Users/hiroshi/Library/Python/3.9/lib/python/site-packages/urllib3/__init__.py:35: NotOpenSSLWarning: urllib3 v2 only supports OpenSSL 1.1.1+, currently the 'ssl' module is compiled with 'LibreSSL 2.8.3'. See: https://github.com/urllib3/urllib3/issues/3020
  warnings.warn(
Running in AUTO mode...
Found 7 new files out of 50 total.
Skipping 2026-04-13 18:18:23 (edb15544894f4a75951777628db1b4b7) - AI processing not yet complete.
Skipping 2026-03-15 16:23:06 (f741ea39d62b8cce8461e71de8006d15) - AI processing not yet complete.
Skipping 2026-03-12 10:00:47 (f4d99481d2520131e1fe9d35142bd876) - AI processing not yet complete.
Skipping 2026-03-03 11:40:52 (5ee14a603a0eb00dc0cd014131634a49) - AI processing not yet complete.
Skipping 2026-03-02 22:55:37 (f8e768606308a898b656297de98ecdf0) - AI processing not yet complete.
Skipping 2026-03-02 18:19:41 (e2e964c6239c49aa1ac0d62fa7a9b149) - AI processing not yet complete.
Skipping 2026-02-22 03:25:10 (2091a2244a8f229875ad1e486c0de2a0) - AI processing not yet complete.
Auto mode complete.
[2026-05-15 18:29:03] Auto export completed successfully.
[2026-05-15 19:29:03] Starting auto export...
/Users/hiroshi/Library/Python/3.9/lib/python/site-packages/urllib3/__init__.py:35: NotOpenSSLWarning: urllib3 v2 only supports OpenSSL 1.1.1+, currently the 'ssl' module is compiled with 'LibreSSL 2.8.3'. See: https://github.com/urllib3/urllib3/issues/3020
  warnings.warn(
Running in AUTO mode...
Found 7 new files out of 50 total.
Skipping 2026-04-13 18:18:23 (edb15544894f4a75951777628db1b4b7) - AI processing not yet complete.
Skipping 2026-03-15 16:23:06 (f741ea39d62b8cce8461e71de8006d15) - AI processing not yet complete.
Skipping 2026-03-12 10:00:47 (f4d99481d2520131e1fe9d35142bd876) - AI processing not yet complete.
Skipping 2026-03-03 11:40:52 (5ee14a603a0eb00dc0cd014131634a49) - AI processing not yet complete.
Skipping 2026-03-02 22:55:37 (f8e768606308a898b656297de98ecdf0) - AI processing not yet complete.
Skipping 2026-03-02 18:19:41 (e2e964c6239c49aa1ac0d62fa7a9b149) - AI processing not yet complete.
Skipping 2026-02-22 03:25:10 (2091a2244a8f229875ad1e486c0de2a0) - AI processing not yet complete.
Auto mode complete.
[2026-05-15 19:29:04] Auto export completed successfully.
[2026-05-15 20:29:05] Starting auto export...
/Users/hiroshi/Library/Python/3.9/lib/python/site-packages/urllib3/__init__.py:35: NotOpenSSLWarning: urllib3 v2 only supports OpenSSL 1.1.1+, currently the 'ssl' module is compiled with 'LibreSSL 2.8.3'. See: https://github.com/urllib3/urllib3/issues/3020
  warnings.warn(
Running in AUTO mode...
Found 7 new files out of 50 total.
Skipping 2026-04-13 18:18:23 (edb15544894f4a75951777628db1b4b7) - AI processing not yet complete.
Skipping 2026-03-15 16:23:06 (f741ea39d62b8cce8461e71de8006d15) - AI processing not yet complete.
Skipping 2026-03-12 10:00:47 (f4d99481d2520131e1fe9d35142bd876) - AI processing not yet complete.
Skipping 2026-03-03 11:40:52 (5ee14a603a0eb00dc0cd014131634a49) - AI processing not yet complete.
Skipping 2026-03-02 22:55:37 (f8e768606308a898b656297de98ecdf0) - AI processing not yet complete.
Skipping 2026-03-02 18:19:41 (e2e964c6239c49aa1ac0d62fa7a9b149) - AI processing not yet complete.
Skipping 2026-02-22 03:25:10 (2091a2244a8f229875ad1e486c0de2a0) - AI processing not yet complete.
Auto mode complete.
[2026-05-15 20:29:06] Auto export completed successfully.
[2026-05-15 21:29:06] Starting auto export...
/Users/hiroshi/Library/Python/3.9/lib/python/site-packages/urllib3/__init__.py:35: NotOpenSSLWarning: urllib3 v2 only supports OpenSSL 1.1.1+, currently the 'ssl' module is compiled with 'LibreSSL 2.8.3'. See: https://github.com/urllib3/urllib3/issues/3020
  warnings.warn(
Running in AUTO mode...
Found 7 new files out of 50 total.
Skipping 2026-04-13 18:18:23 (edb15544894f4a75951777628db1b4b7) - AI processing not yet complete.
Skipping 2026-03-15 16:23:06 (f741ea39d62b8cce8461e71de8006d15) - AI processing not yet complete.
Skipping 2026-03-12 10:00:47 (f4d99481d2520131e1fe9d35142bd876) - AI processing not yet complete.
Skipping 2026-03-03 11:40:52 (5ee14a603a0eb00dc0cd014131634a49) - AI processing not yet complete.
Skipping 2026-03-02 22:55:37 (f8e768606308a898b656297de98ecdf0) - AI processing not yet complete.
Skipping 2026-03-02 18:19:41 (e2e964c6239c49aa1ac0d62fa7a9b149) - AI processing not yet complete.
Skipping 2026-02-22 03:25:10 (2091a2244a8f229875ad1e486c0de2a0) - AI processing not yet complete.
Auto mode complete.
[2026-05-15 21:29:07] Auto export completed successfully.
[2026-05-15 22:29:07] Starting auto export...
/Users/hiroshi/Library/Python/3.9/lib/python/site-packages/urllib3/__init__.py:35: NotOpenSSLWarning: urllib3 v2 only supports OpenSSL 1.1.1+, currently the 'ssl' module is compiled with 'LibreSSL 2.8.3'. See: https://github.com/urllib3/urllib3/issues/3020
  warnings.warn(
Running in AUTO mode...
Found 7 new files out of 50 total.
Skipping 2026-04-13 18:18:23 (edb15544894f4a75951777628db1b4b7) - AI processing not yet complete.
Skipping 2026-03-15 16:23:06 (f741ea39d62b8cce8461e71de8006d15) - AI processing not yet complete.
Skipping 2026-03-12 10:00:47 (f4d99481d2520131e1fe9d35142bd876) - AI processing not yet complete.
Skipping 2026-03-03 11:40:52 (5ee14a603a0eb00dc0cd014131634a49) - AI processing not yet complete.
Skipping 2026-03-02 22:55:37 (f8e768606308a898b656297de98ecdf0) - AI processing not yet complete.
Skipping 2026-03-02 18:19:41 (e2e964c6239c49aa1ac0d62fa7a9b149) - AI processing not yet complete.
Skipping 2026-02-22 03:25:10 (2091a2244a8f229875ad1e486c0de2a0) - AI processing not yet complete.
Auto mode complete.
[2026-05-15 22:29:08] Auto export completed successfully.
[2026-05-15 23:29:08] Starting auto export...
/Users/hiroshi/Library/Python/3.9/lib/python/site-packages/urllib3/__init__.py:35: NotOpenSSLWarning: urllib3 v2 only supports OpenSSL 1.1.1+, currently the 'ssl' module is compiled with 'LibreSSL 2.8.3'. See: https://github.com/urllib3/urllib3/issues/3020
  warnings.warn(
Running in AUTO mode...
Found 7 new files out of 50 total.
Skipping 2026-04-13 18:18:23 (edb15544894f4a75951777628db1b4b7) - AI processing not yet complete.
Skipping 2026-03-15 16:23:06 (f741ea39d62b8cce8461e71de8006d15) - AI processing not yet complete.
Skipping 2026-03-12 10:00:47 (f4d99481d2520131e1fe9d35142bd876) - AI processing not yet complete.
Skipping 2026-03-03 11:40:52 (5ee14a603a0eb00dc0cd014131634a49) - AI processing not yet complete.
Skipping 2026-03-02 22:55:37 (f8e768606308a898b656297de98ecdf0) - AI processing not yet complete.
Skipping 2026-03-02 18:19:41 (e2e964c6239c49aa1ac0d62fa7a9b149) - AI processing not yet complete.
Skipping 2026-02-22 03:25:10 (2091a2244a8f229875ad1e486c0de2a0) - AI processing not yet complete.
Auto mode complete.
[2026-05-15 23:29:09] Auto export completed successfully.
[2026-05-16 00:29:09] Starting auto export...
/Users/hiroshi/Library/Python/3.9/lib/python/site-packages/urllib3/__init__.py:35: NotOpenSSLWarning: urllib3 v2 only supports OpenSSL 1.1.1+, currently the 'ssl' module is compiled with 'LibreSSL 2.8.3'. See: https://github.com/urllib3/urllib3/issues/3020
  warnings.warn(
Running in AUTO mode...
Found 7 new files out of 50 total.
Skipping 2026-04-13 18:18:23 (edb15544894f4a75951777628db1b4b7) - AI processing not yet complete.
Skipping 2026-03-15 16:23:06 (f741ea39d62b8cce8461e71de8006d15) - AI processing not yet complete.
Skipping 2026-03-12 10:00:47 (f4d99481d2520131e1fe9d35142bd876) - AI processing not yet complete.
Skipping 2026-03-03 11:40:52 (5ee14a603a0eb00dc0cd014131634a49) - AI processing not yet complete.
Skipping 2026-03-02 22:55:37 (f8e768606308a898b656297de98ecdf0) - AI processing not yet complete.
Skipping 2026-03-02 18:19:41 (e2e964c6239c49aa1ac0d62fa7a9b149) - AI processing not yet complete.
Skipping 2026-02-22 03:25:10 (2091a2244a8f229875ad1e486c0de2a0) - AI processing not yet complete.
Auto mode complete.
[2026-05-16 00:29:10] Auto export completed successfully.
[2026-05-16 01:29:10] Starting auto export...
/Users/hiroshi/Library/Python/3.9/lib/python/site-packages/urllib3/__init__.py:35: NotOpenSSLWarning: urllib3 v2 only supports OpenSSL 1.1.1+, currently the 'ssl' module is compiled with 'LibreSSL 2.8.3'. See: https://github.com/urllib3/urllib3/issues/3020
  warnings.warn(
Running in AUTO mode...
Found 7 new files out of 50 total.
Skipping 2026-04-13 18:18:23 (edb15544894f4a75951777628db1b4b7) - AI processing not yet complete.
Skipping 2026-03-15 16:23:06 (f741ea39d62b8cce8461e71de8006d15) - AI processing not yet complete.
Skipping 2026-03-12 10:00:47 (f4d99481d2520131e1fe9d35142bd876) - AI processing not yet complete.
Skipping 2026-03-03 11:40:52 (5ee14a603a0eb00dc0cd014131634a49) - AI processing not yet complete.
Skipping 2026-03-02 22:55:37 (f8e768606308a898b656297de98ecdf0) - AI processing not yet complete.
Skipping 2026-03-02 18:19:41 (e2e964c6239c49aa1ac0d62fa7a9b149) - AI processing not yet complete.
Skipping 2026-02-22 03:25:10 (2091a2244a8f229875ad1e486c0de2a0) - AI processing not yet complete.
Auto mode complete.
[2026-05-16 01:29:11] Auto export completed successfully.
[2026-05-16 02:29:11] Starting auto export...
/Users/hiroshi/Library/Python/3.9/lib/python/site-packages/urllib3/__init__.py:35: NotOpenSSLWarning: urllib3 v2 only supports OpenSSL 1.1.1+, currently the 'ssl' module is compiled with 'LibreSSL 2.8.3'. See: https://github.com/urllib3/urllib3/issues/3020
  warnings.warn(
Running in AUTO mode...
Found 7 new files out of 50 total.
Skipping 2026-04-13 18:18:23 (edb15544894f4a75951777628db1b4b7) - AI processing not yet complete.
Skipping 2026-03-15 16:23:06 (f741ea39d62b8cce8461e71de8006d15) - AI processing not yet complete.
Skipping 2026-03-12 10:00:47 (f4d99481d2520131e1fe9d35142bd876) - AI processing not yet complete.
Skipping 2026-03-03 11:40:52 (5ee14a603a0eb00dc0cd014131634a49) - AI processing not yet complete.
Skipping 2026-03-02 22:55:37 (f8e768606308a898b656297de98ecdf0) - AI processing not yet complete.
Skipping 2026-03-02 18:19:41 (e2e964c6239c49aa1ac0d62fa7a9b149) - AI processing not yet complete.
Skipping 2026-02-22 03:25:10 (2091a2244a8f229875ad1e486c0de2a0) - AI processing not yet complete.
Auto mode complete.
[2026-05-16 02:29:12] Auto export completed successfully.
[2026-05-16 03:29:12] Starting auto export...
/Users/hiroshi/Library/Python/3.9/lib/python/site-packages/urllib3/__init__.py:35: NotOpenSSLWarning: urllib3 v2 only supports OpenSSL 1.1.1+, currently the 'ssl' module is compiled with 'LibreSSL 2.8.3'. See: https://github.com/urllib3/urllib3/issues/3020
  warnings.warn(
Running in AUTO mode...
Found 7 new files out of 50 total.
Skipping 2026-04-13 18:18:23 (edb15544894f4a75951777628db1b4b7) - AI processing not yet complete.
Skipping 2026-03-15 16:23:06 (f741ea39d62b8cce8461e71de8006d15) - AI processing not yet complete.
Skipping 2026-03-12 10:00:47 (f4d99481d2520131e1fe9d35142bd876) - AI processing not yet complete.
Skipping 2026-03-03 11:40:52 (5ee14a603a0eb00dc0cd014131634a49) - AI processing not yet complete.
Skipping 2026-03-02 22:55:37 (f8e768606308a898b656297de98ecdf0) - AI processing not yet complete.
Skipping 2026-03-02 18:19:41 (e2e964c6239c49aa1ac0d62fa7a9b149) - AI processing not yet complete.
Skipping 2026-02-22 03:25:10 (2091a2244a8f229875ad1e486c0de2a0) - AI processing not yet complete.
Auto mode complete.
[2026-05-16 03:29:13] Auto export completed successfully.
[2026-05-16 04:29:13] Starting auto export...
/Users/hiroshi/Library/Python/3.9/lib/python/site-packages/urllib3/__init__.py:35: NotOpenSSLWarning: urllib3 v2 only supports OpenSSL 1.1.1+, currently the 'ssl' module is compiled with 'LibreSSL 2.8.3'. See: https://github.com/urllib3/urllib3/issues/3020
  warnings.warn(
Running in AUTO mode...
Found 7 new files out of 50 total.
Skipping 2026-04-13 18:18:23 (edb15544894f4a75951777628db1b4b7) - AI processing not yet complete.
Skipping 2026-03-15 16:23:06 (f741ea39d62b8cce8461e71de8006d15) - AI processing not yet complete.
Skipping 2026-03-12 10:00:47 (f4d99481d2520131e1fe9d35142bd876) - AI processing not yet complete.
Skipping 2026-03-03 11:40:52 (5ee14a603a0eb00dc0cd014131634a49) - AI processing not yet complete.
Skipping 2026-03-02 22:55:37 (f8e768606308a898b656297de98ecdf0) - AI processing not yet complete.
Skipping 2026-03-02 18:19:41 (e2e964c6239c49aa1ac0d62fa7a9b149) - AI processing not yet complete.
Skipping 2026-02-22 03:25:10 (2091a2244a8f229875ad1e486c0de2a0) - AI processing not yet complete.
Auto mode complete.
[2026-05-16 04:29:14] Auto export completed successfully.
[2026-05-16 05:29:14] Starting auto export...
/Users/hiroshi/Library/Python/3.9/lib/python/site-packages/urllib3/__init__.py:35: NotOpenSSLWarning: urllib3 v2 only supports OpenSSL 1.1.1+, currently the 'ssl' module is compiled with 'LibreSSL 2.8.3'. See: https://github.com/urllib3/urllib3/issues/3020
  warnings.warn(
Running in AUTO mode...
Found 7 new files out of 50 total.
Skipping 2026-04-13 18:18:23 (edb15544894f4a75951777628db1b4b7) - AI processing not yet complete.
Skipping 2026-03-15 16:23:06 (f741ea39d62b8cce8461e71de8006d15) - AI processing not yet complete.
Skipping 2026-03-12 10:00:47 (f4d99481d2520131e1fe9d35142bd876) - AI processing not yet complete.
Skipping 2026-03-03 11:40:52 (5ee14a603a0eb00dc0cd014131634a49) - AI processing not yet complete.
Skipping 2026-03-02 22:55:37 (f8e768606308a898b656297de98ecdf0) - AI processing not yet complete.
Skipping 2026-03-02 18:19:41 (e2e964c6239c49aa1ac0d62fa7a9b149) - AI processing not yet complete.
Skipping 2026-02-22 03:25:10 (2091a2244a8f229875ad1e486c0de2a0) - AI processing not yet complete.
Auto mode complete.
[2026-05-16 05:29:15] Auto export completed successfully.
[2026-05-16 06:29:15] Starting auto export...
/Users/hiroshi/Library/Python/3.9/lib/python/site-packages/urllib3/__init__.py:35: NotOpenSSLWarning: urllib3 v2 only supports OpenSSL 1.1.1+, currently the 'ssl' module is compiled with 'LibreSSL 2.8.3'. See: https://github.com/urllib3/urllib3/issues/3020
  warnings.warn(
Running in AUTO mode...
Found 7 new files out of 50 total.
Skipping 2026-04-13 18:18:23 (edb15544894f4a75951777628db1b4b7) - AI processing not yet complete.
Skipping 2026-03-15 16:23:06 (f741ea39d62b8cce8461e71de8006d15) - AI processing not yet complete.
Skipping 2026-03-12 10:00:47 (f4d99481d2520131e1fe9d35142bd876) - AI processing not yet complete.
Skipping 2026-03-03 11:40:52 (5ee14a603a0eb00dc0cd014131634a49) - AI processing not yet complete.
Skipping 2026-03-02 22:55:37 (f8e768606308a898b656297de98ecdf0) - AI processing not yet complete.
Skipping 2026-03-02 18:19:41 (e2e964c6239c49aa1ac0d62fa7a9b149) - AI processing not yet complete.
Skipping 2026-02-22 03:25:10 (2091a2244a8f229875ad1e486c0de2a0) - AI processing not yet complete.
Auto mode complete.
[2026-05-16 06:29:16] Auto export completed successfully.
[2026-05-16 07:29:16] Starting auto export...
/Users/hiroshi/Library/Python/3.9/lib/python/site-packages/urllib3/__init__.py:35: NotOpenSSLWarning: urllib3 v2 only supports OpenSSL 1.1.1+, currently the 'ssl' module is compiled with 'LibreSSL 2.8.3'. See: https://github.com/urllib3/urllib3/issues/3020
  warnings.warn(
Running in AUTO mode...
Found 7 new files out of 50 total.
Skipping 2026-04-13 18:18:23 (edb15544894f4a75951777628db1b4b7) - AI processing not yet complete.
Skipping 2026-03-15 16:23:06 (f741ea39d62b8cce8461e71de8006d15) - AI processing not yet complete.
Skipping 2026-03-12 10:00:47 (f4d99481d2520131e1fe9d35142bd876) - AI processing not yet complete.
Skipping 2026-03-03 11:40:52 (5ee14a603a0eb00dc0cd014131634a49) - AI processing not yet complete.
Skipping 2026-03-02 22:55:37 (f8e768606308a898b656297de98ecdf0) - AI processing not yet complete.
Skipping 2026-03-02 18:19:41 (e2e964c6239c49aa1ac0d62fa7a9b149) - AI processing not yet complete.
Skipping 2026-02-22 03:25:10 (2091a2244a8f229875ad1e486c0de2a0) - AI processing not yet complete.
Auto mode complete.
[2026-05-16 07:29:17] Auto export completed successfully.
[2026-05-16 08:29:17] Starting auto export...
/Users/hiroshi/Library/Python/3.9/lib/python/site-packages/urllib3/__init__.py:35: NotOpenSSLWarning: urllib3 v2 only supports OpenSSL 1.1.1+, currently the 'ssl' module is compiled with 'LibreSSL 2.8.3'. See: https://github.com/urllib3/urllib3/issues/3020
  warnings.warn(
Running in AUTO mode...
Found 7 new files out of 50 total.
Skipping 2026-04-13 18:18:23 (edb15544894f4a75951777628db1b4b7) - AI processing not yet complete.
Skipping 2026-03-15 16:23:06 (f741ea39d62b8cce8461e71de8006d15) - AI processing not yet complete.
Skipping 2026-03-12 10:00:47 (f4d99481d2520131e1fe9d35142bd876) - AI processing not yet complete.
Skipping 2026-03-03 11:40:52 (5ee14a603a0eb00dc0cd014131634a49) - AI processing not yet complete.
Skipping 2026-03-02 22:55:37 (f8e768606308a898b656297de98ecdf0) - AI processing not yet complete.
Skipping 2026-03-02 18:19:41 (e2e964c6239c49aa1ac0d62fa7a9b149) - AI processing not yet complete.
Skipping 2026-02-22 03:25:10 (2091a2244a8f229875ad1e486c0de2a0) - AI processing not yet complete.
Auto mode complete.
[2026-05-16 08:29:18] Auto export completed successfully.
[2026-05-16 09:29:18] Starting auto export...
/Users/hiroshi/Library/Python/3.9/lib/python/site-packages/urllib3/__init__.py:35: NotOpenSSLWarning: urllib3 v2 only supports OpenSSL 1.1.1+, currently the 'ssl' module is compiled with 'LibreSSL 2.8.3'. See: https://github.com/urllib3/urllib3/issues/3020
  warnings.warn(
Running in AUTO mode...
Found 7 new files out of 50 total.
Skipping 2026-04-13 18:18:23 (edb15544894f4a75951777628db1b4b7) - AI processing not yet complete.
Skipping 2026-03-15 16:23:06 (f741ea39d62b8cce8461e71de8006d15) - AI processing not yet complete.
Skipping 2026-03-12 10:00:47 (f4d99481d2520131e1fe9d35142bd876) - AI processing not yet complete.
Skipping 2026-03-03 11:40:52 (5ee14a603a0eb00dc0cd014131634a49) - AI processing not yet complete.
Skipping 2026-03-02 22:55:37 (f8e768606308a898b656297de98ecdf0) - AI processing not yet complete.
Skipping 2026-03-02 18:19:41 (e2e964c6239c49aa1ac0d62fa7a9b149) - AI processing not yet complete.
Skipping 2026-02-22 03:25:10 (2091a2244a8f229875ad1e486c0de2a0) - AI processing not yet complete.
Auto mode complete.
[2026-05-16 09:29:19] Auto export completed successfully.
[2026-05-16 10:29:19] Starting auto export...
/Users/hiroshi/Library/Python/3.9/lib/python/site-packages/urllib3/__init__.py:35: NotOpenSSLWarning: urllib3 v2 only supports OpenSSL 1.1.1+, currently the 'ssl' module is compiled with 'LibreSSL 2.8.3'. See: https://github.com/urllib3/urllib3/issues/3020
  warnings.warn(
Running in AUTO mode...
Found 7 new files out of 50 total.
Skipping 2026-04-13 18:18:23 (edb15544894f4a75951777628db1b4b7) - AI processing not yet complete.
Skipping 2026-03-15 16:23:06 (f741ea39d62b8cce8461e71de8006d15) - AI processing not yet complete.
Skipping 2026-03-12 10:00:47 (f4d99481d2520131e1fe9d35142bd876) - AI processing not yet complete.
Skipping 2026-03-03 11:40:52 (5ee14a603a0eb00dc0cd014131634a49) - AI processing not yet complete.
Skipping 2026-03-02 22:55:37 (f8e768606308a898b656297de98ecdf0) - AI processing not yet complete.
Skipping 2026-03-02 18:19:41 (e2e964c6239c49aa1ac0d62fa7a9b149) - AI processing not yet complete.
Skipping 2026-02-22 03:25:10 (2091a2244a8f229875ad1e486c0de2a0) - AI processing not yet complete.
Auto mode complete.
[2026-05-16 10:29:20] Auto export completed successfully.
[2026-05-16 11:29:20] Starting auto export...
/Users/hiroshi/Library/Python/3.9/lib/python/site-packages/urllib3/__init__.py:35: NotOpenSSLWarning: urllib3 v2 only supports OpenSSL 1.1.1+, currently the 'ssl' module is compiled with 'LibreSSL 2.8.3'. See: https://github.com/urllib3/urllib3/issues/3020
  warnings.warn(
Running in AUTO mode...
Found 7 new files out of 50 total.
Skipping 2026-04-13 18:18:23 (edb15544894f4a75951777628db1b4b7) - AI processing not yet complete.
Skipping 2026-03-15 16:23:06 (f741ea39d62b8cce8461e71de8006d15) - AI processing not yet complete.
Skipping 2026-03-12 10:00:47 (f4d99481d2520131e1fe9d35142bd876) - AI processing not yet complete.
Skipping 2026-03-03 11:40:52 (5ee14a603a0eb00dc0cd014131634a49) - AI processing not yet complete.
Skipping 2026-03-02 22:55:37 (f8e768606308a898b656297de98ecdf0) - AI processing not yet complete.
Skipping 2026-03-02 18:19:41 (e2e964c6239c49aa1ac0d62fa7a9b149) - AI processing not yet complete.
Skipping 2026-02-22 03:25:10 (2091a2244a8f229875ad1e486c0de2a0) - AI processing not yet complete.
Auto mode complete.
[2026-05-16 11:29:22] Auto export completed successfully.
[2026-05-16 12:29:21] Starting auto export...
/Users/hiroshi/Library/Python/3.9/lib/python/site-packages/urllib3/__init__.py:35: NotOpenSSLWarning: urllib3 v2 only supports OpenSSL 1.1.1+, currently the 'ssl' module is compiled with 'LibreSSL 2.8.3'. See: https://github.com/urllib3/urllib3/issues/3020
  warnings.warn(
Running in AUTO mode...
Found 7 new files out of 50 total.
Skipping 2026-04-13 18:18:23 (edb15544894f4a75951777628db1b4b7) - AI processing not yet complete.
Skipping 2026-03-15 16:23:06 (f741ea39d62b8cce8461e71de8006d15) - AI processing not yet complete.
Skipping 2026-03-12 10:00:47 (f4d99481d2520131e1fe9d35142bd876) - AI processing not yet complete.
Skipping 2026-03-03 11:40:52 (5ee14a603a0eb00dc0cd014131634a49) - AI processing not yet complete.
Skipping 2026-03-02 22:55:37 (f8e768606308a898b656297de98ecdf0) - AI processing not yet complete.
Skipping 2026-03-02 18:19:41 (e2e964c6239c49aa1ac0d62fa7a9b149) - AI processing not yet complete.
Skipping 2026-02-22 03:25:10 (2091a2244a8f229875ad1e486c0de2a0) - AI processing not yet complete.
Auto mode complete.
[2026-05-16 12:29:22] Auto export completed successfully.
[2026-05-16 13:29:22] Starting auto export...
/Users/hiroshi/Library/Python/3.9/lib/python/site-packages/urllib3/__init__.py:35: NotOpenSSLWarning: urllib3 v2 only supports OpenSSL 1.1.1+, currently the 'ssl' module is compiled with 'LibreSSL 2.8.3'. See: https://github.com/urllib3/urllib3/issues/3020
  warnings.warn(
Running in AUTO mode...
Found 7 new files out of 50 total.
Skipping 2026-04-13 18:18:23 (edb15544894f4a75951777628db1b4b7) - AI processing not yet complete.
Skipping 2026-03-15 16:23:06 (f741ea39d62b8cce8461e71de8006d15) - AI processing not yet complete.
Skipping 2026-03-12 10:00:47 (f4d99481d2520131e1fe9d35142bd876) - AI processing not yet complete.
Skipping 2026-03-03 11:40:52 (5ee14a603a0eb00dc0cd014131634a49) - AI processing not yet complete.
Skipping 2026-03-02 22:55:37 (f8e768606308a898b656297de98ecdf0) - AI processing not yet complete.
Skipping 2026-03-02 18:19:41 (e2e964c6239c49aa1ac0d62fa7a9b149) - AI processing not yet complete.
Skipping 2026-02-22 03:25:10 (2091a2244a8f229875ad1e486c0de2a0) - AI processing not yet complete.
Auto mode complete.
[2026-05-16 13:29:23] Auto export completed successfully.
[2026-05-16 14:29:24] Starting auto export...
/Users/hiroshi/Library/Python/3.9/lib/python/site-packages/urllib3/__init__.py:35: NotOpenSSLWarning: urllib3 v2 only supports OpenSSL 1.1.1+, currently the 'ssl' module is compiled with 'LibreSSL 2.8.3'. See: https://github.com/urllib3/urllib3/issues/3020
  warnings.warn(
Running in AUTO mode...
Found 7 new files out of 50 total.
Skipping 2026-04-13 18:18:23 (edb15544894f4a75951777628db1b4b7) - AI processing not yet complete.
Skipping 2026-03-15 16:23:06 (f741ea39d62b8cce8461e71de8006d15) - AI processing not yet complete.
Skipping 2026-03-12 10:00:47 (f4d99481d2520131e1fe9d35142bd876) - AI processing not yet complete.
Skipping 2026-03-03 11:40:52 (5ee14a603a0eb00dc0cd014131634a49) - AI processing not yet complete.
Skipping 2026-03-02 22:55:37 (f8e768606308a898b656297de98ecdf0) - AI processing not yet complete.
Skipping 2026-03-02 18:19:41 (e2e964c6239c49aa1ac0d62fa7a9b149) - AI processing not yet complete.
Skipping 2026-02-22 03:25:10 (2091a2244a8f229875ad1e486c0de2a0) - AI processing not yet complete.
Auto mode complete.
[2026-05-16 14:29:25] Auto export completed successfully.
[2026-05-16 15:29:25] Starting auto export...
/Users/hiroshi/Library/Python/3.9/lib/python/site-packages/urllib3/__init__.py:35: NotOpenSSLWarning: urllib3 v2 only supports OpenSSL 1.1.1+, currently the 'ssl' module is compiled with 'LibreSSL 2.8.3'. See: https://github.com/urllib3/urllib3/issues/3020
  warnings.warn(
Running in AUTO mode...
Found 7 new files out of 50 total.
Skipping 2026-04-13 18:18:23 (edb15544894f4a75951777628db1b4b7) - AI processing not yet complete.
Skipping 2026-03-15 16:23:06 (f741ea39d62b8cce8461e71de8006d15) - AI processing not yet complete.
Skipping 2026-03-12 10:00:47 (f4d99481d2520131e1fe9d35142bd876) - AI processing not yet complete.
Skipping 2026-03-03 11:40:52 (5ee14a603a0eb00dc0cd014131634a49) - AI processing not yet complete.
Skipping 2026-03-02 22:55:37 (f8e768606308a898b656297de98ecdf0) - AI processing not yet complete.
Skipping 2026-03-02 18:19:41 (e2e964c6239c49aa1ac0d62fa7a9b149) - AI processing not yet complete.
Skipping 2026-02-22 03:25:10 (2091a2244a8f229875ad1e486c0de2a0) - AI processing not yet complete.
Auto mode complete.
[2026-05-16 15:29:26] Auto export completed successfully.
[2026-05-16 16:29:26] Starting auto export...
/Users/hiroshi/Library/Python/3.9/lib/python/site-packages/urllib3/__init__.py:35: NotOpenSSLWarning: urllib3 v2 only supports OpenSSL 1.1.1+, currently the 'ssl' module is compiled with 'LibreSSL 2.8.3'. See: https://github.com/urllib3/urllib3/issues/3020
  warnings.warn(
Running in AUTO mode...
Found 7 new files out of 50 total.
Skipping 2026-04-13 18:18:23 (edb15544894f4a75951777628db1b4b7) - AI processing not yet complete.
Skipping 2026-03-15 16:23:06 (f741ea39d62b8cce8461e71de8006d15) - AI processing not yet complete.
Skipping 2026-03-12 10:00:47 (f4d99481d2520131e1fe9d35142bd876) - AI processing not yet complete.
Skipping 2026-03-03 11:40:52 (5ee14a603a0eb00dc0cd014131634a49) - AI processing not yet complete.
Skipping 2026-03-02 22:55:37 (f8e768606308a898b656297de98ecdf0) - AI processing not yet complete.
Skipping 2026-03-02 18:19:41 (e2e964c6239c49aa1ac0d62fa7a9b149) - AI processing not yet complete.
Skipping 2026-02-22 03:25:10 (2091a2244a8f229875ad1e486c0de2a0) - AI processing not yet complete.
Auto mode complete.
[2026-05-16 16:29:27] Auto export completed successfully.
[2026-05-16 17:29:27] Starting auto export...
/Users/hiroshi/Library/Python/3.9/lib/python/site-packages/urllib3/__init__.py:35: NotOpenSSLWarning: urllib3 v2 only supports OpenSSL 1.1.1+, currently the 'ssl' module is compiled with 'LibreSSL 2.8.3'. See: https://github.com/urllib3/urllib3/issues/3020
  warnings.warn(
Running in AUTO mode...
Found 7 new files out of 50 total.
Skipping 2026-04-13 18:18:23 (edb15544894f4a75951777628db1b4b7) - AI processing not yet complete.
Skipping 2026-03-15 16:23:06 (f741ea39d62b8cce8461e71de8006d15) - AI processing not yet complete.
Skipping 2026-03-12 10:00:47 (f4d99481d2520131e1fe9d35142bd876) - AI processing not yet complete.
Skipping 2026-03-03 11:40:52 (5ee14a603a0eb00dc0cd014131634a49) - AI processing not yet complete.
Skipping 2026-03-02 22:55:37 (f8e768606308a898b656297de98ecdf0) - AI processing not yet complete.
Skipping 2026-03-02 18:19:41 (e2e964c6239c49aa1ac0d62fa7a9b149) - AI processing not yet complete.
Skipping 2026-02-22 03:25:10 (2091a2244a8f229875ad1e486c0de2a0) - AI processing not yet complete.
Auto mode complete.
[2026-05-16 17:29:27] Auto export completed successfully.
[2026-05-16 18:29:27] Starting auto export...
/Users/hiroshi/Library/Python/3.9/lib/python/site-packages/urllib3/__init__.py:35: NotOpenSSLWarning: urllib3 v2 only supports OpenSSL 1.1.1+, currently the 'ssl' module is compiled with 'LibreSSL 2.8.3'. See: https://github.com/urllib3/urllib3/issues/3020
  warnings.warn(
Running in AUTO mode...
Found 7 new files out of 50 total.
Skipping 2026-04-13 18:18:23 (edb15544894f4a75951777628db1b4b7) - AI processing not yet complete.
Skipping 2026-03-15 16:23:06 (f741ea39d62b8cce8461e71de8006d15) - AI processing not yet complete.
Skipping 2026-03-12 10:00:47 (f4d99481d2520131e1fe9d35142bd876) - AI processing not yet complete.
Skipping 2026-03-03 11:40:52 (5ee14a603a0eb00dc0cd014131634a49) - AI processing not yet complete.
Skipping 2026-03-02 22:55:37 (f8e768606308a898b656297de98ecdf0) - AI processing not yet complete.
Skipping 2026-03-02 18:19:41 (e2e964c6239c49aa1ac0d62fa7a9b149) - AI processing not yet complete.
Skipping 2026-02-22 03:25:10 (2091a2244a8f229875ad1e486c0de2a0) - AI processing not yet complete.
Auto mode complete.
[2026-05-16 18:29:29] Auto export completed successfully.
[2026-05-16 19:29:29] Starting auto export...
/Users/hiroshi/Library/Python/3.9/lib/python/site-packages/urllib3/__init__.py:35: NotOpenSSLWarning: urllib3 v2 only supports OpenSSL 1.1.1+, currently the 'ssl' module is compiled with 'LibreSSL 2.8.3'. See: https://github.com/urllib3/urllib3/issues/3020
  warnings.warn(
Running in AUTO mode...
Found 7 new files out of 50 total.
Skipping 2026-04-13 18:18:23 (edb15544894f4a75951777628db1b4b7) - AI processing not yet complete.
Skipping 2026-03-15 16:23:06 (f741ea39d62b8cce8461e71de8006d15) - AI processing not yet complete.
Skipping 2026-03-12 10:00:47 (f4d99481d2520131e1fe9d35142bd876) - AI processing not yet complete.
Skipping 2026-03-03 11:40:52 (5ee14a603a0eb00dc0cd014131634a49) - AI processing not yet complete.
Skipping 2026-03-02 22:55:37 (f8e768606308a898b656297de98ecdf0) - AI processing not yet complete.
Skipping 2026-03-02 18:19:41 (e2e964c6239c49aa1ac0d62fa7a9b149) - AI processing not yet complete.
Skipping 2026-02-22 03:25:10 (2091a2244a8f229875ad1e486c0de2a0) - AI processing not yet complete.
Auto mode complete.
[2026-05-16 19:29:30] Auto export completed successfully.
[2026-05-16 20:29:30] Starting auto export...
/Users/hiroshi/Library/Python/3.9/lib/python/site-packages/urllib3/__init__.py:35: NotOpenSSLWarning: urllib3 v2 only supports OpenSSL 1.1.1+, currently the 'ssl' module is compiled with 'LibreSSL 2.8.3'. See: https://github.com/urllib3/urllib3/issues/3020
  warnings.warn(
Running in AUTO mode...
Found 7 new files out of 50 total.
Skipping 2026-04-13 18:18:23 (edb15544894f4a75951777628db1b4b7) - AI processing not yet complete.
Skipping 2026-03-15 16:23:06 (f741ea39d62b8cce8461e71de8006d15) - AI processing not yet complete.
Skipping 2026-03-12 10:00:47 (f4d99481d2520131e1fe9d35142bd876) - AI processing not yet complete.
Skipping 2026-03-03 11:40:52 (5ee14a603a0eb00dc0cd014131634a49) - AI processing not yet complete.
Skipping 2026-03-02 22:55:37 (f8e768606308a898b656297de98ecdf0) - AI processing not yet complete.
Skipping 2026-03-02 18:19:41 (e2e964c6239c49aa1ac0d62fa7a9b149) - AI processing not yet complete.
Skipping 2026-02-22 03:25:10 (2091a2244a8f229875ad1e486c0de2a0) - AI processing not yet complete.
Auto mode complete.
[2026-05-16 20:29:31] Auto export completed successfully.
[2026-05-16 21:29:31] Starting auto export...
/Users/hiroshi/Library/Python/3.9/lib/python/site-packages/urllib3/__init__.py:35: NotOpenSSLWarning: urllib3 v2 only supports OpenSSL 1.1.1+, currently the 'ssl' module is compiled with 'LibreSSL 2.8.3'. See: https://github.com/urllib3/urllib3/issues/3020
  warnings.warn(
Running in AUTO mode...
Found 7 new files out of 50 total.
Skipping 2026-04-13 18:18:23 (edb15544894f4a75951777628db1b4b7) - AI processing not yet complete.
Skipping 2026-03-15 16:23:06 (f741ea39d62b8cce8461e71de8006d15) - AI processing not yet complete.
Skipping 2026-03-12 10:00:47 (f4d99481d2520131e1fe9d35142bd876) - AI processing not yet complete.
Skipping 2026-03-03 11:40:52 (5ee14a603a0eb00dc0cd014131634a49) - AI processing not yet complete.
Skipping 2026-03-02 22:55:37 (f8e768606308a898b656297de98ecdf0) - AI processing not yet complete.
Skipping 2026-03-02 18:19:41 (e2e964c6239c49aa1ac0d62fa7a9b149) - AI processing not yet complete.
Skipping 2026-02-22 03:25:10 (2091a2244a8f229875ad1e486c0de2a0) - AI processing not yet complete.
Auto mode complete.
[2026-05-16 21:29:32] Auto export completed successfully.
[2026-05-16 22:29:32] Starting auto export...
/Users/hiroshi/Library/Python/3.9/lib/python/site-packages/urllib3/__init__.py:35: NotOpenSSLWarning: urllib3 v2 only supports OpenSSL 1.1.1+, currently the 'ssl' module is compiled with 'LibreSSL 2.8.3'. See: https://github.com/urllib3/urllib3/issues/3020
  warnings.warn(
Running in AUTO mode...
Found 7 new files out of 50 total.
Skipping 2026-04-13 18:18:23 (edb15544894f4a75951777628db1b4b7) - AI processing not yet complete.
Skipping 2026-03-15 16:23:06 (f741ea39d62b8cce8461e71de8006d15) - AI processing not yet complete.
Skipping 2026-03-12 10:00:47 (f4d99481d2520131e1fe9d35142bd876) - AI processing not yet complete.
Skipping 2026-03-03 11:40:52 (5ee14a603a0eb00dc0cd014131634a49) - AI processing not yet complete.
Skipping 2026-03-02 22:55:37 (f8e768606308a898b656297de98ecdf0) - AI processing not yet complete.
Skipping 2026-03-02 18:19:41 (e2e964c6239c49aa1ac0d62fa7a9b149) - AI processing not yet complete.
Skipping 2026-02-22 03:25:10 (2091a2244a8f229875ad1e486c0de2a0) - AI processing not yet complete.
Auto mode complete.
[2026-05-16 22:29:32] Auto export completed successfully.
[2026-05-16 23:29:33] Starting auto export...
/Users/hiroshi/Library/Python/3.9/lib/python/site-packages/urllib3/__init__.py:35: NotOpenSSLWarning: urllib3 v2 only supports OpenSSL 1.1.1+, currently the 'ssl' module is compiled with 'LibreSSL 2.8.3'. See: https://github.com/urllib3/urllib3/issues/3020
  warnings.warn(
Running in AUTO mode...
Found 7 new files out of 50 total.
Skipping 2026-04-13 18:18:23 (edb15544894f4a75951777628db1b4b7) - AI processing not yet complete.
Skipping 2026-03-15 16:23:06 (f741ea39d62b8cce8461e71de8006d15) - AI processing not yet complete.
Skipping 2026-03-12 10:00:47 (f4d99481d2520131e1fe9d35142bd876) - AI processing not yet complete.
Skipping 2026-03-03 11:40:52 (5ee14a603a0eb00dc0cd014131634a49) - AI processing not yet complete.
Skipping 2026-03-02 22:55:37 (f8e768606308a898b656297de98ecdf0) - AI processing not yet complete.
Skipping 2026-03-02 18:19:41 (e2e964c6239c49aa1ac0d62fa7a9b149) - AI processing not yet complete.
Skipping 2026-02-22 03:25:10 (2091a2244a8f229875ad1e486c0de2a0) - AI processing not yet complete.
Auto mode complete.
[2026-05-16 23:29:34] Auto export completed successfully.
[2026-05-17 00:29:34] Starting auto export...
/Users/hiroshi/Library/Python/3.9/lib/python/site-packages/urllib3/__init__.py:35: NotOpenSSLWarning: urllib3 v2 only supports OpenSSL 1.1.1+, currently the 'ssl' module is compiled with 'LibreSSL 2.8.3'. See: https://github.com/urllib3/urllib3/issues/3020
  warnings.warn(
Running in AUTO mode...
Found 7 new files out of 50 total.
Skipping 2026-04-13 18:18:23 (edb15544894f4a75951777628db1b4b7) - AI processing not yet complete.
Skipping 2026-03-15 16:23:06 (f741ea39d62b8cce8461e71de8006d15) - AI processing not yet complete.
Skipping 2026-03-12 10:00:47 (f4d99481d2520131e1fe9d35142bd876) - AI processing not yet complete.
Skipping 2026-03-03 11:40:52 (5ee14a603a0eb00dc0cd014131634a49) - AI processing not yet complete.
Skipping 2026-03-02 22:55:37 (f8e768606308a898b656297de98ecdf0) - AI processing not yet complete.
Skipping 2026-03-02 18:19:41 (e2e964c6239c49aa1ac0d62fa7a9b149) - AI processing not yet complete.
Skipping 2026-02-22 03:25:10 (2091a2244a8f229875ad1e486c0de2a0) - AI processing not yet complete.
Auto mode complete.
[2026-05-17 00:29:35] Auto export completed successfully.
[2026-05-17 01:29:35] Starting auto export...
/Users/hiroshi/Library/Python/3.9/lib/python/site-packages/urllib3/__init__.py:35: NotOpenSSLWarning: urllib3 v2 only supports OpenSSL 1.1.1+, currently the 'ssl' module is compiled with 'LibreSSL 2.8.3'. See: https://github.com/urllib3/urllib3/issues/3020
  warnings.warn(
Running in AUTO mode...
Found 7 new files out of 50 total.
Skipping 2026-04-13 18:18:23 (edb15544894f4a75951777628db1b4b7) - AI processing not yet complete.
Skipping 2026-03-15 16:23:06 (f741ea39d62b8cce8461e71de8006d15) - AI processing not yet complete.
Skipping 2026-03-12 10:00:47 (f4d99481d2520131e1fe9d35142bd876) - AI processing not yet complete.
Skipping 2026-03-03 11:40:52 (5ee14a603a0eb00dc0cd014131634a49) - AI processing not yet complete.
Skipping 2026-03-02 22:55:37 (f8e768606308a898b656297de98ecdf0) - AI processing not yet complete.
Skipping 2026-03-02 18:19:41 (e2e964c6239c49aa1ac0d62fa7a9b149) - AI processing not yet complete.
Skipping 2026-02-22 03:25:10 (2091a2244a8f229875ad1e486c0de2a0) - AI processing not yet complete.
Auto mode complete.
[2026-05-17 01:29:36] Auto export completed successfully.
[2026-05-17 02:29:36] Starting auto export...
/Users/hiroshi/Library/Python/3.9/lib/python/site-packages/urllib3/__init__.py:35: NotOpenSSLWarning: urllib3 v2 only supports OpenSSL 1.1.1+, currently the 'ssl' module is compiled with 'LibreSSL 2.8.3'. See: https://github.com/urllib3/urllib3/issues/3020
  warnings.warn(
Running in AUTO mode...
Found 7 new files out of 50 total.
Skipping 2026-04-13 18:18:23 (edb15544894f4a75951777628db1b4b7) - AI processing not yet complete.
Skipping 2026-03-15 16:23:06 (f741ea39d62b8cce8461e71de8006d15) - AI processing not yet complete.
Skipping 2026-03-12 10:00:47 (f4d99481d2520131e1fe9d35142bd876) - AI processing not yet complete.
Skipping 2026-03-03 11:40:52 (5ee14a603a0eb00dc0cd014131634a49) - AI processing not yet complete.
Skipping 2026-03-02 22:55:37 (f8e768606308a898b656297de98ecdf0) - AI processing not yet complete.
Skipping 2026-03-02 18:19:41 (e2e964c6239c49aa1ac0d62fa7a9b149) - AI processing not yet complete.
Skipping 2026-02-22 03:25:10 (2091a2244a8f229875ad1e486c0de2a0) - AI processing not yet complete.
Auto mode complete.
[2026-05-17 02:29:37] Auto export completed successfully.
[2026-05-17 03:29:37] Starting auto export...
/Users/hiroshi/Library/Python/3.9/lib/python/site-packages/urllib3/__init__.py:35: NotOpenSSLWarning: urllib3 v2 only supports OpenSSL 1.1.1+, currently the 'ssl' module is compiled with 'LibreSSL 2.8.3'. See: https://github.com/urllib3/urllib3/issues/3020
  warnings.warn(
Running in AUTO mode...
Found 7 new files out of 50 total.
Skipping 2026-04-13 18:18:23 (edb15544894f4a75951777628db1b4b7) - AI processing not yet complete.
Skipping 2026-03-15 16:23:06 (f741ea39d62b8cce8461e71de8006d15) - AI processing not yet complete.
Skipping 2026-03-12 10:00:47 (f4d99481d2520131e1fe9d35142bd876) - AI processing not yet complete.
Skipping 2026-03-03 11:40:52 (5ee14a603a0eb00dc0cd014131634a49) - AI processing not yet complete.
Skipping 2026-03-02 22:55:37 (f8e768606308a898b656297de98ecdf0) - AI processing not yet complete.
Skipping 2026-03-02 18:19:41 (e2e964c6239c49aa1ac0d62fa7a9b149) - AI processing not yet complete.
Skipping 2026-02-22 03:25:10 (2091a2244a8f229875ad1e486c0de2a0) - AI processing not yet complete.
Auto mode complete.
[2026-05-17 03:29:38] Auto export completed successfully.
[2026-05-17 04:29:38] Starting auto export...
/Users/hiroshi/Library/Python/3.9/lib/python/site-packages/urllib3/__init__.py:35: NotOpenSSLWarning: urllib3 v2 only supports OpenSSL 1.1.1+, currently the 'ssl' module is compiled with 'LibreSSL 2.8.3'. See: https://github.com/urllib3/urllib3/issues/3020
  warnings.warn(
Running in AUTO mode...
Found 7 new files out of 50 total.
Skipping 2026-04-13 18:18:23 (edb15544894f4a75951777628db1b4b7) - AI processing not yet complete.
Skipping 2026-03-15 16:23:06 (f741ea39d62b8cce8461e71de8006d15) - AI processing not yet complete.
Skipping 2026-03-12 10:00:47 (f4d99481d2520131e1fe9d35142bd876) - AI processing not yet complete.
Skipping 2026-03-03 11:40:52 (5ee14a603a0eb00dc0cd014131634a49) - AI processing not yet complete.
Skipping 2026-03-02 22:55:37 (f8e768606308a898b656297de98ecdf0) - AI processing not yet complete.
Skipping 2026-03-02 18:19:41 (e2e964c6239c49aa1ac0d62fa7a9b149) - AI processing not yet complete.
Skipping 2026-02-22 03:25:10 (2091a2244a8f229875ad1e486c0de2a0) - AI processing not yet complete.
Auto mode complete.
[2026-05-17 04:29:39] Auto export completed successfully.
[2026-05-17 05:29:39] Starting auto export...
/Users/hiroshi/Library/Python/3.9/lib/python/site-packages/urllib3/__init__.py:35: NotOpenSSLWarning: urllib3 v2 only supports OpenSSL 1.1.1+, currently the 'ssl' module is compiled with 'LibreSSL 2.8.3'. See: https://github.com/urllib3/urllib3/issues/3020
  warnings.warn(
Running in AUTO mode...
Found 7 new files out of 50 total.
Skipping 2026-04-13 18:18:23 (edb15544894f4a75951777628db1b4b7) - AI processing not yet complete.
Skipping 2026-03-15 16:23:06 (f741ea39d62b8cce8461e71de8006d15) - AI processing not yet complete.
Skipping 2026-03-12 10:00:47 (f4d99481d2520131e1fe9d35142bd876) - AI processing not yet complete.
Skipping 2026-03-03 11:40:52 (5ee14a603a0eb00dc0cd014131634a49) - AI processing not yet complete.
Skipping 2026-03-02 22:55:37 (f8e768606308a898b656297de98ecdf0) - AI processing not yet complete.
Skipping 2026-03-02 18:19:41 (e2e964c6239c49aa1ac0d62fa7a9b149) - AI processing not yet complete.
Skipping 2026-02-22 03:25:10 (2091a2244a8f229875ad1e486c0de2a0) - AI processing not yet complete.
Auto mode complete.
[2026-05-17 05:29:40] Auto export completed successfully.
[2026-05-17 06:29:40] Starting auto export...
/Users/hiroshi/Library/Python/3.9/lib/python/site-packages/urllib3/__init__.py:35: NotOpenSSLWarning: urllib3 v2 only supports OpenSSL 1.1.1+, currently the 'ssl' module is compiled with 'LibreSSL 2.8.3'. See: https://github.com/urllib3/urllib3/issues/3020
  warnings.warn(
Running in AUTO mode...
Found 7 new files out of 50 total.
Skipping 2026-04-13 18:18:23 (edb15544894f4a75951777628db1b4b7) - AI processing not yet complete.
Skipping 2026-03-15 16:23:06 (f741ea39d62b8cce8461e71de8006d15) - AI processing not yet complete.
Skipping 2026-03-12 10:00:47 (f4d99481d2520131e1fe9d35142bd876) - AI processing not yet complete.
Skipping 2026-03-03 11:40:52 (5ee14a603a0eb00dc0cd014131634a49) - AI processing not yet complete.
Skipping 2026-03-02 22:55:37 (f8e768606308a898b656297de98ecdf0) - AI processing not yet complete.
Skipping 2026-03-02 18:19:41 (e2e964c6239c49aa1ac0d62fa7a9b149) - AI processing not yet complete.
Skipping 2026-02-22 03:25:10 (2091a2244a8f229875ad1e486c0de2a0) - AI processing not yet complete.
Auto mode complete.
[2026-05-17 06:29:41] Auto export completed successfully.
[2026-05-17 07:29:41] Starting auto export...
/Users/hiroshi/Library/Python/3.9/lib/python/site-packages/urllib3/__init__.py:35: NotOpenSSLWarning: urllib3 v2 only supports OpenSSL 1.1.1+, currently the 'ssl' module is compiled with 'LibreSSL 2.8.3'. See: https://github.com/urllib3/urllib3/issues/3020
  warnings.warn(
Running in AUTO mode...
Found 7 new files out of 50 total.
Skipping 2026-04-13 18:18:23 (edb15544894f4a75951777628db1b4b7) - AI processing not yet complete.
Skipping 2026-03-15 16:23:06 (f741ea39d62b8cce8461e71de8006d15) - AI processing not yet complete.
Skipping 2026-03-12 10:00:47 (f4d99481d2520131e1fe9d35142bd876) - AI processing not yet complete.
Skipping 2026-03-03 11:40:52 (5ee14a603a0eb00dc0cd014131634a49) - AI processing not yet complete.
Skipping 2026-03-02 22:55:37 (f8e768606308a898b656297de98ecdf0) - AI processing not yet complete.
Skipping 2026-03-02 18:19:41 (e2e964c6239c49aa1ac0d62fa7a9b149) - AI processing not yet complete.
Skipping 2026-02-22 03:25:10 (2091a2244a8f229875ad1e486c0de2a0) - AI processing not yet complete.
Auto mode complete.
[2026-05-17 07:29:43] Auto export completed successfully.
[2026-05-17 08:29:43] Starting auto export...
/Users/hiroshi/Library/Python/3.9/lib/python/site-packages/urllib3/__init__.py:35: NotOpenSSLWarning: urllib3 v2 only supports OpenSSL 1.1.1+, currently the 'ssl' module is compiled with 'LibreSSL 2.8.3'. See: https://github.com/urllib3/urllib3/issues/3020
  warnings.warn(
Running in AUTO mode...
Found 7 new files out of 50 total.
Skipping 2026-04-13 18:18:23 (edb15544894f4a75951777628db1b4b7) - AI processing not yet complete.
Skipping 2026-03-15 16:23:06 (f741ea39d62b8cce8461e71de8006d15) - AI processing not yet complete.
Skipping 2026-03-12 10:00:47 (f4d99481d2520131e1fe9d35142bd876) - AI processing not yet complete.
Skipping 2026-03-03 11:40:52 (5ee14a603a0eb00dc0cd014131634a49) - AI processing not yet complete.
Skipping 2026-03-02 22:55:37 (f8e768606308a898b656297de98ecdf0) - AI processing not yet complete.
Skipping 2026-03-02 18:19:41 (e2e964c6239c49aa1ac0d62fa7a9b149) - AI processing not yet complete.
Skipping 2026-02-22 03:25:10 (2091a2244a8f229875ad1e486c0de2a0) - AI processing not yet complete.
Auto mode complete.
[2026-05-17 08:29:44] Auto export completed successfully.
[2026-05-17 09:29:44] Starting auto export...
/Users/hiroshi/Library/Python/3.9/lib/python/site-packages/urllib3/__init__.py:35: NotOpenSSLWarning: urllib3 v2 only supports OpenSSL 1.1.1+, currently the 'ssl' module is compiled with 'LibreSSL 2.8.3'. See: https://github.com/urllib3/urllib3/issues/3020
  warnings.warn(
Running in AUTO mode...
Found 7 new files out of 50 total.
Skipping 2026-04-13 18:18:23 (edb15544894f4a75951777628db1b4b7) - AI processing not yet complete.
Skipping 2026-03-15 16:23:06 (f741ea39d62b8cce8461e71de8006d15) - AI processing not yet complete.
Skipping 2026-03-12 10:00:47 (f4d99481d2520131e1fe9d35142bd876) - AI processing not yet complete.
Skipping 2026-03-03 11:40:52 (5ee14a603a0eb00dc0cd014131634a49) - AI processing not yet complete.
Skipping 2026-03-02 22:55:37 (f8e768606308a898b656297de98ecdf0) - AI processing not yet complete.
Skipping 2026-03-02 18:19:41 (e2e964c6239c49aa1ac0d62fa7a9b149) - AI processing not yet complete.
Skipping 2026-02-22 03:25:10 (2091a2244a8f229875ad1e486c0de2a0) - AI processing not yet complete.
Auto mode complete.
[2026-05-17 09:29:45] Auto export completed successfully.
[2026-05-17 10:29:45] Starting auto export...
/Users/hiroshi/Library/Python/3.9/lib/python/site-packages/urllib3/__init__.py:35: NotOpenSSLWarning: urllib3 v2 only supports OpenSSL 1.1.1+, currently the 'ssl' module is compiled with 'LibreSSL 2.8.3'. See: https://github.com/urllib3/urllib3/issues/3020
  warnings.warn(
Running in AUTO mode...
Found 7 new files out of 50 total.
Skipping 2026-04-13 18:18:23 (edb15544894f4a75951777628db1b4b7) - AI processing not yet complete.
Skipping 2026-03-15 16:23:06 (f741ea39d62b8cce8461e71de8006d15) - AI processing not yet complete.
Skipping 2026-03-12 10:00:47 (f4d99481d2520131e1fe9d35142bd876) - AI processing not yet complete.
Skipping 2026-03-03 11:40:52 (5ee14a603a0eb00dc0cd014131634a49) - AI processing not yet complete.
Skipping 2026-03-02 22:55:37 (f8e768606308a898b656297de98ecdf0) - AI processing not yet complete.
Skipping 2026-03-02 18:19:41 (e2e964c6239c49aa1ac0d62fa7a9b149) - AI processing not yet complete.
Skipping 2026-02-22 03:25:10 (2091a2244a8f229875ad1e486c0de2a0) - AI processing not yet complete.
Auto mode complete.
[2026-05-17 10:29:46] Auto export completed successfully.
[2026-05-17 11:29:46] Starting auto export...
/Users/hiroshi/Library/Python/3.9/lib/python/site-packages/urllib3/__init__.py:35: NotOpenSSLWarning: urllib3 v2 only supports OpenSSL 1.1.1+, currently the 'ssl' module is compiled with 'LibreSSL 2.8.3'. See: https://github.com/urllib3/urllib3/issues/3020
  warnings.warn(
Running in AUTO mode...
Found 7 new files out of 50 total.
Skipping 2026-04-13 18:18:23 (edb15544894f4a75951777628db1b4b7) - AI processing not yet complete.
Skipping 2026-03-15 16:23:06 (f741ea39d62b8cce8461e71de8006d15) - AI processing not yet complete.
Skipping 2026-03-12 10:00:47 (f4d99481d2520131e1fe9d35142bd876) - AI processing not yet complete.
Skipping 2026-03-03 11:40:52 (5ee14a603a0eb00dc0cd014131634a49) - AI processing not yet complete.
Skipping 2026-03-02 22:55:37 (f8e768606308a898b656297de98ecdf0) - AI processing not yet complete.
Skipping 2026-03-02 18:19:41 (e2e964c6239c49aa1ac0d62fa7a9b149) - AI processing not yet complete.
Skipping 2026-02-22 03:25:10 (2091a2244a8f229875ad1e486c0de2a0) - AI processing not yet complete.
Auto mode complete.
[2026-05-17 11:29:47] Auto export completed successfully.
[2026-05-17 12:29:47] Starting auto export...
/Users/hiroshi/Library/Python/3.9/lib/python/site-packages/urllib3/__init__.py:35: NotOpenSSLWarning: urllib3 v2 only supports OpenSSL 1.1.1+, currently the 'ssl' module is compiled with 'LibreSSL 2.8.3'. See: https://github.com/urllib3/urllib3/issues/3020
  warnings.warn(
Running in AUTO mode...
Found 7 new files out of 50 total.
Skipping 2026-04-13 18:18:23 (edb15544894f4a75951777628db1b4b7) - AI processing not yet complete.
Skipping 2026-03-15 16:23:06 (f741ea39d62b8cce8461e71de8006d15) - AI processing not yet complete.
Skipping 2026-03-12 10:00:47 (f4d99481d2520131e1fe9d35142bd876) - AI processing not yet complete.
Skipping 2026-03-03 11:40:52 (5ee14a603a0eb00dc0cd014131634a49) - AI processing not yet complete.
Skipping 2026-03-02 22:55:37 (f8e768606308a898b656297de98ecdf0) - AI processing not yet complete.
Skipping 2026-03-02 18:19:41 (e2e964c6239c49aa1ac0d62fa7a9b149) - AI processing not yet complete.
Skipping 2026-02-22 03:25:10 (2091a2244a8f229875ad1e486c0de2a0) - AI processing not yet complete.
Auto mode complete.
[2026-05-17 12:29:48] Auto export completed successfully.
[2026-05-17 13:29:48] Starting auto export...
/Users/hiroshi/Library/Python/3.9/lib/python/site-packages/urllib3/__init__.py:35: NotOpenSSLWarning: urllib3 v2 only supports OpenSSL 1.1.1+, currently the 'ssl' module is compiled with 'LibreSSL 2.8.3'. See: https://github.com/urllib3/urllib3/issues/3020
  warnings.warn(
Running in AUTO mode...
Found 7 new files out of 50 total.
Skipping 2026-04-13 18:18:23 (edb15544894f4a75951777628db1b4b7) - AI processing not yet complete.
Skipping 2026-03-15 16:23:06 (f741ea39d62b8cce8461e71de8006d15) - AI processing not yet complete.
Skipping 2026-03-12 10:00:47 (f4d99481d2520131e1fe9d35142bd876) - AI processing not yet complete.
Skipping 2026-03-03 11:40:52 (5ee14a603a0eb00dc0cd014131634a49) - AI processing not yet complete.
Skipping 2026-03-02 22:55:37 (f8e768606308a898b656297de98ecdf0) - AI processing not yet complete.
Skipping 2026-03-02 18:19:41 (e2e964c6239c49aa1ac0d62fa7a9b149) - AI processing not yet complete.
Skipping 2026-02-22 03:25:10 (2091a2244a8f229875ad1e486c0de2a0) - AI processing not yet complete.
Auto mode complete.
[2026-05-17 13:29:49] Auto export completed successfully.
[2026-05-17 14:29:49] Starting auto export...
/Users/hiroshi/Library/Python/3.9/lib/python/site-packages/urllib3/__init__.py:35: NotOpenSSLWarning: urllib3 v2 only supports OpenSSL 1.1.1+, currently the 'ssl' module is compiled with 'LibreSSL 2.8.3'. See: https://github.com/urllib3/urllib3/issues/3020
  warnings.warn(
Running in AUTO mode...
Found 7 new files out of 50 total.
Skipping 2026-04-13 18:18:23 (edb15544894f4a75951777628db1b4b7) - AI processing not yet complete.
Skipping 2026-03-15 16:23:06 (f741ea39d62b8cce8461e71de8006d15) - AI processing not yet complete.
Skipping 2026-03-12 10:00:47 (f4d99481d2520131e1fe9d35142bd876) - AI processing not yet complete.
Skipping 2026-03-03 11:40:52 (5ee14a603a0eb00dc0cd014131634a49) - AI processing not yet complete.
Skipping 2026-03-02 22:55:37 (f8e768606308a898b656297de98ecdf0) - AI processing not yet complete.
Skipping 2026-03-02 18:19:41 (e2e964c6239c49aa1ac0d62fa7a9b149) - AI processing not yet complete.
Skipping 2026-02-22 03:25:10 (2091a2244a8f229875ad1e486c0de2a0) - AI processing not yet complete.
Auto mode complete.
[2026-05-17 14:29:50] Auto export completed successfully.
[2026-05-17 15:29:50] Starting auto export...
/Users/hiroshi/Library/Python/3.9/lib/python/site-packages/urllib3/__init__.py:35: NotOpenSSLWarning: urllib3 v2 only supports OpenSSL 1.1.1+, currently the 'ssl' module is compiled with 'LibreSSL 2.8.3'. See: https://github.com/urllib3/urllib3/issues/3020
  warnings.warn(
Running in AUTO mode...
Found 7 new files out of 50 total.
Skipping 2026-04-13 18:18:23 (edb15544894f4a75951777628db1b4b7) - AI processing not yet complete.
Skipping 2026-03-15 16:23:06 (f741ea39d62b8cce8461e71de8006d15) - AI processing not yet complete.
Skipping 2026-03-12 10:00:47 (f4d99481d2520131e1fe9d35142bd876) - AI processing not yet complete.
Skipping 2026-03-03 11:40:52 (5ee14a603a0eb00dc0cd014131634a49) - AI processing not yet complete.
Skipping 2026-03-02 22:55:37 (f8e768606308a898b656297de98ecdf0) - AI processing not yet complete.
Skipping 2026-03-02 18:19:41 (e2e964c6239c49aa1ac0d62fa7a9b149) - AI processing not yet complete.
Skipping 2026-02-22 03:25:10 (2091a2244a8f229875ad1e486c0de2a0) - AI processing not yet complete.
Auto mode complete.
[2026-05-17 15:29:51] Auto export completed successfully.
[2026-05-17 16:29:51] Starting auto export...
/Users/hiroshi/Library/Python/3.9/lib/python/site-packages/urllib3/__init__.py:35: NotOpenSSLWarning: urllib3 v2 only supports OpenSSL 1.1.1+, currently the 'ssl' module is compiled with 'LibreSSL 2.8.3'. See: https://github.com/urllib3/urllib3/issues/3020
  warnings.warn(
Running in AUTO mode...
Found 7 new files out of 50 total.
Skipping 2026-04-13 18:18:23 (edb15544894f4a75951777628db1b4b7) - AI processing not yet complete.
Skipping 2026-03-15 16:23:06 (f741ea39d62b8cce8461e71de8006d15) - AI processing not yet complete.
Skipping 2026-03-12 10:00:47 (f4d99481d2520131e1fe9d35142bd876) - AI processing not yet complete.
Skipping 2026-03-03 11:40:52 (5ee14a603a0eb00dc0cd014131634a49) - AI processing not yet complete.
Skipping 2026-03-02 22:55:37 (f8e768606308a898b656297de98ecdf0) - AI processing not yet complete.
Skipping 2026-03-02 18:19:41 (e2e964c6239c49aa1ac0d62fa7a9b149) - AI processing not yet complete.
Skipping 2026-02-22 03:25:10 (2091a2244a8f229875ad1e486c0de2a0) - AI processing not yet complete.
Auto mode complete.
[2026-05-17 16:29:52] Auto export completed successfully.
[2026-05-17 17:29:52] Starting auto export...
/Users/hiroshi/Library/Python/3.9/lib/python/site-packages/urllib3/__init__.py:35: NotOpenSSLWarning: urllib3 v2 only supports OpenSSL 1.1.1+, currently the 'ssl' module is compiled with 'LibreSSL 2.8.3'. See: https://github.com/urllib3/urllib3/issues/3020
  warnings.warn(
Running in AUTO mode...
Found 7 new files out of 50 total.
Skipping 2026-04-13 18:18:23 (edb15544894f4a75951777628db1b4b7) - AI processing not yet complete.
Skipping 2026-03-15 16:23:06 (f741ea39d62b8cce8461e71de8006d15) - AI processing not yet complete.
Skipping 2026-03-12 10:00:47 (f4d99481d2520131e1fe9d35142bd876) - AI processing not yet complete.
Skipping 2026-03-03 11:40:52 (5ee14a603a0eb00dc0cd014131634a49) - AI processing not yet complete.
Skipping 2026-03-02 22:55:37 (f8e768606308a898b656297de98ecdf0) - AI processing not yet complete.
Skipping 2026-03-02 18:19:41 (e2e964c6239c49aa1ac0d62fa7a9b149) - AI processing not yet complete.
Skipping 2026-02-22 03:25:10 (2091a2244a8f229875ad1e486c0de2a0) - AI processing not yet complete.
Auto mode complete.
[2026-05-17 17:29:53] Auto export completed successfully.
[2026-05-17 18:29:53] Starting auto export...
/Users/hiroshi/Library/Python/3.9/lib/python/site-packages/urllib3/__init__.py:35: NotOpenSSLWarning: urllib3 v2 only supports OpenSSL 1.1.1+, currently the 'ssl' module is compiled with 'LibreSSL 2.8.3'. See: https://github.com/urllib3/urllib3/issues/3020
  warnings.warn(
Running in AUTO mode...
Found 7 new files out of 50 total.
Skipping 2026-04-13 18:18:23 (edb15544894f4a75951777628db1b4b7) - AI processing not yet complete.
Skipping 2026-03-15 16:23:06 (f741ea39d62b8cce8461e71de8006d15) - AI processing not yet complete.
Skipping 2026-03-12 10:00:47 (f4d99481d2520131e1fe9d35142bd876) - AI processing not yet complete.
Skipping 2026-03-03 11:40:52 (5ee14a603a0eb00dc0cd014131634a49) - AI processing not yet complete.
Skipping 2026-03-02 22:55:37 (f8e768606308a898b656297de98ecdf0) - AI processing not yet complete.
Skipping 2026-03-02 18:19:41 (e2e964c6239c49aa1ac0d62fa7a9b149) - AI processing not yet complete.
Skipping 2026-02-22 03:25:10 (2091a2244a8f229875ad1e486c0de2a0) - AI processing not yet complete.
Auto mode complete.
[2026-05-17 18:29:54] Auto export completed successfully.
[2026-05-17 19:29:54] Starting auto export...
/Users/hiroshi/Library/Python/3.9/lib/python/site-packages/urllib3/__init__.py:35: NotOpenSSLWarning: urllib3 v2 only supports OpenSSL 1.1.1+, currently the 'ssl' module is compiled with 'LibreSSL 2.8.3'. See: https://github.com/urllib3/urllib3/issues/3020
  warnings.warn(
Running in AUTO mode...
Found 7 new files out of 50 total.
Skipping 2026-04-13 18:18:23 (edb15544894f4a75951777628db1b4b7) - AI processing not yet complete.
Skipping 2026-03-15 16:23:06 (f741ea39d62b8cce8461e71de8006d15) - AI processing not yet complete.
Skipping 2026-03-12 10:00:47 (f4d99481d2520131e1fe9d35142bd876) - AI processing not yet complete.
Skipping 2026-03-03 11:40:52 (5ee14a603a0eb00dc0cd014131634a49) - AI processing not yet complete.
Skipping 2026-03-02 22:55:37 (f8e768606308a898b656297de98ecdf0) - AI processing not yet complete.
Skipping 2026-03-02 18:19:41 (e2e964c6239c49aa1ac0d62fa7a9b149) - AI processing not yet complete.
Skipping 2026-02-22 03:25:10 (2091a2244a8f229875ad1e486c0de2a0) - AI processing not yet complete.
Auto mode complete.
[2026-05-17 19:29:55] Auto export completed successfully.
[2026-05-17 20:29:55] Starting auto export...
/Users/hiroshi/Library/Python/3.9/lib/python/site-packages/urllib3/__init__.py:35: NotOpenSSLWarning: urllib3 v2 only supports OpenSSL 1.1.1+, currently the 'ssl' module is compiled with 'LibreSSL 2.8.3'. See: https://github.com/urllib3/urllib3/issues/3020
  warnings.warn(
Running in AUTO mode...
Found 7 new files out of 50 total.
Skipping 2026-04-13 18:18:23 (edb15544894f4a75951777628db1b4b7) - AI processing not yet complete.
Skipping 2026-03-15 16:23:06 (f741ea39d62b8cce8461e71de8006d15) - AI processing not yet complete.
Skipping 2026-03-12 10:00:47 (f4d99481d2520131e1fe9d35142bd876) - AI processing not yet complete.
Skipping 2026-03-03 11:40:52 (5ee14a603a0eb00dc0cd014131634a49) - AI processing not yet complete.
Skipping 2026-03-02 22:55:37 (f8e768606308a898b656297de98ecdf0) - AI processing not yet complete.
Skipping 2026-03-02 18:19:41 (e2e964c6239c49aa1ac0d62fa7a9b149) - AI processing not yet complete.
Skipping 2026-02-22 03:25:10 (2091a2244a8f229875ad1e486c0de2a0) - AI processing not yet complete.
Auto mode complete.
[2026-05-17 20:29:56] Auto export completed successfully.
[2026-05-17 21:29:56] Starting auto export...
/Users/hiroshi/Library/Python/3.9/lib/python/site-packages/urllib3/__init__.py:35: NotOpenSSLWarning: urllib3 v2 only supports OpenSSL 1.1.1+, currently the 'ssl' module is compiled with 'LibreSSL 2.8.3'. See: https://github.com/urllib3/urllib3/issues/3020
  warnings.warn(
Running in AUTO mode...
Found 7 new files out of 50 total.
Skipping 2026-04-13 18:18:23 (edb15544894f4a75951777628db1b4b7) - AI processing not yet complete.
Skipping 2026-03-15 16:23:06 (f741ea39d62b8cce8461e71de8006d15) - AI processing not yet complete.
Skipping 2026-03-12 10:00:47 (f4d99481d2520131e1fe9d35142bd876) - AI processing not yet complete.
Skipping 2026-03-03 11:40:52 (5ee14a603a0eb00dc0cd014131634a49) - AI processing not yet complete.
Skipping 2026-03-02 22:55:37 (f8e768606308a898b656297de98ecdf0) - AI processing not yet complete.
Skipping 2026-03-02 18:19:41 (e2e964c6239c49aa1ac0d62fa7a9b149) - AI processing not yet complete.
Skipping 2026-02-22 03:25:10 (2091a2244a8f229875ad1e486c0de2a0) - AI processing not yet complete.
Auto mode complete.
[2026-05-17 21:29:56] Auto export completed successfully.
[2026-05-17 22:29:57] Starting auto export...
/Users/hiroshi/Library/Python/3.9/lib/python/site-packages/urllib3/__init__.py:35: NotOpenSSLWarning: urllib3 v2 only supports OpenSSL 1.1.1+, currently the 'ssl' module is compiled with 'LibreSSL 2.8.3'. See: https://github.com/urllib3/urllib3/issues/3020
  warnings.warn(
Running in AUTO mode...
Found 7 new files out of 50 total.
Skipping 2026-04-13 18:18:23 (edb15544894f4a75951777628db1b4b7) - AI processing not yet complete.
Skipping 2026-03-15 16:23:06 (f741ea39d62b8cce8461e71de8006d15) - AI processing not yet complete.
Skipping 2026-03-12 10:00:47 (f4d99481d2520131e1fe9d35142bd876) - AI processing not yet complete.
Skipping 2026-03-03 11:40:52 (5ee14a603a0eb00dc0cd014131634a49) - AI processing not yet complete.
Skipping 2026-03-02 22:55:37 (f8e768606308a898b656297de98ecdf0) - AI processing not yet complete.
Skipping 2026-03-02 18:19:41 (e2e964c6239c49aa1ac0d62fa7a9b149) - AI processing not yet complete.
Skipping 2026-02-22 03:25:10 (2091a2244a8f229875ad1e486c0de2a0) - AI processing not yet complete.
Auto mode complete.
[2026-05-17 22:29:57] Auto export completed successfully.
[2026-05-17 23:29:57] Starting auto export...
/Users/hiroshi/Library/Python/3.9/lib/python/site-packages/urllib3/__init__.py:35: NotOpenSSLWarning: urllib3 v2 only supports OpenSSL 1.1.1+, currently the 'ssl' module is compiled with 'LibreSSL 2.8.3'. See: https://github.com/urllib3/urllib3/issues/3020
  warnings.warn(
Running in AUTO mode...
Found 7 new files out of 50 total.
Skipping 2026-04-13 18:18:23 (edb15544894f4a75951777628db1b4b7) - AI processing not yet complete.
Skipping 2026-03-15 16:23:06 (f741ea39d62b8cce8461e71de8006d15) - AI processing not yet complete.
Skipping 2026-03-12 10:00:47 (f4d99481d2520131e1fe9d35142bd876) - AI processing not yet complete.
Skipping 2026-03-03 11:40:52 (5ee14a603a0eb00dc0cd014131634a49) - AI processing not yet complete.
Skipping 2026-03-02 22:55:37 (f8e768606308a898b656297de98ecdf0) - AI processing not yet complete.
Skipping 2026-03-02 18:19:41 (e2e964c6239c49aa1ac0d62fa7a9b149) - AI processing not yet complete.
Skipping 2026-02-22 03:25:10 (2091a2244a8f229875ad1e486c0de2a0) - AI processing not yet complete.
Auto mode complete.
[2026-05-17 23:29:58] Auto export completed successfully.
[2026-05-18 00:29:59] Starting auto export...
/Users/hiroshi/Library/Python/3.9/lib/python/site-packages/urllib3/__init__.py:35: NotOpenSSLWarning: urllib3 v2 only supports OpenSSL 1.1.1+, currently the 'ssl' module is compiled with 'LibreSSL 2.8.3'. See: https://github.com/urllib3/urllib3/issues/3020
  warnings.warn(
Running in AUTO mode...
Found 7 new files out of 50 total.
Skipping 2026-04-13 18:18:23 (edb15544894f4a75951777628db1b4b7) - AI processing not yet complete.
Skipping 2026-03-15 16:23:06 (f741ea39d62b8cce8461e71de8006d15) - AI processing not yet complete.
Skipping 2026-03-12 10:00:47 (f4d99481d2520131e1fe9d35142bd876) - AI processing not yet complete.
Skipping 2026-03-03 11:40:52 (5ee14a603a0eb00dc0cd014131634a49) - AI processing not yet complete.
Skipping 2026-03-02 22:55:37 (f8e768606308a898b656297de98ecdf0) - AI processing not yet complete.
Skipping 2026-03-02 18:19:41 (e2e964c6239c49aa1ac0d62fa7a9b149) - AI processing not yet complete.
Skipping 2026-02-22 03:25:10 (2091a2244a8f229875ad1e486c0de2a0) - AI processing not yet complete.
Auto mode complete.
[2026-05-18 00:29:59] Auto export completed successfully.
[2026-05-18 01:29:59] Starting auto export...
/Users/hiroshi/Library/Python/3.9/lib/python/site-packages/urllib3/__init__.py:35: NotOpenSSLWarning: urllib3 v2 only supports OpenSSL 1.1.1+, currently the 'ssl' module is compiled with 'LibreSSL 2.8.3'. See: https://github.com/urllib3/urllib3/issues/3020
  warnings.warn(
Running in AUTO mode...
Found 7 new files out of 50 total.
Skipping 2026-04-13 18:18:23 (edb15544894f4a75951777628db1b4b7) - AI processing not yet complete.
Skipping 2026-03-15 16:23:06 (f741ea39d62b8cce8461e71de8006d15) - AI processing not yet complete.
Skipping 2026-03-12 10:00:47 (f4d99481d2520131e1fe9d35142bd876) - AI processing not yet complete.
Skipping 2026-03-03 11:40:52 (5ee14a603a0eb00dc0cd014131634a49) - AI processing not yet complete.
Skipping 2026-03-02 22:55:37 (f8e768606308a898b656297de98ecdf0) - AI processing not yet complete.
Skipping 2026-03-02 18:19:41 (e2e964c6239c49aa1ac0d62fa7a9b149) - AI processing not yet complete.
Skipping 2026-02-22 03:25:10 (2091a2244a8f229875ad1e486c0de2a0) - AI processing not yet complete.
Auto mode complete.
[2026-05-18 01:30:00] Auto export completed successfully.
[2026-05-18 02:30:00] Starting auto export...
/Users/hiroshi/Library/Python/3.9/lib/python/site-packages/urllib3/__init__.py:35: NotOpenSSLWarning: urllib3 v2 only supports OpenSSL 1.1.1+, currently the 'ssl' module is compiled with 'LibreSSL 2.8.3'. See: https://github.com/urllib3/urllib3/issues/3020
  warnings.warn(
Running in AUTO mode...
Found 7 new files out of 50 total.
Skipping 2026-04-13 18:18:23 (edb15544894f4a75951777628db1b4b7) - AI processing not yet complete.
Skipping 2026-03-15 16:23:06 (f741ea39d62b8cce8461e71de8006d15) - AI processing not yet complete.
Skipping 2026-03-12 10:00:47 (f4d99481d2520131e1fe9d35142bd876) - AI processing not yet complete.
Skipping 2026-03-03 11:40:52 (5ee14a603a0eb00dc0cd014131634a49) - AI processing not yet complete.
Skipping 2026-03-02 22:55:37 (f8e768606308a898b656297de98ecdf0) - AI processing not yet complete.
Skipping 2026-03-02 18:19:41 (e2e964c6239c49aa1ac0d62fa7a9b149) - AI processing not yet complete.
Skipping 2026-02-22 03:25:10 (2091a2244a8f229875ad1e486c0de2a0) - AI processing not yet complete.
Auto mode complete.
[2026-05-18 02:30:01] Auto export completed successfully.
[2026-05-18 03:30:02] Starting auto export...
/Users/hiroshi/Library/Python/3.9/lib/python/site-packages/urllib3/__init__.py:35: NotOpenSSLWarning: urllib3 v2 only supports OpenSSL 1.1.1+, currently the 'ssl' module is compiled with 'LibreSSL 2.8.3'. See: https://github.com/urllib3/urllib3/issues/3020
  warnings.warn(
Running in AUTO mode...
Found 7 new files out of 50 total.
Skipping 2026-04-13 18:18:23 (edb15544894f4a75951777628db1b4b7) - AI processing not yet complete.
Skipping 2026-03-15 16:23:06 (f741ea39d62b8cce8461e71de8006d15) - AI processing not yet complete.
Skipping 2026-03-12 10:00:47 (f4d99481d2520131e1fe9d35142bd876) - AI processing not yet complete.
Skipping 2026-03-03 11:40:52 (5ee14a603a0eb00dc0cd014131634a49) - AI processing not yet complete.
Skipping 2026-03-02 22:55:37 (f8e768606308a898b656297de98ecdf0) - AI processing not yet complete.
Skipping 2026-03-02 18:19:41 (e2e964c6239c49aa1ac0d62fa7a9b149) - AI processing not yet complete.
Skipping 2026-02-22 03:25:10 (2091a2244a8f229875ad1e486c0de2a0) - AI processing not yet complete.
Auto mode complete.
[2026-05-18 03:30:02] Auto export completed successfully.
[2026-05-18 04:30:02] Starting auto export...
/Users/hiroshi/Library/Python/3.9/lib/python/site-packages/urllib3/__init__.py:35: NotOpenSSLWarning: urllib3 v2 only supports OpenSSL 1.1.1+, currently the 'ssl' module is compiled with 'LibreSSL 2.8.3'. See: https://github.com/urllib3/urllib3/issues/3020
  warnings.warn(
Running in AUTO mode...
Found 7 new files out of 50 total.
Skipping 2026-04-13 18:18:23 (edb15544894f4a75951777628db1b4b7) - AI processing not yet complete.
Skipping 2026-03-15 16:23:06 (f741ea39d62b8cce8461e71de8006d15) - AI processing not yet complete.
Skipping 2026-03-12 10:00:47 (f4d99481d2520131e1fe9d35142bd876) - AI processing not yet complete.
Skipping 2026-03-03 11:40:52 (5ee14a603a0eb00dc0cd014131634a49) - AI processing not yet complete.
Skipping 2026-03-02 22:55:37 (f8e768606308a898b656297de98ecdf0) - AI processing not yet complete.
Skipping 2026-03-02 18:19:41 (e2e964c6239c49aa1ac0d62fa7a9b149) - AI processing not yet complete.
Skipping 2026-02-22 03:25:10 (2091a2244a8f229875ad1e486c0de2a0) - AI processing not yet complete.
Auto mode complete.
[2026-05-18 04:30:03] Auto export completed successfully.
[2026-05-18 05:30:03] Starting auto export...
/Users/hiroshi/Library/Python/3.9/lib/python/site-packages/urllib3/__init__.py:35: NotOpenSSLWarning: urllib3 v2 only supports OpenSSL 1.1.1+, currently the 'ssl' module is compiled with 'LibreSSL 2.8.3'. See: https://github.com/urllib3/urllib3/issues/3020
  warnings.warn(
Running in AUTO mode...
Found 7 new files out of 50 total.
Skipping 2026-04-13 18:18:23 (edb15544894f4a75951777628db1b4b7) - AI processing not yet complete.
Skipping 2026-03-15 16:23:06 (f741ea39d62b8cce8461e71de8006d15) - AI processing not yet complete.
Skipping 2026-03-12 10:00:47 (f4d99481d2520131e1fe9d35142bd876) - AI processing not yet complete.
Skipping 2026-03-03 11:40:52 (5ee14a603a0eb00dc0cd014131634a49) - AI processing not yet complete.
Skipping 2026-03-02 22:55:37 (f8e768606308a898b656297de98ecdf0) - AI processing not yet complete.
Skipping 2026-03-02 18:19:41 (e2e964c6239c49aa1ac0d62fa7a9b149) - AI processing not yet complete.
Skipping 2026-02-22 03:25:10 (2091a2244a8f229875ad1e486c0de2a0) - AI processing not yet complete.
Auto mode complete.
[2026-05-18 05:30:04] Auto export completed successfully.
[2026-05-18 06:30:04] Starting auto export...
/Users/hiroshi/Library/Python/3.9/lib/python/site-packages/urllib3/__init__.py:35: NotOpenSSLWarning: urllib3 v2 only supports OpenSSL 1.1.1+, currently the 'ssl' module is compiled with 'LibreSSL 2.8.3'. See: https://github.com/urllib3/urllib3/issues/3020
  warnings.warn(
Running in AUTO mode...
Found 7 new files out of 50 total.
Skipping 2026-04-13 18:18:23 (edb15544894f4a75951777628db1b4b7) - AI processing not yet complete.
Skipping 2026-03-15 16:23:06 (f741ea39d62b8cce8461e71de8006d15) - AI processing not yet complete.
Skipping 2026-03-12 10:00:47 (f4d99481d2520131e1fe9d35142bd876) - AI processing not yet complete.
Skipping 2026-03-03 11:40:52 (5ee14a603a0eb00dc0cd014131634a49) - AI processing not yet complete.
Skipping 2026-03-02 22:55:37 (f8e768606308a898b656297de98ecdf0) - AI processing not yet complete.
Skipping 2026-03-02 18:19:41 (e2e964c6239c49aa1ac0d62fa7a9b149) - AI processing not yet complete.
Skipping 2026-02-22 03:25:10 (2091a2244a8f229875ad1e486c0de2a0) - AI processing not yet complete.
Auto mode complete.
[2026-05-18 06:30:05] Auto export completed successfully.
[2026-05-18 07:30:05] Starting auto export...
/Users/hiroshi/Library/Python/3.9/lib/python/site-packages/urllib3/__init__.py:35: NotOpenSSLWarning: urllib3 v2 only supports OpenSSL 1.1.1+, currently the 'ssl' module is compiled with 'LibreSSL 2.8.3'. See: https://github.com/urllib3/urllib3/issues/3020
  warnings.warn(
Running in AUTO mode...
Found 7 new files out of 50 total.
Skipping 2026-04-13 18:18:23 (edb15544894f4a75951777628db1b4b7) - AI processing not yet complete.
Skipping 2026-03-15 16:23:06 (f741ea39d62b8cce8461e71de8006d15) - AI processing not yet complete.
Skipping 2026-03-12 10:00:47 (f4d99481d2520131e1fe9d35142bd876) - AI processing not yet complete.
Skipping 2026-03-03 11:40:52 (5ee14a603a0eb00dc0cd014131634a49) - AI processing not yet complete.
Skipping 2026-03-02 22:55:37 (f8e768606308a898b656297de98ecdf0) - AI processing not yet complete.
Skipping 2026-03-02 18:19:41 (e2e964c6239c49aa1ac0d62fa7a9b149) - AI processing not yet complete.
Skipping 2026-02-22 03:25:10 (2091a2244a8f229875ad1e486c0de2a0) - AI processing not yet complete.
Auto mode complete.
[2026-05-18 07:30:06] Auto export completed successfully.
[2026-05-18 08:30:06] Starting auto export...
/Users/hiroshi/Library/Python/3.9/lib/python/site-packages/urllib3/__init__.py:35: NotOpenSSLWarning: urllib3 v2 only supports OpenSSL 1.1.1+, currently the 'ssl' module is compiled with 'LibreSSL 2.8.3'. See: https://github.com/urllib3/urllib3/issues/3020
  warnings.warn(
Running in AUTO mode...
Found 7 new files out of 50 total.
Skipping 2026-04-13 18:18:23 (edb15544894f4a75951777628db1b4b7) - AI processing not yet complete.
Skipping 2026-03-15 16:23:06 (f741ea39d62b8cce8461e71de8006d15) - AI processing not yet complete.
Skipping 2026-03-12 10:00:47 (f4d99481d2520131e1fe9d35142bd876) - AI processing not yet complete.
Skipping 2026-03-03 11:40:52 (5ee14a603a0eb00dc0cd014131634a49) - AI processing not yet complete.
Skipping 2026-03-02 22:55:37 (f8e768606308a898b656297de98ecdf0) - AI processing not yet complete.
Skipping 2026-03-02 18:19:41 (e2e964c6239c49aa1ac0d62fa7a9b149) - AI processing not yet complete.
Skipping 2026-02-22 03:25:10 (2091a2244a8f229875ad1e486c0de2a0) - AI processing not yet complete.
Auto mode complete.
[2026-05-18 08:30:07] Auto export completed successfully.
[2026-05-18 09:30:07] Starting auto export...
/Users/hiroshi/Library/Python/3.9/lib/python/site-packages/urllib3/__init__.py:35: NotOpenSSLWarning: urllib3 v2 only supports OpenSSL 1.1.1+, currently the 'ssl' module is compiled with 'LibreSSL 2.8.3'. See: https://github.com/urllib3/urllib3/issues/3020
  warnings.warn(
Running in AUTO mode...
Found 7 new files out of 50 total.
Skipping 2026-04-13 18:18:23 (edb15544894f4a75951777628db1b4b7) - AI processing not yet complete.
Skipping 2026-03-15 16:23:06 (f741ea39d62b8cce8461e71de8006d15) - AI processing not yet complete.
Skipping 2026-03-12 10:00:47 (f4d99481d2520131e1fe9d35142bd876) - AI processing not yet complete.
Skipping 2026-03-03 11:40:52 (5ee14a603a0eb00dc0cd014131634a49) - AI processing not yet complete.
Skipping 2026-03-02 22:55:37 (f8e768606308a898b656297de98ecdf0) - AI processing not yet complete.
Skipping 2026-03-02 18:19:41 (e2e964c6239c49aa1ac0d62fa7a9b149) - AI processing not yet complete.
Skipping 2026-02-22 03:25:10 (2091a2244a8f229875ad1e486c0de2a0) - AI processing not yet complete.
Auto mode complete.
[2026-05-18 09:30:08] Auto export completed successfully.
[2026-05-18 10:30:08] Starting auto export...
/Users/hiroshi/Library/Python/3.9/lib/python/site-packages/urllib3/__init__.py:35: NotOpenSSLWarning: urllib3 v2 only supports OpenSSL 1.1.1+, currently the 'ssl' module is compiled with 'LibreSSL 2.8.3'. See: https://github.com/urllib3/urllib3/issues/3020
  warnings.warn(
Running in AUTO mode...
Found 7 new files out of 50 total.
Skipping 2026-04-13 18:18:23 (edb15544894f4a75951777628db1b4b7) - AI processing not yet complete.
Skipping 2026-03-15 16:23:06 (f741ea39d62b8cce8461e71de8006d15) - AI processing not yet complete.
Skipping 2026-03-12 10:00:47 (f4d99481d2520131e1fe9d35142bd876) - AI processing not yet complete.
Skipping 2026-03-03 11:40:52 (5ee14a603a0eb00dc0cd014131634a49) - AI processing not yet complete.
Skipping 2026-03-02 22:55:37 (f8e768606308a898b656297de98ecdf0) - AI processing not yet complete.
Skipping 2026-03-02 18:19:41 (e2e964c6239c49aa1ac0d62fa7a9b149) - AI processing not yet complete.
Skipping 2026-02-22 03:25:10 (2091a2244a8f229875ad1e486c0de2a0) - AI processing not yet complete.
Auto mode complete.
[2026-05-18 10:30:09] Auto export completed successfully.
[2026-05-18 11:30:09] Starting auto export...
/Users/hiroshi/Library/Python/3.9/lib/python/site-packages/urllib3/__init__.py:35: NotOpenSSLWarning: urllib3 v2 only supports OpenSSL 1.1.1+, currently the 'ssl' module is compiled with 'LibreSSL 2.8.3'. See: https://github.com/urllib3/urllib3/issues/3020
  warnings.warn(
Running in AUTO mode...
Found 7 new files out of 50 total.
Skipping 2026-04-13 18:18:23 (edb15544894f4a75951777628db1b4b7) - AI processing not yet complete.
Skipping 2026-03-15 16:23:06 (f741ea39d62b8cce8461e71de8006d15) - AI processing not yet complete.
Skipping 2026-03-12 10:00:47 (f4d99481d2520131e1fe9d35142bd876) - AI processing not yet complete.
Skipping 2026-03-03 11:40:52 (5ee14a603a0eb00dc0cd014131634a49) - AI processing not yet complete.
Skipping 2026-03-02 22:55:37 (f8e768606308a898b656297de98ecdf0) - AI processing not yet complete.
Skipping 2026-03-02 18:19:41 (e2e964c6239c49aa1ac0d62fa7a9b149) - AI processing not yet complete.
Skipping 2026-02-22 03:25:10 (2091a2244a8f229875ad1e486c0de2a0) - AI processing not yet complete.
Auto mode complete.
[2026-05-18 11:30:10] Auto export completed successfully.
[2026-05-18 20:09:14] Starting auto export...
/Users/hiroshi/Library/Python/3.9/lib/python/site-packages/urllib3/__init__.py:35: NotOpenSSLWarning: urllib3 v2 only supports OpenSSL 1.1.1+, currently the 'ssl' module is compiled with 'LibreSSL 2.8.3'. See: https://github.com/urllib3/urllib3/issues/3020
  warnings.warn(
Running in AUTO mode...
Traceback (most recent call last):
  File "/Users/hiroshi/Library/Python/3.9/lib/python/site-packages/urllib3/connection.py", line 204, in _new_conn
    sock = connection.create_connection(
  File "/Users/hiroshi/Library/Python/3.9/lib/python/site-packages/urllib3/util/connection.py", line 60, in create_connection
    for res in socket.getaddrinfo(host, port, family, socket.SOCK_STREAM):
  File "/Library/Developer/CommandLineTools/Library/Frameworks/Python3.framework/Versions/3.9/lib/python3.9/socket.py", line 953, in getaddrinfo
    for res in _socket.getaddrinfo(host, port, family, type, proto, flags):
socket.gaierror: [Errno 8] nodename nor servname provided, or not known

The above exception was the direct cause of the following exception:

Traceback (most recent call last):
  File "/Users/hiroshi/Library/Python/3.9/lib/python/site-packages/urllib3/connectionpool.py", line 787, in urlopen
    response = self._make_request(
  File "/Users/hiroshi/Library/Python/3.9/lib/python/site-packages/urllib3/connectionpool.py", line 488, in _make_request
    raise new_e
  File "/Users/hiroshi/Library/Python/3.9/lib/python/site-packages/urllib3/connectionpool.py", line 464, in _make_request
    self._validate_conn(conn)
  File "/Users/hiroshi/Library/Python/3.9/lib/python/site-packages/urllib3/connectionpool.py", line 1093, in _validate_conn
    conn.connect()
  File "/Users/hiroshi/Library/Python/3.9/lib/python/site-packages/urllib3/connection.py", line 759, in connect
    self.sock = sock = self._new_conn()
  File "/Users/hiroshi/Library/Python/3.9/lib/python/site-packages/urllib3/connection.py", line 211, in _new_conn
    raise NameResolutionError(self.host, self, e) from e
urllib3.exceptions.NameResolutionError: HTTPSConnection(host='api-apne1.plaud.ai', port=443): Failed to resolve 'api-apne1.plaud.ai' ([Errno 8] nodename nor servname provided, or not known)

The above exception was the direct cause of the following exception:

Traceback (most recent call last):
  File "/Users/hiroshi/Library/Python/3.9/lib/python/site-packages/requests/adapters.py", line 644, in send
    resp = conn.urlopen(
  File "/Users/hiroshi/Library/Python/3.9/lib/python/site-packages/urllib3/connectionpool.py", line 841, in urlopen
    retries = retries.increment(
  File "/Users/hiroshi/Library/Python/3.9/lib/python/site-packages/urllib3/util/retry.py", line 519, in increment
    raise MaxRetryError(_pool, url, reason) from reason  # type: ignore[arg-type]
urllib3.exceptions.MaxRetryError: HTTPSConnectionPool(host='api-apne1.plaud.ai', port=443): Max retries exceeded with url: /file/simple/web?skip=0&limit=50&is_trash=2&sort_by=start_time&is_desc=true (Caused by NameResolutionError("HTTPSConnection(host='api-apne1.plaud.ai', port=443): Failed to resolve 'api-apne1.plaud.ai' ([Errno 8] nodename nor servname provided, or not known)"))

During handling of the above exception, another exception occurred:

Traceback (most recent call last):
  File "/Users/hiroshi/cursor/plaud_exports/plaud_export.py", line 322, in <module>
    main()
  File "/Users/hiroshi/cursor/plaud_exports/plaud_export.py", line 255, in main
    files = list_files(args.token, args.limit)
  File "/Users/hiroshi/cursor/plaud_exports/plaud_export.py", line 173, in list_files
    response = requests.get(url, headers=headers, params=params)
  File "/Users/hiroshi/Library/Python/3.9/lib/python/site-packages/requests/api.py", line 73, in get
    return request("get", url, params=params, **kwargs)
  File "/Users/hiroshi/Library/Python/3.9/lib/python/site-packages/requests/api.py", line 59, in request
    return session.request(method=method, url=url, **kwargs)
  File "/Users/hiroshi/Library/Python/3.9/lib/python/site-packages/requests/sessions.py", line 589, in request
    resp = self.send(prep, **send_kwargs)
  File "/Users/hiroshi/Library/Python/3.9/lib/python/site-packages/requests/sessions.py", line 703, in send
    r = adapter.send(request, **kwargs)
  File "/Users/hiroshi/Library/Python/3.9/lib/python/site-packages/requests/adapters.py", line 677, in send
    raise ConnectionError(e, request=request)
requests.exceptions.ConnectionError: HTTPSConnectionPool(host='api-apne1.plaud.ai', port=443): Max retries exceeded with url: /file/simple/web?skip=0&limit=50&is_trash=2&sort_by=start_time&is_desc=true (Caused by NameResolutionError("HTTPSConnection(host='api-apne1.plaud.ai', port=443): Failed to resolve 'api-apne1.plaud.ai' ([Errno 8] nodename nor servname provided, or not known)"))
[2026-05-18 20:09:14] ERROR: Auto export failed with exit code 1
[2026-05-18 21:18:00] Starting auto export...
/Users/hiroshi/Library/Python/3.9/lib/python/site-packages/urllib3/__init__.py:35: NotOpenSSLWarning: urllib3 v2 only supports OpenSSL 1.1.1+, currently the 'ssl' module is compiled with 'LibreSSL 2.8.3'. See: https://github.com/urllib3/urllib3/issues/3020
  warnings.warn(
Running in AUTO mode...
Traceback (most recent call last):
  File "/Users/hiroshi/Library/Python/3.9/lib/python/site-packages/urllib3/connection.py", line 204, in _new_conn
    sock = connection.create_connection(
  File "/Users/hiroshi/Library/Python/3.9/lib/python/site-packages/urllib3/util/connection.py", line 60, in create_connection
    for res in socket.getaddrinfo(host, port, family, socket.SOCK_STREAM):
  File "/Library/Developer/CommandLineTools/Library/Frameworks/Python3.framework/Versions/3.9/lib/python3.9/socket.py", line 953, in getaddrinfo
    for res in _socket.getaddrinfo(host, port, family, type, proto, flags):
socket.gaierror: [Errno 8] nodename nor servname provided, or not known

The above exception was the direct cause of the following exception:

Traceback (most recent call last):
  File "/Users/hiroshi/Library/Python/3.9/lib/python/site-packages/urllib3/connectionpool.py", line 787, in urlopen
    response = self._make_request(
  File "/Users/hiroshi/Library/Python/3.9/lib/python/site-packages/urllib3/connectionpool.py", line 488, in _make_request
    raise new_e
  File "/Users/hiroshi/Library/Python/3.9/lib/python/site-packages/urllib3/connectionpool.py", line 464, in _make_request
    self._validate_conn(conn)
  File "/Users/hiroshi/Library/Python/3.9/lib/python/site-packages/urllib3/connectionpool.py", line 1093, in _validate_conn
    conn.connect()
  File "/Users/hiroshi/Library/Python/3.9/lib/python/site-packages/urllib3/connection.py", line 759, in connect
    self.sock = sock = self._new_conn()
  File "/Users/hiroshi/Library/Python/3.9/lib/python/site-packages/urllib3/connection.py", line 211, in _new_conn
    raise NameResolutionError(self.host, self, e) from e
urllib3.exceptions.NameResolutionError: HTTPSConnection(host='api-apne1.plaud.ai', port=443): Failed to resolve 'api-apne1.plaud.ai' ([Errno 8] nodename nor servname provided, or not known)

The above exception was the direct cause of the following exception:

Traceback (most recent call last):
  File "/Users/hiroshi/Library/Python/3.9/lib/python/site-packages/requests/adapters.py", line 644, in send
    resp = conn.urlopen(
  File "/Users/hiroshi/Library/Python/3.9/lib/python/site-packages/urllib3/connectionpool.py", line 841, in urlopen
    retries = retries.increment(
  File "/Users/hiroshi/Library/Python/3.9/lib/python/site-packages/urllib3/util/retry.py", line 519, in increment
    raise MaxRetryError(_pool, url, reason) from reason  # type: ignore[arg-type]
urllib3.exceptions.MaxRetryError: HTTPSConnectionPool(host='api-apne1.plaud.ai', port=443): Max retries exceeded with url: /file/simple/web?skip=0&limit=50&is_trash=2&sort_by=start_time&is_desc=true (Caused by NameResolutionError("HTTPSConnection(host='api-apne1.plaud.ai', port=443): Failed to resolve 'api-apne1.plaud.ai' ([Errno 8] nodename nor servname provided, or not known)"))

During handling of the above exception, another exception occurred:

Traceback (most recent call last):
  File "/Users/hiroshi/cursor/plaud_exports/plaud_export.py", line 322, in <module>
    main()
  File "/Users/hiroshi/cursor/plaud_exports/plaud_export.py", line 255, in main
    files = list_files(args.token, args.limit)
  File "/Users/hiroshi/cursor/plaud_exports/plaud_export.py", line 173, in list_files
    response = requests.get(url, headers=headers, params=params)
  File "/Users/hiroshi/Library/Python/3.9/lib/python/site-packages/requests/api.py", line 73, in get
    return request("get", url, params=params, **kwargs)
  File "/Users/hiroshi/Library/Python/3.9/lib/python/site-packages/requests/api.py", line 59, in request
    return session.request(method=method, url=url, **kwargs)
  File "/Users/hiroshi/Library/Python/3.9/lib/python/site-packages/requests/sessions.py", line 589, in request
    resp = self.send(prep, **send_kwargs)
  File "/Users/hiroshi/Library/Python/3.9/lib/python/site-packages/requests/sessions.py", line 703, in send
    r = adapter.send(request, **kwargs)
  File "/Users/hiroshi/Library/Python/3.9/lib/python/site-packages/requests/adapters.py", line 677, in send
    raise ConnectionError(e, request=request)
requests.exceptions.ConnectionError: HTTPSConnectionPool(host='api-apne1.plaud.ai', port=443): Max retries exceeded with url: /file/simple/web?skip=0&limit=50&is_trash=2&sort_by=start_time&is_desc=true (Caused by NameResolutionError("HTTPSConnection(host='api-apne1.plaud.ai', port=443): Failed to resolve 'api-apne1.plaud.ai' ([Errno 8] nodename nor servname provided, or not known)"))
[2026-05-18 21:18:00] ERROR: Auto export failed with exit code 1
[2026-05-19 04:43:42] Starting auto export...
/Users/hiroshi/Library/Python/3.9/lib/python/site-packages/urllib3/__init__.py:35: NotOpenSSLWarning: urllib3 v2 only supports OpenSSL 1.1.1+, currently the 'ssl' module is compiled with 'LibreSSL 2.8.3'. See: https://github.com/urllib3/urllib3/issues/3020
  warnings.warn(
Running in AUTO mode...
Found 7 new files out of 50 total.
Skipping 2026-04-13 18:18:23 (edb15544894f4a75951777628db1b4b7) - AI processing not yet complete.
Skipping 2026-03-15 16:23:06 (f741ea39d62b8cce8461e71de8006d15) - AI processing not yet complete.
Skipping 2026-03-12 10:00:47 (f4d99481d2520131e1fe9d35142bd876) - AI processing not yet complete.
Skipping 2026-03-03 11:40:52 (5ee14a603a0eb00dc0cd014131634a49) - AI processing not yet complete.
Skipping 2026-03-02 22:55:37 (f8e768606308a898b656297de98ecdf0) - AI processing not yet complete.
Skipping 2026-03-02 18:19:41 (e2e964c6239c49aa1ac0d62fa7a9b149) - AI processing not yet complete.
Skipping 2026-02-22 03:25:10 (2091a2244a8f229875ad1e486c0de2a0) - AI processing not yet complete.
Auto mode complete.
[2026-05-19 04:43:42] Auto export completed successfully.
[2026-05-19 11:00:00] Starting auto export...
/Users/hiroshi/Library/Python/3.9/lib/python/site-packages/urllib3/__init__.py:35: NotOpenSSLWarning: urllib3 v2 only supports OpenSSL 1.1.1+, currently the 'ssl' module is compiled with 'LibreSSL 2.8.3'. See: https://github.com/urllib3/urllib3/issues/3020
  warnings.warn(
Running in AUTO mode...
Found 7 new files out of 50 total.
Skipping 2026-04-13 18:18:23 (edb15544894f4a75951777628db1b4b7) - AI processing not yet complete.
Skipping 2026-03-15 16:23:06 (f741ea39d62b8cce8461e71de8006d15) - AI processing not yet complete.
Skipping 2026-03-12 10:00:47 (f4d99481d2520131e1fe9d35142bd876) - AI processing not yet complete.
Skipping 2026-03-03 11:40:52 (5ee14a603a0eb00dc0cd014131634a49) - AI processing not yet complete.
Skipping 2026-03-02 22:55:37 (f8e768606308a898b656297de98ecdf0) - AI processing not yet complete.
Skipping 2026-03-02 18:19:41 (e2e964c6239c49aa1ac0d62fa7a9b149) - AI processing not yet complete.
Skipping 2026-02-22 03:25:10 (2091a2244a8f229875ad1e486c0de2a0) - AI processing not yet complete.
Auto mode complete.
[2026-05-19 11:00:01] Auto export completed successfully.
[2026-05-19 12:00:01] Starting auto export...
/Users/hiroshi/Library/Python/3.9/lib/python/site-packages/urllib3/__init__.py:35: NotOpenSSLWarning: urllib3 v2 only supports OpenSSL 1.1.1+, currently the 'ssl' module is compiled with 'LibreSSL 2.8.3'. See: https://github.com/urllib3/urllib3/issues/3020
  warnings.warn(
Running in AUTO mode...
Found 7 new files out of 50 total.
Skipping 2026-04-13 18:18:23 (edb15544894f4a75951777628db1b4b7) - AI processing not yet complete.
Skipping 2026-03-15 16:23:06 (f741ea39d62b8cce8461e71de8006d15) - AI processing not yet complete.
Skipping 2026-03-12 10:00:47 (f4d99481d2520131e1fe9d35142bd876) - AI processing not yet complete.
Skipping 2026-03-03 11:40:52 (5ee14a603a0eb00dc0cd014131634a49) - AI processing not yet complete.
Skipping 2026-03-02 22:55:37 (f8e768606308a898b656297de98ecdf0) - AI processing not yet complete.
Skipping 2026-03-02 18:19:41 (e2e964c6239c49aa1ac0d62fa7a9b149) - AI processing not yet complete.
Skipping 2026-02-22 03:25:10 (2091a2244a8f229875ad1e486c0de2a0) - AI processing not yet complete.
Auto mode complete.
[2026-05-19 12:00:02] Auto export completed successfully.
[2026-05-19 13:00:02] Starting auto export...
/Users/hiroshi/Library/Python/3.9/lib/python/site-packages/urllib3/__init__.py:35: NotOpenSSLWarning: urllib3 v2 only supports OpenSSL 1.1.1+, currently the 'ssl' module is compiled with 'LibreSSL 2.8.3'. See: https://github.com/urllib3/urllib3/issues/3020
  warnings.warn(
Running in AUTO mode...
Found 7 new files out of 50 total.
Skipping 2026-04-13 18:18:23 (edb15544894f4a75951777628db1b4b7) - AI processing not yet complete.
Skipping 2026-03-15 16:23:06 (f741ea39d62b8cce8461e71de8006d15) - AI processing not yet complete.
Skipping 2026-03-12 10:00:47 (f4d99481d2520131e1fe9d35142bd876) - AI processing not yet complete.
Skipping 2026-03-03 11:40:52 (5ee14a603a0eb00dc0cd014131634a49) - AI processing not yet complete.
Skipping 2026-03-02 22:55:37 (f8e768606308a898b656297de98ecdf0) - AI processing not yet complete.
Skipping 2026-03-02 18:19:41 (e2e964c6239c49aa1ac0d62fa7a9b149) - AI processing not yet complete.
Skipping 2026-02-22 03:25:10 (2091a2244a8f229875ad1e486c0de2a0) - AI processing not yet complete.
Auto mode complete.
[2026-05-19 13:00:02] Auto export completed successfully.
[2026-05-19 19:51:58] Starting auto export...
/Users/hiroshi/Library/Python/3.9/lib/python/site-packages/urllib3/__init__.py:35: NotOpenSSLWarning: urllib3 v2 only supports OpenSSL 1.1.1+, currently the 'ssl' module is compiled with 'LibreSSL 2.8.3'. See: https://github.com/urllib3/urllib3/issues/3020
  warnings.warn(
Running in AUTO mode...
Traceback (most recent call last):
  File "/Users/hiroshi/Library/Python/3.9/lib/python/site-packages/urllib3/connection.py", line 204, in _new_conn
    sock = connection.create_connection(
  File "/Users/hiroshi/Library/Python/3.9/lib/python/site-packages/urllib3/util/connection.py", line 60, in create_connection
    for res in socket.getaddrinfo(host, port, family, socket.SOCK_STREAM):
  File "/Library/Developer/CommandLineTools/Library/Frameworks/Python3.framework/Versions/3.9/lib/python3.9/socket.py", line 953, in getaddrinfo
    for res in _socket.getaddrinfo(host, port, family, type, proto, flags):
socket.gaierror: [Errno 8] nodename nor servname provided, or not known

The above exception was the direct cause of the following exception:

Traceback (most recent call last):
  File "/Users/hiroshi/Library/Python/3.9/lib/python/site-packages/urllib3/connectionpool.py", line 787, in urlopen
    response = self._make_request(
  File "/Users/hiroshi/Library/Python/3.9/lib/python/site-packages/urllib3/connectionpool.py", line 488, in _make_request
    raise new_e
  File "/Users/hiroshi/Library/Python/3.9/lib/python/site-packages/urllib3/connectionpool.py", line 464, in _make_request
    self._validate_conn(conn)
  File "/Users/hiroshi/Library/Python/3.9/lib/python/site-packages/urllib3/connectionpool.py", line 1093, in _validate_conn
    conn.connect()
  File "/Users/hiroshi/Library/Python/3.9/lib/python/site-packages/urllib3/connection.py", line 759, in connect
    self.sock = sock = self._new_conn()
  File "/Users/hiroshi/Library/Python/3.9/lib/python/site-packages/urllib3/connection.py", line 211, in _new_conn
    raise NameResolutionError(self.host, self, e) from e
urllib3.exceptions.NameResolutionError: HTTPSConnection(host='api-apne1.plaud.ai', port=443): Failed to resolve 'api-apne1.plaud.ai' ([Errno 8] nodename nor servname provided, or not known)

The above exception was the direct cause of the following exception:

Traceback (most recent call last):
  File "/Users/hiroshi/Library/Python/3.9/lib/python/site-packages/requests/adapters.py", line 644, in send
    resp = conn.urlopen(
  File "/Users/hiroshi/Library/Python/3.9/lib/python/site-packages/urllib3/connectionpool.py", line 841, in urlopen
    retries = retries.increment(
  File "/Users/hiroshi/Library/Python/3.9/lib/python/site-packages/urllib3/util/retry.py", line 519, in increment
    raise MaxRetryError(_pool, url, reason) from reason  # type: ignore[arg-type]
urllib3.exceptions.MaxRetryError: HTTPSConnectionPool(host='api-apne1.plaud.ai', port=443): Max retries exceeded with url: /file/simple/web?skip=0&limit=50&is_trash=2&sort_by=start_time&is_desc=true (Caused by NameResolutionError("HTTPSConnection(host='api-apne1.plaud.ai', port=443): Failed to resolve 'api-apne1.plaud.ai' ([Errno 8] nodename nor servname provided, or not known)"))

During handling of the above exception, another exception occurred:

Traceback (most recent call last):
  File "/Users/hiroshi/cursor/plaud_exports/plaud_export.py", line 322, in <module>
    main()
  File "/Users/hiroshi/cursor/plaud_exports/plaud_export.py", line 255, in main
    files = list_files(args.token, args.limit)
  File "/Users/hiroshi/cursor/plaud_exports/plaud_export.py", line 173, in list_files
    response = requests.get(url, headers=headers, params=params)
  File "/Users/hiroshi/Library/Python/3.9/lib/python/site-packages/requests/api.py", line 73, in get
    return request("get", url, params=params, **kwargs)
  File "/Users/hiroshi/Library/Python/3.9/lib/python/site-packages/requests/api.py", line 59, in request
    return session.request(method=method, url=url, **kwargs)
  File "/Users/hiroshi/Library/Python/3.9/lib/python/site-packages/requests/sessions.py", line 589, in request
    resp = self.send(prep, **send_kwargs)
  File "/Users/hiroshi/Library/Python/3.9/lib/python/site-packages/requests/sessions.py", line 703, in send
    r = adapter.send(request, **kwargs)
  File "/Users/hiroshi/Library/Python/3.9/lib/python/site-packages/requests/adapters.py", line 677, in send
    raise ConnectionError(e, request=request)
requests.exceptions.ConnectionError: HTTPSConnectionPool(host='api-apne1.plaud.ai', port=443): Max retries exceeded with url: /file/simple/web?skip=0&limit=50&is_trash=2&sort_by=start_time&is_desc=true (Caused by NameResolutionError("HTTPSConnection(host='api-apne1.plaud.ai', port=443): Failed to resolve 'api-apne1.plaud.ai' ([Errno 8] nodename nor servname provided, or not known)"))
[2026-05-19 19:51:58] ERROR: Auto export failed with exit code 1
[2026-05-19 22:09:47] Starting auto export...
/Users/hiroshi/Library/Python/3.9/lib/python/site-packages/urllib3/__init__.py:35: NotOpenSSLWarning: urllib3 v2 only supports OpenSSL 1.1.1+, currently the 'ssl' module is compiled with 'LibreSSL 2.8.3'. See: https://github.com/urllib3/urllib3/issues/3020
  warnings.warn(
Running in AUTO mode...
Found 7 new files out of 50 total.
Skipping 2026-04-13 18:18:23 (edb15544894f4a75951777628db1b4b7) - AI processing not yet complete.
Skipping 2026-03-15 16:23:06 (f741ea39d62b8cce8461e71de8006d15) - AI processing not yet complete.
Skipping 2026-03-12 10:00:47 (f4d99481d2520131e1fe9d35142bd876) - AI processing not yet complete.
Skipping 2026-03-03 11:40:52 (5ee14a603a0eb00dc0cd014131634a49) - AI processing not yet complete.
Skipping 2026-03-02 22:55:37 (f8e768606308a898b656297de98ecdf0) - AI processing not yet complete.
Skipping 2026-03-02 18:19:41 (e2e964c6239c49aa1ac0d62fa7a9b149) - AI processing not yet complete.
Skipping 2026-02-22 03:25:10 (2091a2244a8f229875ad1e486c0de2a0) - AI processing not yet complete.
Auto mode complete.
[2026-05-19 22:09:48] Auto export completed successfully.
[2026-05-20 10:48:46] Starting auto export...
/Users/hiroshi/Library/Python/3.9/lib/python/site-packages/urllib3/__init__.py:35: NotOpenSSLWarning: urllib3 v2 only supports OpenSSL 1.1.1+, currently the 'ssl' module is compiled with 'LibreSSL 2.8.3'. See: https://github.com/urllib3/urllib3/issues/3020
  warnings.warn(
Running in AUTO mode...
Found 7 new files out of 50 total.
Skipping 2026-04-13 18:18:23 (edb15544894f4a75951777628db1b4b7) - AI processing not yet complete.
Skipping 2026-03-15 16:23:06 (f741ea39d62b8cce8461e71de8006d15) - AI processing not yet complete.
Skipping 2026-03-12 10:00:47 (f4d99481d2520131e1fe9d35142bd876) - AI processing not yet complete.
Skipping 2026-03-03 11:40:52 (5ee14a603a0eb00dc0cd014131634a49) - AI processing not yet complete.
Skipping 2026-03-02 22:55:37 (f8e768606308a898b656297de98ecdf0) - AI processing not yet complete.
Skipping 2026-03-02 18:19:41 (e2e964c6239c49aa1ac0d62fa7a9b149) - AI processing not yet complete.
Skipping 2026-02-22 03:25:10 (2091a2244a8f229875ad1e486c0de2a0) - AI processing not yet complete.
Auto mode complete.
[2026-05-20 10:48:47] Auto export completed successfully.
[2026-05-20 11:50:09] Starting auto export...
/Users/hiroshi/Library/Python/3.9/lib/python/site-packages/urllib3/__init__.py:35: NotOpenSSLWarning: urllib3 v2 only supports OpenSSL 1.1.1+, currently the 'ssl' module is compiled with 'LibreSSL 2.8.3'. See: https://github.com/urllib3/urllib3/issues/3020
  warnings.warn(
Running in AUTO mode...
Found 7 new files out of 50 total.
Skipping 2026-04-13 18:18:23 (edb15544894f4a75951777628db1b4b7) - AI processing not yet complete.
Skipping 2026-03-15 16:23:06 (f741ea39d62b8cce8461e71de8006d15) - AI processing not yet complete.
Skipping 2026-03-12 10:00:47 (f4d99481d2520131e1fe9d35142bd876) - AI processing not yet complete.
Skipping 2026-03-03 11:40:52 (5ee14a603a0eb00dc0cd014131634a49) - AI processing not yet complete.
Skipping 2026-03-02 22:55:37 (f8e768606308a898b656297de98ecdf0) - AI processing not yet complete.
Skipping 2026-03-02 18:19:41 (e2e964c6239c49aa1ac0d62fa7a9b149) - AI processing not yet complete.
Skipping 2026-02-22 03:25:10 (2091a2244a8f229875ad1e486c0de2a0) - AI processing not yet complete.
Auto mode complete.
[2026-05-20 11:50:10] Auto export completed successfully.
